Requirement,Appropriate,Complete,Conforming,Correct,Feasible,Necessary,Singular,Unambiguous,Verifiable
Sistem ekranı her 60 saniyede bir yenilemelidir,1,1,1,1,1,1,1,1,1
Uygulama İç Güvenlik Bakanlığı tarafından belirlenen şema rengini eşleştirmelidir,1,1,1,1,1,1,1,1,0
Yansıtıldığında veri okunabilir olmalıdır. 10x10 projeksiyon ekranında izleyicilerin %90'ı 30 metre mesafeden Etkinlik/Aktivite verilerini okuyabilmelidir,1,1,1,1,1,1,0,1,1
Ürün normal mesai saatleri boyunca kullanılabilir olmalıdır. Kullanıcı istemci PC'ye erişebildiği sürece sistem ilk altı ay boyunca zamanın %99'unda kullanılabilir olacaktır,1,1,1,1,1,1,0,1,1
Yansıtıldığında veri anlaşılabilir olmalıdır. 10x10 projeksiyon ekranında izleyicilerin %90'ı 100 metre mesafeden Etkinliklerin gerçek zamanlı olduğunu anlayabilmelidir,1,1,1,1,1,1,1,1,1
Ürün yalnızca yetkili kullanıcılar tarafından erişilebilir olmalıdır. Ürün tüm erişim denemelerinde yetkili ve yetkisiz kullanıcıları ayırt edebilmelidir,1,1,1,1,1,1,0,1,0
Ürün sezgisel ve kendini açıklayıcı olmalıdır,1,0,1,1,1,1,1,0,0
Ürün ekranda güncel verileri korumak için hızlı yanıt vermelidir,1,0,1,1,1,1,1,0,0
Sistem grafik ve veri tablosunun görüntülenmesine olanak sağlayan MDI formu içermelidir,1,1,1,1,1,1,1,1,0
Sistem Etkinlikleri zamana göre dikey tabloda görüntülemelidir,1,1,1,1,1,1,1,1,0
Sistem Etkinlikleri zamana göre grafikte görüntülemelidir,1,1,1,1,1,1,1,1,0
Uyuşmazlık Sisteminde belirtilen tüm iş kuralları E Düzenlemesi ve Z Düzenlemesi yönergelerine uygun olmalıdır,1,1,1,1,1,1,1,1,0
Uyuşmazlık uygulaması kullanıcının bir uyuşmazlık vakasında yaptığı her eylemin detaylı geçmişini tutmalıdır. Bu daha sonra belirli bir uyuşmazlık vakasıyla ilgili sorular ortaya çıkarsa tam denetim izi sağlar,1,1,1,1,1,1,0,1,1
Mevcut bir uyuşmazlık vakasını değiştiren tüm eylemler vaka geçmişine kaydedilmelidir,1,1,1,1,1,1,1,1,0
Uyuşmazlık Sistemi hem iç hem de dış kullanıcılar tarafından erişilebilir olmalıdır,1,1,1,1,1,1,1,1,0
Uyuşmazlık Sistemi kullanıcıların kendi kart sahibi tabanlarına ait olmayan uyuşmazlık vakalarına erişmesini engellemelidir,1,1,1,1,1,1,1,1,0
Uyuşmazlık Sistemi kullanıcılara gerçek zamanlı yanıt veren kullanıcı arayüzü aracılığıyla uyuşmazlık vakasının doğrudan veri girişini kolaylaştırmalıdır,1,1,1,1,1,1,1,1,0
Uyuşmazlık Sistemi uyuşmazlık vakası başlatma ve takip işlemleriyle ilgili olarak farklı erişim seviyeleri sağlamalıdır,1,1,1,1,1,1,1,1,0
Uyuşmazlık Sistemi uygulamanın yetkili kullanıcıları için görüntüleme erişim yeteneği sağlamalıdır,1,1,1,1,1,1,1,1,0
Uyuşmazlık Sistemi uygulamanın yetkili kullanıcıları için güncelleme erişim yeteneği sağlamalıdır,1,1,1,1,1,1,1,1,0
Uyuşmazlık Sistemi kullanıcıların bir kullanıcı arayüzünden tartışmalı işlemleri (işlemin yaşına göre) seçmesine ve seçilen işlem üzerinde bir uyuşmazlık (fiş alma talebi veya ters ibraz bildirimi) başlatmasına izin vermelidir,1,1,1,1,1,1,0,1,0
Uyuşmazlık Sistemi kullanıcıya tek bir satıcıya ait birden fazla işlem üzerinde tek bir uyuşmazlık vakası başlatma yeteneği sağlamalıdır,1,1,1,1,1,1,1,1,0
Uyuşmazlık Sistemi kullanıcıya fiş alma talebi oluşturma veya başlatma yeteneği sağlamalıdır. Fiş alma oluşturma sürecinin bir parçası olarak sistem kullanıcıdan fiş alma talebi oluşturmak için gereken tüm bilgileri girmesini istemelidir. Fiş alma talebi bir işlemin geçerliliğini sorgulayan satıcıya gönderilen bir belgedir,1,1,1,1,1,1,0,1,0
Uyuşmazlık Sistemi kullanıcının üç benzersiz fiş alma talebi türü oluşturmasına izin vermelidir. Üç fiş alma talebi türü şunlardır (1) Orijinal fiş talebi (2) Fişin kopyası talebi veya (3) Portföy talebi. Bir portföy satış fişinden daha fazlası olan bir araç kiralama kuruluşundan alınan belgeler gibi bir satın alma kanıtı sağlayacak belgelerden oluşur,1,1,1,1,1,1,0,1,1
Uyuşmazlık Sistemi harici kullanıcıların orijinal fiş talep etmesini engellemelidir. Orijinal fiş talepleri dahili kullanıcılarla sınırlıdır,1,1,1,1,1,1,1,1,0
Uyuşmazlık Sistemi fiş alma talebi oluşturulduktan sonra kullanıcıya şu bilgileri içeren bir onay sağlamalıdır; uyuşmazlık vaka numarası talep edilen alma türü (kopya orijinal veya portföy) ve satıcı yanıtının son tarihi,1,0,1,1,1,1,1,1,1
Uyuşmazlık Sistemi kullanıcının ters ibraz talebi oluşturmasına veya başlatmasına izin vermelidir. Sistem kullanıcıdan ters ibraz talebi başlatmak için gerekli bilgileri girmesini istemelidir. Ters ibraz talebi tartışmalı işlemin geçerli olduğuna dair kanıt sağlanmazsa hesaplarının ters ibraz edileceğini belirten satıcıya gönderilen basılı bir ters ibraz bildirimiyle sonuçlanır,1,1,1,1,1,1,0,1,0
Uyuşmazlık Sistemi ters ibraz talebi oluşturulduktan sonra kullanıcıya bir onay sağlamalıdır. Onay şu bilgileri içermelidir; uyuşmazlık vaka numarası talep edilen ters ibraz türü (bekleyen veya anında) ve satıcı yanıtının son tarihi,1,0,1,1,1,1,1,1,1
Uyuşmazlık Sistemi yinelenen uyuşmazlık taleplerinin oluşturulmasını zamanın %100'ünde engellemeli,1,1,1,1,1,1,1,1,1
Uyuşmazlık Sistemi belirli bir işlem için olası neden kodlarının listesini doğru bir şekilde sağlamalıdır. Olası neden kodları listesi işlem türüne ve satıcının ait olduğu sektöre göre Uyuşmazlık Sistemi için tanımlanan iş kurallarına göre türetilmelidir,1,1,1,1,1,1,0,1,0
Uyuşmazlık Sistemi mevcut uyuşmazlık vakalarını görüntüleme yeteneği sağlamalıdır,1,1,1,1,1,1,1,1,0
Uyuşmazlık Sistemi Arama işlevselliği sağlamalıdır. Arama yöntemi şunlara göre arama yapma yeteneğini içermelidir (1) uyuşmazlık vaka numarası (2) satıcı hesap numarası (3) kart üyesi hesap numarası ve (4) düzenleyen kuruluş numarası. Yukarıdaki kriterlere ek olarak arama işlevselliği kullanıcının arama sonuçlarını bir tarih aralığı uyuşmazlık türü (fiş alma talebi veya ters ibraz bildirimi) vaka durumu (açık kapalı veya tümü) ve uyuşmazlık neden koduna göre sınırlandırmasına izin vermelidir,1,1,1,1,1,1,0,1,0
Girilen arama kriterlerini karşılayan tüm uyuşmazlık vakalarının listesi kullanıcıya sağlanmalıdır. Vaka listesi listedeki satır öğesini renk kodlayarak vakanın türünü ve/veya durumunu ayırt etmelidir. Örneğin tüm açık vakalar sarı ve tüm kapalı vakalar gri olacaktır,1,1,1,1,1,1,0,1,1
Uyuşmazlık Sistemi kullanıcılara uyuşmazlık vakasında gerçekleşen tüm faaliyetlerin geçmişini görüntüleme yeteneği sağlamalıdır,1,1,1,1,1,1,1,1,0
Uyuşmazlık Sistemi kullanıcılara takip eylemleri aracılığıyla bir uyuşmazlık vakasını takip etme yeteneği sağlamalıdır. Belirli bir uyuşmazlık vakası için kullanılabilir takip eylemlerinin listesi vakanın durumuna ve kullanıcının erişim düzeyine göre filtrelenmelidir,1,1,1,1,1,1,0,1,0
Uyuşmazlık Sistemi sistemde uyuşmazlık vakasını oluşturan veya değiştiren herhangi bir faaliyet için kullanıcının adını ve tarihi kaydetmelidir. Denetim amaçları için gerçekleştirilen eylemin tarihi ve eylemi gerçekleştiren kullanıcı dahil olmak üzere vaka üzerinde gerçekleştirilen eylemlerin ayrıntılı bir geçmişi tutulmalıdır,1,1,1,1,1,1,0,1,0
Uyuşmazlık yaşlandırma süreci gibi bir vaka üzerinde gerçekleşen herhangi bir sistematik (kullanıcı tarafından başlatılmayan) eylem için bir vaka etkinliği oluşturulacaktır. Bir sonraki oturum açmada uyuşmazlık vakasını başlatan kullanıcıya uyuşmazlık vakasında sistematik bir eylemin gerçekleştiğine dair bildirim yapılmalıdır,1,1,1,1,1,1,0,1,0
Tüm mektup talepleri Mektup Yazdırma Programı sistemi tarafından belirtilen yönergelere göre biçimlendirilmelidir,1,1,1,1,1,1,1,1,0
6 aydan fazla süredir kapatılmış olan tüm uyuşmazlık vakaları çevrimiçi uyuşmazlık veritabanından temizlenmelidir,1,1,1,1,1,1,1,1,1
Ürün Internet Explorer 5.5 ve üstünü desteklemelidir,1,1,1,1,1,1,1,1,1
Ürün Mozilla Firefox 1.0 ve üstünü desteklemelidir,1,1,1,1,1,1,1,1,1
Ürün Choice Parts Sistemi ile arayüz oluşturmalıdır. Bu geri dönüştürülmüş parça verilerinin beslemesini sağlar,1,0,1,1,1,1,0,1,0
Ürün tüm ortamlar için mevcut donanım üzerinde çalışmalıdır,1,0,1,1,1,1,1,0,0
Ürün kurumsal Mimari yönergelerine uymalıdır,1,0,1,1,1,1,1,0,0
Ürün kurumsal Kullanıcı Arayüzü Yönergelerine uymalıdır,1,1,1,1,1,1,1,1,0
Ürün kurumsal renk şemasına uymalıdır,1,1,1,1,1,1,1,1,0
Ürünün görünümü profesyonel görünmelidir,1,0,1,1,1,1,1,0,0
Yazılım ürününün Windows veya Linux platformlarında çalışması beklenmektedir,1,1,1,1,1,1,1,1,1
Ürün Eksperler ve Hasar Değerlendiricileri tarafından kullanımı kolay olmalıdır. Eksperler ve Hasar Değerlendiricilerinin %95'i ürünü kullanımı kolay bulmalıdır,1,1,1,1,1,1,0,1,1
Ürün Hasar Değerlendiricilerinin üretkenliğini artırmalıdır. Hasar Değerlendiricilerinin %80'i ürünü kullanmaya başladıktan 1 ay içinde üretkenliklerinin arttığını kabul etmelidir,1,1,1,1,1,1,1,1,1
Kullanıcılar ürünü kullanarak memnun hissetmelidir. Tüm kullanıcıların %85'i üründen memnun olacaktır,1,1,1,1,1,1,0,1,1
Ürün Eksperler ve Hasar Değerlendiricileri tarafından öğrenilmesi kolay olmalıdır. Ürün iki günlük yerinde eğitimle öğrenilecektir,1,1,1,1,1,1,0,1,1
Kullanıcı ürünü kullanırken talimatları kolayca bulabilmelidir. Kullanıcı yardımı sistemin %90'ında bulunabilir,1,1,1,1,1,1,0,1,1
Geri dönüştürülmüş parça araması 15 saniyeden uzun sürmemelidir. Arama sonuçları 15 saniyenin altında döndürülecektir,1,1,1,1,1,1,0,1,1
Tercih edilen tamir tesisi araması 8 saniyeden uzun sürmemelidir. Tercih edilen tamir tesisi 8 saniye içinde döndürülür,1,1,1,1,1,1,0,1,1
Geri dönüştürülmüş parça denetim raporu kullanıcıya 10 saniye içinde döndürülmelidir. Denetim raporu 10 saniye içinde döndürülecektir,1,1,1,1,1,1,0,1,1
Tercih edilen tamir tesisi derecelendirmeleri 5 saniye içinde kaydedilmelidir. Kaydetme 5 saniye içinde gerçekleşecektir,1,1,1,1,1,1,0,1,1
Ürün kurumsal çevrimiçi kullanılabilirlik programına uymalıdır. Uygulama yalnızca kullanılabilirlik programına göre planlanan kesintilerin %98'i dahilinde kapatılır,1,1,1,1,1,1,0,1,1
Ürün %98 çalışma süresine ulaşmalıdır. Ürün kullanılabilir çevrimiçi zamanın %2'sinden fazla başarısız olmamalıdır,1,1,1,1,1,1,0,1,1
Ürün 1500'e kadar eşzamanlı kullanıcıyı idare edebilmelidir. Sistem aynı anda 1500 kullanıcıyla performans göstermelidir,1,1,1,1,1,1,0,1,1
Günlük ortalama geri dönüştürülmüş parça kaydı sayısı 50.000 olmalıdır,1,1,1,1,1,1,1,1,1
Ürün ilk lansmanın 2 yıl içinde 10.000 eşzamanlı kullanıcıyı idare edebilmelidir,1,1,1,1,1,1,1,1,1
Değerlendiriciler için ürün tamir tesisinde kirli ve gürültülü koşullarda çalıştırılabilmelidir,1,1,1,1,1,1,1,1,0
Ürün günde bir kez yaklaşık saat 1'de ChoiceParts sistemiyle arayüz oluşturmalıdır,1,0,1,1,1,1,1,1,1
Ürünün bakımı kurulmuş kurumsal bakım pencereleri dahilinde kalacaktır,1,0,1,1,1,1,1,0,0
Ürün kurumsal destek merkezi kullanılarak desteklenmelidir,1,1,1,1,1,1,1,1,0
Ürün kurulumları ve yükseltmeleri kurulmuş başlatma zaman çerçeveleri dahilinde ara katman teknoloji ekibi tarafından yönetilmelidir,1,1,1,1,1,1,1,1,0
Yalnızca eksperler geri dönüştürülmüş parça denetim raporları talep edebilir. Eksper rolü olmayan hiçbir kullanıcı geri dönüştürülmüş parça denetimleri talep etmemelidir,1,1,1,1,1,1,0,1,0
Yalnızca süpervizör rolüne sahip eksperler tercih edilen tamir tesisi derecelendirmelerini güncelleyebilir. Süpervizör rolü olmayan kullanıcılar tamir tesisi derecelendirmelerine erişemez,1,1,1,1,1,1,0,1,0
Yalnızca hasar değerlendiricileri geri dönüştürülmüş parça araması yapabilir. Hasar değerlendiricisi rolü olmayan kullanıcılar geri dönüştürülmüş parça aramaya erişemez,1,1,1,1,1,1,0,1,0
Sisteme yalnızca geçerli veri girilmelidir. Sisteme geçersiz veri girilmemelidir,1,1,1,1,1,1,0,1,0
Bir sigorta şirketi başka bir sigorta şirketinin hasar verilerini görüntüleyememeli,1,1,1,1,1,1,1,1,0
Ürün bilgisayar virüslerinden arınmış olmalıdır,1,0,1,1,1,1,1,0,0
Sistem hizmet reddi dahil kötü amaçlı saldırıları engellemelidir,1,1,1,1,1,1,1,1,0
Ürün Sarbanes-Oxley'e uymalıdır,1,1,1,1,1,1,1,1,0
Ürün geri dönüştürülmüş parça kullanımıyla ilgili tahmin yasalarına uymalıdır,1,1,1,1,1,1,1,1,0
Ürün hasar işlemeyle ilgili sigorta düzenlemelerine uymalıdır,1,1,1,1,1,1,1,1,0
Kullanıcı araç araç konumu ve mil cinsinden yarıçap kullanarak tercih edilen tamir tesisini aramalıdır,1,1,1,1,1,1,1,1,0
Araç verileri araç yılı marka ve modeli içermelidir,1,1,1,1,1,1,1,1,0
Araç konumu sokak adresi şehir eyalet ve posta kodu içermelidir,1,1,1,1,1,1,1,1,0
Posta kodu bilinmiyorsa sistem sokak adresi şehir ve eyalet için posta kodunu çözmelidir,1,1,1,1,1,1,1,1,0
Arama yarıçapı 1 ile 30 mil arasında olmalıdır,1,1,1,1,1,1,1,1,1
Sistem girdi kriterleri için en yüksek derecelendirmeye sahip tercih edilen tamir tesisini bulmalıdır,1,1,1,1,1,1,1,1,0
Eksper tahmin atamasına tercih edilen tamir tesisini girmelidir,1,1,1,1,1,1,1,1,0
Eksper tahmin atamasında tercih edilen tamir tesisini geçersiz kılabilmelidir,1,1,1,1,1,1,1,1,0
Tercih edilen tamir tesisi kullanıcıya döndürülmelidir,1,1,1,1,1,1,1,1,0
Tercih edilen tamir tesisi belirlenemezse sistem yarıçap içindeki tamir tesislerinin listesini döndürmelidir,1,1,1,1,1,1,1,1,0
Değerlendirici hasarlı araç parça bilgilerini kullanarak mevcut geri dönüştürülmüş parçaları aramalıdır,1,1,1,1,1,1,1,1,0
Değerlendirici tercih edilen parça tedarikçileri listesini kullanarak mevcut geri dönüştürülmüş parçaları aramalıdır,1,1,1,1,1,1,1,1,0
Sistem sağlanan araç parçaları ve tedarikçiler için mevcut geri dönüştürülmüş parçaları aramalıdır,1,1,1,1,1,1,1,1,0
Tercih edilen parça tedarikçileri için parça bulunamazsa değerlendirici 30 mil yarıçapında posta koduna göre arama yapmalıdır,1,1,1,1,1,1,1,1,0
Sistem aramadan döndürülen mevcut geri dönüştürülmüş parçaları ve tedarikçileri saklamalıdır,1,1,1,1,1,1,1,1,0
Mevcut geri dönüştürülmüş parça bilgileri ve tedarikçileri kullanıcıya döndürülmelidir,1,1,1,1,1,1,1,1,0
Değerlendirici seçilen geri dönüştürülmüş parçaları çarpışma tahminine uygulamalıdır,1,1,1,1,1,1,1,1,0
Kullanılabilir parça döndürülmezse değerlendirici geri dönüştürülmüş parçaları çarpışma tahminine uygulamamalıdır,1,1,1,1,1,1,1,1,0
Eksper çarpışma tahminini gözden geçirmelidir,1,1,1,1,1,1,1,1,0
Eksper çarpışma tahmininin geri dönüştürülmüş parça denetimi talep etmelidir,1,1,1,1,1,1,1,1,0
Değerlendiriciye sağlanan geri dönüştürülmüş parça arama sonuçları sistem tarafından alınmalıdır,1,1,1,1,1,1,1,1,0
Sistem mevcut geri dönüştürülmüş parçalar ve çarpışma tahminine dayalı bir denetim raporu oluşturmalıdır,1,1,1,1,1,1,1,1,0
Denetim raporu tahminde kullanılan geri dönüştürülmüş parçaların toplam sayısını içermelidir,1,1,1,1,1,1,1,1,0
Denetim raporu orijinal arama sonuçlarından mevcut geri dönüştürülmüş parça sayısını içermelidir,1,1,1,1,1,1,1,1,0
Denetim raporu tahminde kullanılan mevcut geri dönüştürülmüş parçaların yüzdesini içermelidir,1,1,1,1,1,1,1,1,0
Denetim raporu bireysel satır öğelerini toplayan denetimin toplam puanını içermelidir,1,1,1,1,1,1,1,1,0
Denetim raporu kullanıcıya görüntülenmelidir,1,1,1,1,1,1,1,1,0
Denetim raporu daha sonraki zamanlarda diğer eksperlere sunulmalıdır,1,1,1,1,1,1,1,1,0
Kullanıcı tercih edilen tamir tesisi derecelendirmelerini görüntülemeyi seçmelidir,1,1,1,1,1,1,1,1,0
Mevcut tamir tesisi derecelendirmeleri kullanıcıya görüntülenmelidir,1,1,1,1,1,1,1,1,0
Henüz tanımlanmış derecelendirmeler yoksa sistem boş bir derecelendirme seti görüntüleyecektir,1,1,1,1,1,1,1,1,0
Kullanıcı denetim raporuna dayalı yeni derecelendirmeler girmelidir,1,1,1,1,1,1,1,1,0
Derecelendirmeler 1-10 ölçeğinde olmalıdır,1,1,1,1,1,1,1,1,1
Derecelendirmeler geri dönüştürülmüş parça kullanma girişimi ve geri dönüştürülmüş parça fiili kullanımı kategorilerini içermelidir,1,1,1,1,1,1,1,1,0
Kullanıcı tercih edilen tamir tesisi derecelendirmelerini kaydetmeyi seçmelidir,1,1,1,1,1,1,1,1,0
Tercih edilen tamir tesisi derecelendirmeleri sistem tarafından kaydedilmelidir,1,1,1,1,1,1,1,1,0
Ürün piyasadaki çoğu veritabanı yönetim sistemiyle (DBMS) çalışmalıdır. DBMS ürünle aynı makinede birlikte bulunsa veya bilgisayar ağındaki farklı bir makinede bulunsa da çalışmalıdır,1,1,1,1,1,1,0,1,0
Ürün Java çalışma zamanının kurulabileceği herhangi bir işletim sisteminde sunucu yazılımının yanında çalışacaktır,1,1,1,1,1,1,1,1,0
Ürün bir veritabanı yönetim sistemiyle (DBMS) işbirliği gerektirecektir. DBMS ürünle aynı makinede veya aynı bilgisayar ağında bulunan ayrı bir makinede bulunabilir,1,1,1,1,1,1,0,1,0
Ürün web/uygulama sunucusu teknolojisinden yararlanmalıdır. Açık kaynak örnekleri Apache web sunucusu Tomcat ve JBoss uygulama sunucusunu içerir,1,1,1,1,1,1,1,1,0
Oracle DB2 MySql veya HSQL gibi bir veritabanı yönetim sisteminin ürünle entegre edilmesi gerekecektir,1,1,1,1,1,1,1,1,0
Ürünün Görünüm ve Hissi müşterinin organizasyonunun logo marka ve kimlik gibi yönlerini içerebilmelidir,1,1,1,1,1,1,1,1,0
Ürün muhafazakar ve profesyonel bir görünüme sahip olmalıdır,1,0,1,1,1,1,1,0,0
Ürün kullanıcıların onu kullanmak istemesini sağlamalıdır. Anket yapılan kullanıcıların %80'i lansmanın ilk 2 haftası sonrasında ürünü düzenli olarak kullandıklarını bildiriyor,1,1,1,1,1,1,0,1,1
Ürün kullanımı kolay olmalıdır. Kullanıcıların %90'ı ürün kullanımının 5 dakikası içinde başarılı bir şekilde toplantı odası rezervasyonu yapabilecektir,1,1,1,1,1,1,0,1,1
Ürün gerektiğinde kullanıcılara geri bildirim vermelidir. Anket yapılan kullanıcıların %80'i ürünün eylemlerini doğru bir şekilde onayladığını bildirmektedir,1,1,1,1,1,1,0,1,1
Ürün kullanıcının hedef pazar ülkelerinden birinin seçilen dilini seçmesine izin vermelidir,1,1,1,1,1,1,1,1,0
Ürün başlangıç sayfası ve görünüm tercihlerinin özelleştirilmesine izin vermelidir,1,1,1,1,1,1,1,1,0
Bir çalışan birkaç dakika içinde ürünü başarıyla kullanabilecektir. Ürünü 15 dakikadan az gayri resmi olarak gezindikten sonra kullanıcılar toplantı kurabilmeli ve toplantı odası rezerve edebilmelidir,1,1,1,1,1,1,0,1,1
Ürün çoğu web kullanıcısına tanıdık standart bir gezinme menüsü kullanmalıdır,1,1,1,1,1,1,1,1,0
Ürün mevcut toplantı odalarının sezgisel aramasına izin vermelidir,1,0,1,1,1,1,1,0,0
Ürün Amerikalılar Engelliler Yasası'na uymalıdır,1,1,1,1,1,1,1,1,0
Yanıt kullanıcının düşünce akışını kesintiye uğratmayacak kadar hızlı olmalıdır. Görevlerin %90'ı 5 saniye içinde tamamlanmalıdır. Görevlerin %98'i 8 saniye içinde tamamlanmalıdır,1,1,1,1,1,1,0,1,1
Sunucu arızası dışında yazılım ürünü %99.99 çalışma süresine ulaşmalıdır,1,1,1,1,1,1,1,1,1
Ürün analiz ve çözüm için şirketimize iletilmek üzere üründe karşılaşılan sorunların istisna günlüğünü oluşturmalıdır,1,1,1,1,1,1,1,1,0
Ürün 1.000'e kadar eşzamanlı isteği işleyebilmelidir. Bu sayı Sürüm 2'de 2.000'e çıkacaktır. Eşzamanlılık kapasitesi sabah erken ve öğleden sonra geç saatler gibi yoğun planlama zamanlarını idare edebilmelidir,1,1,1,1,1,1,0,1,1
Ürün lansmanının iki yıl içinde saatte 10.000 işlemi işleyebilmelidir. Bu sayı Sürüm 2'de 20.000'e çıkacaktır,1,1,1,1,1,1,0,1,1
Ürünün her müşteri kurulumu için en az 5 yıl çalışması beklenmelidir,1,1,1,1,1,1,1,1,1
Ürün ofis ortamlarında kullanılacaktır,1,1,1,1,1,1,1,1,0
Ürün herhangi bir HTML tarayıcısıyla arayüz oluşturabilmelidir. Ürün kullanıcı ve ürün arasında sorunsuz veri iletmelidir. Ürün test edilen tüm HTML tarayıcılarının %80'inde HTML'yi düzgün şekilde görüntülemelidir (minimum 8 tarayıcı test edilmelidir),1,1,1,1,1,1,0,1,1
Ürün çeşitli veritabanı yönetim sistemleriyle arayüz oluşturabilmelidir. Ürün tüm işlemlerin %100'ünde veritabanı yönetim sistemiyle başarıyla iletişim kurmalıdır,1,1,1,1,1,1,0,1,1
Ürün çeşitli e-posta sunucularıyla arayüz oluşturabilmelidir. Ürün e-posta gönderebilmelidir,1,1,1,1,1,1,0,1,0
Ürün İnternet üzerinden ikili veya ZIP dosyası olarak dağıtıma sunulmalıdır,1,1,1,1,1,1,1,1,0
Ürün paketli CD olarak dağıtıma sunulmalıdır,1,1,1,1,1,1,1,1,0
Ürün tek sunuculu iki-beş sunuculu veya beş-veya-daha-fazla sunuculu lisans olarak lisanslanabilir olacaktır,1,1,1,1,1,1,1,1,0
Yeni bir kullanıcı 10 dakika içinde sisteme eklenebilmelidir. Yeni kullanıcıların %90'ı 10 dakika içinde sisteme giriş yapabilmektedir,1,1,1,1,1,1,0,1,1
Ürün Tasarım Desenleri ve kodlama en iyi uygulamaları kullanılarak tasarlanmalıdır. Bakım yazılım geliştiricilerinin %90'ı 2 iş günü içinde ürüne yeni işlevsellik entegre edebilmektedir,1,1,1,1,1,1,0,1,1
Ürün son kullanıcılar için çeşitli veritabanı yönetim sistemleriyle kullanım için yüksek düzeyde yapılandırılabilir olmalıdır. Son kullanıcıların %80'i ürünün yazılım kodunu değiştirmeden yeni veritabanı yönetim sistemlerini ürünle entegre edebilmektedir,1,1,1,1,1,1,0,1,1
Bakım sürümleri müşterilere yılda bir kez sunulacaktır. Sürümlerin kurulumu müşteri tabanının %80'i için 5 dakikadan uzun sürmemelidir,1,1,1,1,1,1,0,1,1
Kayıtlı her kullanıcı İnternet üzerinden ürünün destek sitesine erişebilecektir. Kayıtlı kullanıcıların %70'i destek sitesini kullanmanın 5 dakikası içinde sorunlarına çözüm bulmalıdır,1,1,1,1,1,1,0,1,1
Müşteri ürünün yaşam döngüsü boyunca yeni bina haritalarını ürünle kolayca entegre edebilmelidir. Yeni haritaların ürünle entegrasyonu ürün destek personelinden çok az veya hiç destek almadan mümkün olmalıdır,1,1,1,1,1,1,0,1,0
Ürün gelecekteki sürümlerde hedef pazar ülkeleri dillerinin dışındaki yabancı dillere çevrilmelidir. Her gelişmekte olan hedef pazar için ürünü o pazarın dili için yapılandırmak en fazla 5 gün sürmelidir,1,1,1,1,1,1,0,1,1
Ürünün birden fazla veritabanı yönetim sistemiyle entegre olması beklenmektedir. Ürün Oracle SQL Server DB2 MySQL HSQL ve MS Access ile çalışacaktır,1,1,1,1,1,1,0,1,1
Ürün herhangi bir işletim ortamına 2 gün içinde kurulabilmelidir,1,1,1,1,1,1,1,1,1
Ürün yalnızca şirket çalışanlarının veya şirket onaylı kullanıcı kimliklerine sahip harici kullanıcıların ürüne erişebilmesini sağlamalıdır. Tüm oturum açmaların %100'ü şirket çalışanları veya şirket onaylı kullanıcı kimliklerine sahip harici kullanıcılar tarafından olmalıdır,1,1,1,1,1,1,0,1,1
Yalnızca yöneticiler kullanıcıya göre rezervasyonlar için arama sorguları gerçekleştirebilir. Kullanıcıya göre rezervasyonlar için tüm arama sorgularının %100'ü yalnızca yönetim oturum açmalarından olmalıdır,1,1,1,1,1,1,0,1,1
Ürün veritabanının verilerinin kullanıcı tarafından girilen verilere karşılık gelmesini sağlamalıdır. Sistemdeki her toplantı odası rezervasyonu kullanıcı tarafından girilen bilgilerle aynı bilgileri içerecektir,1,1,1,1,1,1,0,1,1
Ürün kötü amaçlı veri girişini engellemelidir. Ürüne her kötü amaçlı veri girişi yapıldığında ürün ve/veya bitişik donanım/yazılım sistemleri verileri %100 bozulmamış kalacaktır,1,1,1,1,1,1,0,1,1
Ürün ve/veya bağımlı veritabanları/dosya sistemleri kötü amaçlı veri girişi sonucunda çalışır durumda kalmalıdır. Ürüne kötü amaçlı veri girişi yapılan zamanın %100'ünde ürün ve/veya bağımlı veritabanları/dosya sistemleri çökmemelidir,1,1,1,1,1,1,0,1,1
Ürün yeni tehditler ortaya çıktıkça otomatik yazılım güncellemeleri alma yeteneğine sahip olmalıdır. Müşterilerin %100'ü kurulu ürüne iletilen otomatik yazılım güncellemelerini alabilecektir,1,1,1,1,1,1,0,1,1
Ürünün dili tüm hedef pazar ülkelerini karşılamalıdır. Her hedef pazar ülkesinden anket katılımcılarının %90'ı ürünün dilinin kabul edilebilir olduğunu bulacaktır,1,1,1,1,1,1,1,1,1
Ürün takvim tarihlerini ve saatlerini kullanıcının yerel ayarına göre görüntüleyebilmelidir. Her hedef pazar ülkesinden anket katılımcılarının %90'ı ürünün tarih ve saat biçimlendirmesinin doğru olduğunu bulacaktır,1,1,1,1,1,1,1,1,1
Ürün J2SE/J2EE programlama dili kütüphaneleriyle geliştirilmelidir,1,1,1,1,1,1,1,1,0
Ürün toplantı girişlerini kaydetmelidir,1,1,1,1,1,1,1,1,0
Ürün çalışanları toplantı davetleri hakkında bilgilendirecektir,1,1,1,1,1,1,1,1,0
Ürün çalışanlara toplantı hatırlatıcıları gönderme yeteneğine sahip olmalıdır,1,1,1,1,1,1,1,1,0
Ürün organizatörün iletişim bilgilerini oluşturdukları her toplantıya atamalıdır,1,1,1,1,1,1,1,1,0
Ürün toplantı onaylarını kaydedecektir,1,1,1,1,1,1,1,1,0
Ürün yeni toplantı odalarını depolamalıdır,1,1,1,1,1,1,1,1,0
Ürün mevcut toplantı odalarını güncellemelidir,1,1,1,1,1,1,1,1,0
Ürün toplantı odalarını silebilecektir,1,1,1,1,1,1,1,1,0
Ürün yeni oda ekipmanı depolayabilmelidir,1,1,1,1,1,1,1,1,0
Ürün mevcut oda ekipmanını güncelleyecektir,1,1,1,1,1,1,1,1,0
Ürün oda ekipmanını silebilmelidir,1,1,1,1,1,1,1,1,0
Ürün bir organizatörün diğer çalışanları toplantılara davet etmesine izin vermelidir,1,1,1,1,1,1,1,1,0
Her toplantı odası rezerve edildiğinde toplantı odası programı rezervasyonun saatini ve tarihini yansıtacak şekilde güncellenmelidir,1,1,1,1,1,1,1,1,0
Ürün rezerve edilen ekipmanın nakliye durumunu kaydetmelidir,1,1,1,1,1,1,1,1,0
Ürün toplantı odası konumlarını gösteren şirket binasının haritasını görüntülemelidir,1,1,1,1,1,1,1,1,0
Ürün güncellenmiş toplantı gündemlerini kaydetmelidir,1,1,1,1,1,1,1,1,0
Ürün toplantı organizatörüne bir toplantı onayı göndermelidir,1,1,1,1,1,1,1,1,0
Ürün arama parametrelerine göre oda ekipmanını görüntülemelidir,1,1,1,1,1,1,1,1,0
Ürün arama parametrelerine göre toplantı odalarını görüntülemelidir,1,1,1,1,1,1,1,1,0
Ürün farklı toplantı türlerini kaydetmelidir,1,1,1,1,1,1,1,1,0
Ürün rezerve edilmiş tüm ekipmanı kaydetmelidir,1,1,1,1,1,1,1,1,0
Ürün bina personelini ekipman taşıma talepleri hakkında bilgilendirmelidir,1,1,1,1,1,1,1,1,0
Ürün ayrıcalıklı kullanıcıların toplantı programlarını birden fazla raporlama görünümünde görmesine izin verecektir,1,1,1,1,1,1,1,1,0
Ürün farklı son kullanıcı belirtilen yöntemler aracılığıyla toplantı bildirimleri gönderebilmelidir,1,1,1,1,1,1,1,1,0
Ürün özelleştirilebilir bir Görünüm ve Hisse sahip olmalıdır,1,0,1,1,1,1,1,0,0
Ürün sezgisel bir kullanıcı arayüzüne sahip olmalıdır,1,0,1,1,1,1,1,0,0
Ürün rezerve edilmemiş toplantı odaları için müsait durumu görüntüleyecektir,1,1,1,1,1,1,1,1,0
Önceki 30 günlük dönem için Envanter Miktarı Ayarlamasının yeniden oluşturulması en fazla 30 dakika sürmelidir,1,1,1,1,1,1,1,1,1
Sistem aynı anda çalışacak minimum 6 kullanıcıya izin vermelidir,1,1,1,1,1,1,1,1,1
Sistem şu anda sahip olunan bilgisayar ekipmanını kullanmalıdır,1,1,1,1,1,1,1,1,0
Sistem iş verilerini otomatik olarak yedekleyebilmeli ve talep üzerine geri yükleyebilmelidir,1,1,1,1,1,1,1,1,0
Sistem tutarlı güvenliği korumalıdır. Kullanıcı parolalarında ve/veya izinlerde yapılan değişiklikler Sistemin tüm bölümlerinde etkili olmalıdır,1,1,1,1,1,1,0,1,0
Sistem tüm ana alt sistemlere erişim haklarını ayrıntılı olarak kontrol etmelidir. Tüm alt sistemlere bağımsız olarak erişim hakları atanabilmeli,1,1,1,1,1,1,0,1,0
Sistem geçerli tüm muhasebe standartlarını karşılamalıdır. Sistemin nihai sürümü sertifikalı bir denetçi tarafından gerçekleştirilen bağımsız denetimi başarıyla geçmelidir,1,1,1,1,1,1,0,1,1
Sistem telif ücreti ile sonuçlanan ek üçüncü taraf lisansları gerektirmemelidir,1,1,1,1,1,1,1,1,0
Sistem talep üzerine Envanter Miktarı Ayarlama belgelerinin oluşturulmasına izin vermelidir,1,1,1,1,1,1,1,1,0
Sistem belirli bir zamandan bu yana tüm Envanter Miktarı Ayarlama belgelerinin talep üzerine oluşturulmasına izin vermelidir,1,1,1,1,1,1,1,1,0
IQA alt sistemi mevcut envanter durumunu dikkate almalı ve ikame malzemelerin envanterini buna göre ayarlamalıdır,1,1,1,1,1,1,1,1,0
Sistem ürün formüllerinin girilmesine depolanmasına ve değiştirilmesine izin vermelidir,1,1,1,1,1,1,1,1,0
Ürün formülleri kendi formüllerine sahip yarı ürünlerin kullanılmasına izin vermelidir,1,1,1,1,1,1,1,1,0
Aşağıdaki tarayıcılarla arayüz oluşturabilmeliyiz,1,0,1,1,1,1,1,1,0
Web sitesi kredi kartı işlemlerini işlemek için CyberSource API ile arayüz oluşturmalıdır,1,1,1,1,1,1,1,1,0
Web sitesi MSN TV2 ile tamamen çalışır durumda olmalıdır,1,1,1,1,1,1,1,1,0
Filmler Windows Media Player 9.0 aracılığıyla kodlanmalı ve akış yapılmalıdır,1,1,1,1,1,1,1,1,1
Filmler 56k ve 256k akışları için kodlanmalıdır,1,1,1,1,1,1,1,1,1
Web sitesine promosyon güncellemeleri güncellemek bir gün sürmelidir,1,1,1,1,1,1,1,1,1
Izogn Yöneticisi web sitesindeki kategori listelerini 2 dakika içinde güncelleyebilmelidir,1,1,1,1,1,1,1,1,1
Izogn Yöneticisi web sitesine 2 dakika içinde yeni ürünler ekleyebilmelidir,1,1,1,1,1,1,1,1,1
Sistem müşterilerine destek için 24 saat 800 ücretsiz numarası sağlayacaktır,1,1,1,1,1,1,1,1,0
Web sitesi yaygın sorunlara yanıtlar ve çözümler içeren bir yardım bölümü sağlayacaktır,1,1,1,1,1,1,1,1,0
Velkat personeli Izogn yöneticilerine teknik destek sağlamak için Pazartesi-Cuma 07:00-19:00 arası telefon desteği için hazır olacaktır,1,1,1,1,1,1,1,1,1
Ürün belirtilen ortama 1 iş günü içinde kurulabilmelidir,1,1,1,1,1,1,1,1,1
Yalnızca kayıtlı müşteriler akış filmleri satın alabilir,1,1,1,1,1,1,1,1,0
Müşteri yalnızca satın aldığı ve 2 günlük görüntüleme süresi içindeyse bir filmi akış yapabilir,1,1,1,1,1,1,0,1,1
Yalnızca yetkili personel veritabanındaki müşteri kayıtlarına erişebilir,1,1,1,1,1,1,1,1,0
Yalnızca yöneticiler ön ödemeli bir kartı etkinleştirebilir,1,1,1,1,1,1,1,1,0
Yalnızca yetkili personel satış bilgilerine erişebilir,1,1,1,1,1,1,1,1,0
Web sitesi yanlış veri girildiğinde verilerinin bozulmasını engelleyecektir,1,1,1,1,1,1,1,1,0
Web sitesi kendini kasıtlı kötüye kullanımdan koruyacak ve tüm olaylarda yöneticiyi bilgilendirecektir,1,1,1,1,1,1,0,1,0
Veri bütünlüğü komut dosyaları veritabanının bütünlüğünü doğrulamak için haftalık olarak çalıştırılacaktır,1,1,1,1,1,1,1,1,0
Web sitesi onlardan veri toplamadan önce kullanıcısını web sitesinin tüm sayfalarında erişilebilir bir Gizlilik Politikası aracılığıyla bilgi uygulamalarından haberdar edecektir,1,1,1,1,1,1,1,1,0
Sistem müşterileri bilgi politikasındaki değişiklikler hakkında bilgilendirecektir,1,1,1,1,1,1,1,1,0
Sistem özel bilgileri yalnızca kuruluşun bilgi politikasına uygun olarak açıklayacaktır,1,1,1,1,1,1,1,1,0
Tüm müşteri bilgileri yalnızca yetkili personelin erişebildiği güvenli bir veritabanında saklanacaktır,1,1,1,1,1,1,1,1,0
Tüm kredi kartı bilgileri veritabanında şifrelenecektir,1,1,1,1,1,1,1,1,0
Akış sunucusu kötü amaçlı virüs bulaşmasını önlemek için antivirüs yazılımına sahip olacaktır,1,1,1,1,1,1,1,1,0
Web sitesi Nijerya'daki tüm kabilelere hitap etmelidir,1,0,1,1,1,1,1,0,0
Web sitesi dini veya etnik gruplara saldırgan olmamalıdır,1,1,1,1,1,1,1,1,0
Web sitesi sadece Nijeryalılara değil tüm Afrikalılara hitap etmelidir,1,0,1,1,1,1,1,0,0
Web sitesi ana sayfada animasyon sağlamak için Flash kullanmalıdır,1,1,1,1,1,1,1,1,0
IzognMovies Afrika filmlerini akış yapmak için ilgili kuruluşlar tarafından belirlenen lisanslama gerekliliklerini karşılamalıdır,1,1,1,1,1,1,1,1,0
Web sitesi W3C standartlarına uygun olacaktır,1,1,1,1,1,1,1,1,0
PHP kodu PEAR standartlarına uygun olacaktır,1,1,1,1,1,1,1,1,0
Web sitesi müşterilerin filmleri başlık aktör veya yönetmene göre aramasına izin verecektir,1,1,1,1,1,1,1,1,0
Film detaylarını görüntülerken web sitesi yönetici tarafından girilen filmin açıklamasını aktörünü ve yönetmenini görüntüleyecektir,1,1,1,1,1,1,1,1,0
Web sitesi kullanıcının bir filmi akış yapmasına izin vermeden önce kredi kartı ödemesi talep edecek ve yetkilendirecektir,1,1,1,1,1,1,1,1,0
Satın alınan filmi satın alma tarihinden sonra 2 güne kadar Windows Media Player aracılığıyla akış yapabilecektir,1,0,1,1,1,1,1,1,1
Web sitesi müşterilerin Izogn yöneticisi tarafından girilen kategorilere göre filmlere göz atmasına izin verecektir,1,1,1,1,1,1,1,1,0
Web sitesi müşterilerin seçilen filmler hakkında diğer müşteriler tarafından yapılan incelemeleri görüntülemesine izin verecektir,1,1,1,1,1,1,1,1,0
Web sitesi müşterilerin seçilen bir film için kendi film incelemelerini eklemesine izin verecektir,1,1,1,1,1,1,1,1,0
Web sitesi Izogn yöneticisinin bir müşteri tarafından yayınlanan bir incelemeyi onaylamasına izin verecektir,1,1,1,1,1,1,1,1,0
Sistem müşterilerin ön ödemeli kartla akış filmi için ödeme yapmasına izin verecektir,1,1,1,1,1,1,1,1,0
Web sitesi müşterilerin kredi kartı veya posta ile ödeme seçeneğiyle 5 10 veya 20 dolar değerinde ön ödemeli kartlar satın almasına izin verecektir,1,1,1,1,1,1,1,1,0
Sistem her Cuma web sitesinin ana sayfasını otomatik olarak güncelleyecek ve web sitesine eklenmiş en son 4 filmi gösterecektir,1,1,1,1,1,1,1,1,1
Sistem kullanıcıların web sitesinin Hesabım bölümü aracılığıyla fatura ve iletişim bilgilerini güncellemesine izin verecektir,1,1,1,1,1,1,1,1,0
Ön ödemeli kartlar e-posta veya basılı kağıt kart ile dağıtılacaktır,1,1,1,1,1,1,1,1,0
Yalnızca kayıtlı müşteriler akış filmleri satın alabilir,1,1,1,1,1,1,1,1,0
Filmler yalnızca müşteri bir film satın aldıysa ve filmi akış yapmak için 2 günlük süre içindeyse akış yapılabilir,1,1,1,1,1,1,0,1,1
Web sitesi Izogn Yöneticisi tarafından ayarlanan çeşitli parametrelerle ücretsiz deneme dönemlerini destekleyebilmelidir,1,1,1,1,1,1,1,1,0
Tüm akış filmi satışları veritabanına kaydedilecek ve yönetici tarafından erişilebilir olacaktır,1,1,1,1,1,1,1,1,0
Aşağıdaki tarayıcılarla arayüz oluşturabilmeliyiz,1,0,1,1,1,1,1,1,0
Web sitesi kredi kartı işlemlerini işlemek için CyberSource API ile arayüz oluşturmalıdır,1,1,1,1,1,1,1,1,0
Web sitesi MSN TV2 ile tamamen çalışır durumda olmalıdır,1,1,1,1,1,1,1,1,0
Filmler Windows Media Player 9.0 aracılığıyla kodlanmalı ve akış yapılmalıdır,1,1,1,1,1,1,1,1,1
Filmler 56k ve 256k akışları için kodlanmalıdır,1,1,1,1,1,1,1,1,1
Web sitesine promosyon güncellemeleri güncellemek bir gün sürmelidir,1,1,1,1,1,1,1,1,1
Izogn Yöneticisi web sitesindeki kategori listelerini 2 dakika içinde güncelleyebilmelidir,1,1,1,1,1,1,1,1,1
Izogn Yöneticisi web sitesine 2 dakika içinde yeni ürünler ekleyebilmelidir,1,1,1,1,1,1,1,1,1
Sistem müşterilerine destek için 24 saat 800 ücretsiz numarası sağlayacaktır,1,1,1,1,1,1,1,1,0
Web sitesi yaygın sorunlara yanıtlar ve çözümler içeren bir yardım bölümü sağlayacaktır,1,1,1,1,1,1,1,1,0
Velkat personeli Izogn yöneticilerine teknik destek sağlamak için Pazartesi-Cuma 07:00-19:00 arası telefon desteği için hazır olacaktır,1,1,1,1,1,1,1,1,1
Ürün belirtilen ortama 1 iş günü içinde kurulabilmelidir,1,1,1,1,1,1,1,1,1
Yalnızca kayıtlı müşteriler akış filmleri satın alabilir,1,1,1,1,1,1,1,1,0
Müşteri yalnızca satın aldığı ve 2 günlük görüntüleme süresi içindeyse bir filmi akış yapabilir,1,1,1,1,1,1,0,1,1
Yalnızca yetkili personel veritabanındaki müşteri kayıtlarına erişebilir,1,1,1,1,1,1,1,1,0
Yalnızca yöneticiler ön ödemeli bir kartı etkinleştirebilir,1,1,1,1,1,1,1,1,0
Yalnızca yetkili personel satış bilgilerine erişebilir,1,1,1,1,1,1,1,1,0
Web sitesi yanlış veri girildiğinde verilerinin bozulmasını engelleyecektir,1,1,1,1,1,1,1,1,0
Web sitesi kendini kasıtlı kötüye kullanımdan koruyacak ve tüm olaylarda yöneticiyi bilgilendirecektir,1,1,1,1,1,1,0,1,0
Veri bütünlüğü komut dosyaları veritabanının bütünlüğünü doğrulamak için haftalık olarak çalıştırılacaktır,1,1,1,1,1,1,1,1,0
Web sitesi onlardan veri toplamadan önce kullanıcısını web sitesinin tüm sayfalarında erişilebilir bir Gizlilik Politikası aracılığıyla bilgi uygulamalarından haberdar edecektir,1,1,1,1,1,1,1,1,0
Sistem müşterileri bilgi politikasındaki değişiklikler hakkında bilgilendirecektir,1,1,1,1,1,1,1,1,0
Sistem özel bilgileri yalnızca kuruluşun bilgi politikasına uygun olarak açıklayacaktır,1,1,1,1,1,1,1,1,0
Tüm müşteri bilgileri yalnızca yetkili personelin erişebildiği güvenli bir veritabanında saklanacaktır,1,1,1,1,1,1,1,1,0
Tüm kredi kartı bilgileri veritabanında şifrelenecektir,1,1,1,1,1,1,1,1,0
Akış sunucusu kötü amaçlı virüs bulaşmasını önlemek için antivirüs yazılımına sahip olacaktır,1,1,1,1,1,1,1,1,0
Web sitesi Nijerya'daki tüm kabilelere hitap etmelidir,1,0,1,1,1,1,1,0,0
Web sitesi dini veya etnik gruplara saldırgan olmamalıdır,1,1,1,1,1,1,1,1,0
Web sitesi sadece Nijeryalılara değil tüm Afrikalılara hitap etmelidir,1,0,1,1,1,1,1,0,0
Web sitesi ana sayfada animasyon sağlamak için Flash kullanmalıdır,1,1,1,1,1,1,1,1,0
IzognMovies Afrika filmlerini akış yapmak için ilgili kuruluşlar tarafından belirlenen lisanslama gerekliliklerini karşılamalıdır,1,1,1,1,1,1,1,1,0
Web sitesi W3C standartlarına uygun olacaktır,1,1,1,1,1,1,1,1,0
PHP kodu PEAR standartlarına uygun olacaktır,1,1,1,1,1,1,1,1,0
Web sitesi müşterilerin filmleri başlık aktör veya yönetmene göre aramasına izin verecektir,1,1,1,1,1,1,1,1,0
Film detaylarını görüntülerken web sitesi yönetici tarafından girilen filmin açıklamasını aktörünü ve yönetmenini görüntüleyecektir,1,1,1,1,1,1,1,1,0
Web sitesi kullanıcının bir filmi akış yapmasına izin vermeden önce kredi kartı ödemesi talep edecek ve yetkilendirecektir,1,1,1,1,1,1,1,1,0
Satın alınan filmi satın alma tarihinden sonra 2 güne kadar Windows Media Player aracılığıyla akış yapabilecektir,1,0,1,1,1,1,1,1,1
Web sitesi müşterilerin Izogn yöneticisi tarafından girilen kategorilere göre filmlere göz atmasına izin verecektir,1,1,1,1,1,1,1,1,0
Web sitesi müşterilerin seçilen filmler hakkında diğer müşteriler tarafından yapılan incelemeleri görüntülemesine izin verecektir,1,1,1,1,1,1,1,1,0
Web sitesi müşterilerin seçilen bir film için kendi film incelemelerini eklemesine izin verecektir,1,1,1,1,1,1,1,1,0
Web sitesi Izogn yöneticisinin bir müşteri tarafından yayınlanan bir incelemeyi onaylamasına izin verecektir,1,1,1,1,1,1,1,1,0
Sistem müşterilerin ön ödemeli kartla akış filmi için ödeme yapmasına izin verecektir,1,1,1,1,1,1,1,1,0
Web sitesi müşterilerin kredi kartı veya posta ile ödeme seçeneğiyle 5 10 veya 20 dolar değerinde ön ödemeli kartlar satın almasına izin verecektir,1,1,1,1,1,1,1,1,0
Sistem her Cuma web sitesinin ana sayfasını otomatik olarak güncelleyecek ve web sitesine eklenmiş en son 4 filmi gösterecektir,1,1,1,1,1,1,1,1,1
Sistem kullanıcıların web sitesinin Hesabım bölümü aracılığıyla fatura ve iletişim bilgilerini güncellemesine izin verecektir,1,1,1,1,1,1,1,1,0
Ön ödemeli kartlar e-posta veya basılı kağıt kart ile dağıtılacaktır,1,1,1,1,1,1,1,1,0
Yalnızca kayıtlı müşteriler akış filmleri satın alabilir,1,1,1,1,1,1,1,1,0
Filmler yalnızca müşteri bir film satın aldıysa ve filmi akış yapmak için 2 günlük süre içindeyse akış yapılabilir,1,1,1,1,1,1,0,1,1
Web sitesi Izogn Yöneticisi tarafından ayarlanan çeşitli parametrelerle ücretsiz deneme dönemlerini destekleyebilmelidir,1,1,1,1,1,1,1,1,0
Tüm akış filmi satışları veritabanına kaydedilecek ve yönetici tarafından erişilebilir olacaktır,1,1,1,1,1,1,1,1,0
Tüm kayıtlı müşteri bilgileri müşteri hesabını iptal ettikten sonra bile veritabanında saklanmalı ve korunmalıdır,1,1,1,1,1,1,1,1,0
Günlük kullanım istatistikleri kaydedilmeli ve yönetici tarafından erişilebilir olmalıdır,1,1,1,1,1,1,1,1,0
Sahip tüm akış filmlerine ücretsiz erişime sahip olmalıdır,1,1,1,1,1,1,1,1,0
Toplam müşteri adayı döngü süresi 08:00 CST ile 20:00 CST arasındaki mesai saatlerinde müşteri adayı hacminin %90'ı için 5 dakikada tamamlanmalıdır; ardından mesai saatleri dışında müşteri adayı hacminin %99'u için 3 dakika olmalıdır,1,1,1,1,1,1,0,1,1
İşlenen tüm müşteri adaylarının %97'si için hiçbir müşteri adayı değerlendirmesi 25 saniyeden uzun bir sürede tamamlanmayacaktır,1,1,1,1,1,1,1,1,1
25 saniyeden uzun işlenen müşteri adayları için sistem olayı ve süreyi kaydedecektir,1,1,1,1,1,1,1,1,0
Süreç bir müşteri adayının toplam yaşam döngüsünün 3 dakikası içinde atandığı Otomatik Temsilci Atama süreci tarafından belirlenen işleme süresi koşullarına uymalıdır,1,1,1,1,1,1,1,1,1
Müşteri adayı temizleme süreci kurulu fiziksel web servisi yapısı içinde çalışacaktır,1,1,1,1,1,1,1,1,0
Temizleme süreci müşteri adayı verilerini alırken ve işlerken xml gibi bağlayıcı olmayan tarafsız bir veri formatı kullanmalıdır,1,1,1,1,1,1,1,1,0
Hata raporları teknik birimlere 7/24 esasına göre sunulacaktır,1,1,1,1,1,1,1,1,0
Temizleme parametreleri planlı bakım saatlerinde güncellenecektir,1,1,1,1,1,1,1,1,0
Satıcı geçersiz müşteri adayını doğrulayacaktır,1,1,1,1,1,1,1,1,0
Satıcı kurumsal faturalandırma sistemine uygulanacak bir kredi doğrulama kaydı gönderecektir,1,1,1,1,1,1,1,1,0
Bir müşteri adayı yüksek aralıkta puanlanırsa sistem müşteri adayı verilerini ve puanını kurumsal sisteme sağlayacaktır,1,1,1,1,1,1,1,1,0
Müşteri adayı temizleme işlevi web servisi tarafından alınan tüm müşteri adaylarını geçerli veri için doğrulayacaktır,1,1,1,1,1,1,1,1,0
Müşteri adayı temizleme işlevi web servisi tarafından yakalanan tüm müşteri adaylarını ekleyecektir,1,1,1,1,1,1,1,1,0
Müşteri adayı puanı yüksek ortalama puanın içine düşerse ARA işlevi tarafından işlenecektir,1,1,1,1,1,1,1,1,0
Müşteri adayı puanı orta ortalamaya düşerse eleads sistemi aracılığıyla bir Kayıt Koordinatörü tarafından manuel doğrulamaya ayarlanacaktır,1,1,1,1,1,1,1,1,0
Müşteri adayı puanı düşük ortalamaya düşerse sağlayan satıcıya iade edilecektir,1,1,1,1,1,1,1,1,0
Müşteri adayı temizleme işlevi toplam puan için hem iletişim hem de akademik puanlama bilgilerini derleyecektir,1,1,1,1,1,1,1,1,0
Müşteri adayı temizleme işlevi müşteri adayının bir kısmını puanlamak için kurumsal ve okullar tarafından sağlanan parametreleri kullanacaktır,1,1,1,1,1,1,1,1,0
Müşteri adayı temizleme işlevi satıcıya sağlanan müşteri adayı verilerini ret nedeniyle birlikte iade edecektir,1,1,1,1,1,1,1,1,0
Müşteri adayı temizleme işlevi müşteri adayı veri parametrelerinin korunabileceği bir arayüze sahip olacaktır,1,1,1,1,1,1,1,1,0
Müşteri adayı temizleme işlevi parametre güncellemeleri yapmak için kullanıcıların kimlik doğrulamasını ve haklarını doğrulayacaktır,1,1,1,1,1,1,1,1,0
Müşteri adayı temizleme işlevi kurumsal sistem tarafından döndürülen olası müşteri adayı yinelemelerini depolayacaktır,1,1,1,1,1,1,1,1,0
Müşteri adayını kurumsal sisteme göndermeden önce müşteri adayı temizleme işlevi müşteri adayını bir kabul temsilcisine atayacaktır,1,1,1,1,1,1,1,1,0
Müşteri adayı temizleme işlevi kurumsal sistemden mevcut temsilcilerin periyodik listesini alacaktır,1,1,1,1,1,1,1,1,0
Ürün denizdeki gemilerin görünümünü simüle etmelidir,1,1,1,1,1,1,1,1,0
Ürün ızgaraları bir periskoptan görünüm olarak bir daire içinde görüntülemelidir,1,1,1,1,1,1,1,1,0
Ürün her gemi türünü bir ızgarada belirli gemi türünün bir görüntüsünü kullanarak görüntülemelidir,1,1,1,1,1,1,1,1,0
Hücum eden oyuncu atış yaptığında ürün denizdeki bir geminin sesini simüle etmelidir,1,1,1,1,1,1,1,1,0
Bir atış ıskalama olarak işaretlendiğinde ürün hedefini ıskalayan bir atışın sesini simüle etmelidir,1,1,1,1,1,1,1,1,0
Bir atış isabet olarak işaretlendiğinde ürün hedefine isabet eden bir atışın sesini simüle etmelidir,1,1,1,1,1,1,1,1,0
Bir gemi batırıldığında ürün batan bir geminin sesini simüle etmelidir,1,1,1,1,1,1,1,1,0
Ürün günde 24 saat haftada yedi gün kullanılabilir olmalıdır,1,1,1,1,1,1,1,1,1
Ürün aynı anda çok sayıda oyunu idare edebilmelidir,1,0,1,1,1,1,1,0,0
Yanıt süresi oyunun akışını koruyacak kadar hızlı olmalıdır. Yanıt süresi yanıtların %95'i için 2 saniyeden fazla olmamalı ve kalan yanıtlar için %4'ten fazla olmamalıdır,1,1,1,1,1,1,0,1,1
Ürün oyuncuların kimliğini korumalıdır. Ürün oyunculara başka bir oyuncunun kimliğini açığa çıkarabilecek bilgilere erişim sağlamamalıdır,1,1,1,1,1,1,0,1,0
Ürün sezgisel ve kendini açıklayıcı olmalıdır. On kullanıcıdan dokuzu hiçbir eğitim almadan başarıyla bir oyunu tamamlayabilmelidir,1,1,1,1,1,1,0,1,1
Ürün İngilizce İspanyolca ve Fransızca anlayan oyuncular tarafından kullanılabilir olmalıdır. Ürün kullanıcının ürüne erişirken dili seçmesine izin vermelidir,1,1,1,1,1,1,0,1,1
Ürün oyunculara başka bir oyuncunun kimliğini açığa çıkarabilecek bilgilere erişim sağlamamalıdır,1,1,1,1,1,1,1,1,0
Yanıt süresi oyunun akışını koruyacak kadar hızlı olmalıdır. Yanıt süresi yanıtların %95'i için 2 saniyeden fazla olmamalı ve kalan yanıtlar için %4'ten fazla olmamalıdır,1,1,1,1,1,1,0,1,1
Ürün oyuncuların listesini korumalıdır,1,1,1,1,1,1,1,1,0
Ürün bir kullanıcının kendini oyuncu olarak tanımlamasına izin vermelidir,1,1,1,1,1,1,1,1,0
Bir oyun başlatıldığında ürün oyuna atanan oyuncuları oyuncular listesinden seçim için kullanılamaz hale getirmelidir,1,1,1,1,1,1,1,1,0
Ürün bir kullanıcının kendini istediği zaman oyuncular listesinden kaldırmasına izin vermelidir,1,1,1,1,1,1,1,1,0
Ürün etkin olmayan oyuncuları oyuncular listesinden seçim için kullanılamaz hale getirmelidir,1,1,1,1,1,1,1,1,0
Ürün 24 saat boyunca etkin olmayan oyuncuları oyuncular listesinden kaldırmalıdır,1,1,1,1,1,1,1,1,1
Ürün bir oyuncunun oyuncular listesinden başka bir mevcut oyuncuyu seçerek bir oyun başlatmasına izin vermelidir,1,1,1,1,1,1,1,1,0
Bir oyun başlatıldığında ürün her oyuncuya bir savunma ızgarası görüntülemelidir,1,1,1,1,1,1,1,1,0
Bir oyun başlatıldığında ürün her oyuncuya bir hücum ızgarası görüntülemelidir,1,1,1,1,1,1,1,1,0
Ürün bir oyuncunun diğer oyuncunun hücum veya savunma ızgaralarını görüntülemesini engellemeli,1,1,1,1,1,1,1,1,0
Bir oyun başlatıldığında ürün her oyuncunun 5 gemisini kendi savunma ızgaralarına yerleştirmesine izin vermelidir,1,1,1,1,1,1,1,1,0
Ürün bir oyuncunun gemileri ızgarasında yatay olarak konumlandırmasına izin vermelidir,1,1,1,1,1,1,1,1,0
Ürün oyuncunun gemileri ızgarasında dikey olarak konumlandırmasına izin vermelidir,1,1,1,1,1,1,1,1,0
Ürün oyuncunun gemileri ızgarasında çapraz olarak konumlandırmasına izin vermelidir,1,1,1,1,1,1,1,1,0
Ürün oyuncunun ızgarasında gemileri üst üste bindirmesini engellemelidir,1,1,1,1,1,1,1,1,0
Her iki oyuncu da 5 gemisini savunma ızgaralarına yerleştirdiğinde ürün ilk tur için her oyuncunun durumunu tanımlamalıdır,1,1,1,1,1,1,1,1,0
Her tur için ürün bir oyuncuyu hücum durumu ve bir oyuncuyu savunma durumu olarak tanımlamalıdır,1,1,1,1,1,1,1,1,0
Ürün her oyuncunun bir tur için hücum veya savunma durumunu korumalıdır,1,1,1,1,1,1,1,1,0
Her turun başında ürün her oyuncuyu durumu hakkında bilgilendirmelidir,1,1,1,1,1,1,1,1,0
Her tur için ürün hücum oyuncusunun bir atış tanımlamasına izin vermelidir,1,1,1,1,1,1,1,1,0
Her atış için ürün atışın isabet mi ıskalama mı olduğunu belirlemek için savunma oyuncusunun savunma ızgarasını incelemelidir,1,1,1,1,1,1,1,1,0
Her atış için ürün oyunculara atışın isabet mi ıskalama mı olduğunu bildirmelidir,1,1,1,1,1,1,1,1,0
Her atış için ürün atışı savunma oyuncusunun savunma ızgarasında isabet veya ıskalama olarak işaretlemelidir,1,1,1,1,1,1,1,1,0
Her atış için ürün atışı hücum oyuncusunun hücum ızgarasında isabet veya ıskalama olarak işaretlemelidir,1,1,1,1,1,1,1,1,0
İsabet bir gemiyi batırmakla sonuçlandığında ürün oyunculara geminin battığını bildirmelidir,1,1,1,1,1,1,1,1,0
İsabet bir gemiyi batırmakla sonuçlandığında ürün gemiyi savunma oyuncusunun savunma ızgarasında batmış olarak işaretlemelidir,1,1,1,1,1,1,1,1,0
İsabet bir gemiyi batırmakla sonuçlandığında ürün batan geminin türünü savunma oyuncusunun savunma ızgarasında belirtmelidir,1,1,1,1,1,1,1,1,0
İsabet bir gemiyi batırmakla sonuçlandığında ürün gemiyi hücum oyuncusunun hücum ızgarasında batmış olarak işaretlemelidir,1,1,1,1,1,1,1,1,0
Atış isabet olarak işaretlendiyse ürün hücum oyuncusunun bir atış tanımlamasına izin vermelidir,1,1,1,1,1,1,1,1,0
Atış ıskalama olarak işaretlendiyse ürün hücum oyuncusunun durumunu savunmaya değiştirmelidir,1,1,1,1,1,1,1,1,0
Atış ıskalama olarak işaretlendiyse ürün savunma oyuncusunun durumunu hücuma değiştirmelidir,1,1,1,1,1,1,1,1,0
Ürün oyun bitene kadar tur atamaya devam etmelidir,1,1,1,1,1,1,1,1,0
Ürün hücum oyuncusunun bir isabeti daha önce batmış olarak işaretlenmemiş savunma oyuncusunun gemilerinin sonuncusunu batırmakla sonuçlandığında oyunu bitirmelidir,1,1,1,1,1,1,1,1,0
Ürün bir oyuncunun oyun sırasında herhangi bir zamanda oyunu bitirmesine izin vermelidir,1,1,1,1,1,1,1,1,0
Bir oyun bittiğinde ürün oyunculara oyunun bittiğini bildirmelidir,1,1,1,1,1,1,1,1,0
Oyun bitişi bildirimi oyunun neden bittiğini içerecektir (yani bir oyuncu oyunu kazandı veya bir oyuncu oyunu bitirdi),1,1,1,1,1,1,1,1,0
Bir oyun bittiğinde ürün her oyuncunun kendini oyuncular listesinde mevcut bir oyuncu olarak tanımlamasına izin vermelidir,1,1,1,1,1,1,1,1,0
Bir oyun bittiğinde ürün her oyuncunun kendini oyuncular listesinden kaldırmasına izin vermelidir,1,1,1,1,1,1,1,1,0
Sistem arayanlar ve süpervizörler tarafından kullanımı kolay olmalıdır. Arayanlar ve süpervizörler herhangi bir sistem görevini 2 dakika içinde gerçekleştirebilmelidir,1,1,1,1,1,1,0,1,1
Sistem arayanlar ve süpervizörler tarafından öğrenilmesi kolay olmalıdır. Arayanlar ve süpervizörler sistemi 10 dakika içinde nasıl kullanacaklarını öğrenmelidir,1,1,1,1,1,1,0,1,1
Sistem yanıt verici olmalıdır. DePaul TeleServices Merkezi'nde bir süpervizör bir arayanın programını görüntülemek için sistemi kullandığında sistem yanıt süresi zamanın %90'ında 2 saniyeden fazla olmamalı ve zamanın geri kalanında 5 saniyeden fazla olmamalıdır,1,1,1,1,1,1,0,1,1
56k bağlantısında tüm işlemler için sistem yanıt süresi zamanın %90'ında 6 saniyeden fazla olmamalıdır,1,1,1,1,1,1,1,1,1
112k veya daha hızlı bağlantıda tüm işlemler için sistem yanıt süresi zamanın %90'ında 3 saniyeden fazla olmamalıdır,1,1,1,1,1,1,1,1,1
Sistem yılın her günü yüksek kullanılabilirliğe sahip olmalıdır. Sistem 12 ile kullanıma sunulmalıdır,1,0,1,1,1,1,1,1,1
Sistem 7 ile kullanıma sunulmalıdır,1,0,1,1,1,1,1,1,0
Ürün internet tarayıcısından bağımsız olmalıdır. Ürün Internet Explorer ve Netscape Navigator kullanarak çalışmalıdır,1,1,1,1,1,1,0,1,1
Ürün yalnızca süpervizörlerin boş zaman dilimlerini ilan edebilmesini sağlamalıdır. Ürün süpervizörlerin boş zaman dilimlerini ilan etmeye erişmelerine izin verilmesini sağlamalıdır,1,1,1,1,1,1,0,1,0
Ürün yalnızca süpervizörlerin bir arayanın programını girebilmesini sağlamalıdır. Ürün süpervizörlerin boş zaman dilimlerini ilan etmeye erişmelerine izin verilmesini sağlamalıdır,1,1,1,1,1,1,0,1,0
Ürün yalnızca süpervizörlerin tüm arayanların programını görüntüleyebilmesini sağlamalıdır. Ürün süpervizörlerin boş zaman dilimlerini ilan etmeye erişmelerine izin verilmesini sağlamalıdır,1,1,1,1,1,1,0,1,0
Arayüz basit bir görünüme sahip olmalıdır. Arayüz ve kullanılabilirlik anketinde beta test kullanıcılarının %90'ı arayüzün yeterince basit olduğunu bildirmelidir,1,1,1,1,1,1,0,1,1
Arayüz arayanlara ve süpervizörlere çekici gelmelidir. Arayüz ve kullanılabilirlik anketinde beta test kullanıcılarının %80'i arayüzün çekici olduğunu bildirmelidir,1,1,1,1,1,1,0,1,1
Ürün GUI tabanlı İzleme Hizmetleri sağlamalıdır. Sistem Yöneticileri mesaj alışverişlerini izlemeli sorunları tahmin edip belirlemeli ve ayrıca dahili ve harici destek sağlamalıdır,1,1,1,1,1,1,0,1,0
Ürün Chicago Şehri Uygulama Geliştirme Kılavuzu Çerçevesine uymalıdır. Uygulama Geliştirme Çerçevesi yapılandırılmış Grafiksel Kullanıcı Arayüzü sağlayacaktır,1,1,1,1,1,1,0,1,0
Ürün İzleme Hizmetleri sağlamalıdır. Ürün Sistem Yöneticileri ve DBA'ların iki haftalık kullanımdan sonra kullanması kolay olmalıdır,1,1,1,1,1,1,0,1,1
Ürün Hata İzleme Hizmetleri sağlamalıdır. Ürün Sistem Yöneticileri ve DBA'ların zamanın %99'unda işlem hatalarını çözmesine yardımcı olmalıdır,1,1,1,1,1,1,0,1,1
Ürün Portallar sağlamalıdır. Ürün Sistem Yöneticilerinin geçici raporlama ve KPI'lar (Anahtar Performans Göstergeleri) ile işlemleri analiz etmesine yardımcı olmalıdır,1,1,1,1,1,1,0,1,0
Ürün Eşzamansız Mesajlaşma sağlamalıdır. Ürün paralel işlemeyi etkinleştirmek ve iletişimdeki ek yükü azaltmak için eşzamansız mesajlaşma sağlamalıdır,1,1,1,1,1,1,0,1,0
Ürün Çoklu İş Parçacığı ve Yük Dengeleme sağlamalıdır. Ürün veri yükü zirvelerini ve trafiği aşmak için çoklu iş parçacığı teknolojisinin yanı sıra yük dengeleme sağlamalıdır,1,1,1,1,1,1,0,1,0
Ürün mesajları 2 saniye içinde işlemelidir. Ürün maksimum 2 saniyelik mesaj işleme süresine sahip olmalıdır,1,1,1,1,1,1,0,1,1
Ürün her saniye mesajlar için sistemi yoklamalıdır. Ürün yeni mesajlar için en fazla 1 saniyede bir sistemi yoklamalıdır,1,1,1,1,1,1,0,1,1
Ürün Dinamik Değişiklik Desteği ve Şeffaf kaynak ekleme sağlamalıdır. Ürün ölçeklenebilirlik sağlamak ve 1 günden fazla hizmet kesintilerinden kaçınmak için Şeffaf Kaynak ekleme ve Dinamik Değişiklik desteğini desteklemelidir,1,1,1,1,1,1,0,1,1
Ürün zamanın %99'unda kullanılabilir olmalıdır,1,1,1,1,1,1,1,1,1
Ürün sağlam olmalıdır. Ürün standart benimsemeye dayalı hata önlemeye sahip olmalıdır,1,0,1,1,1,1,0,0,0
Ürün hata toleransıyla sağlam olmalıdır. Ürün kurtarma tekniği telafi edici işlem ve arızalar etrafında yönlendirme kullanarak hata toleransına sahip olmalıdır,1,1,1,1,1,1,0,1,0
Ürün tüm işlemleri işleyebilmelidir. Ürün yılda minimum 1 milyon işlemi işlemelidir,1,1,1,1,1,1,0,1,1
Ürün platformdan bağımsız olmalıdır. Ürün her tür geliştirme ortamına ve platformuna erişimi mümkün kılmalıdır,1,1,1,1,1,1,0,1,0
Ürün CSR ve Datastream ile arayüz oluşturmalıdır. Ürün iki sistem arasında herhangi bir doğrudan arayüz olmaksızın CSR ile EAM arasında gerçek zamanlı olarak mesaj alışverişi yapmalıdır,1,1,1,1,1,1,0,1,0
Ürün yükseltme değişiklik veya yeni kaynak ekleme sırasında çalışmaya devam etmelidir. Ürün yeni kaynak eklemeleri nedeniyle hizmette kesinti olmaksızın çalışmaya devam edebilmelidir,1,1,1,1,1,1,0,1,0
Ürün düzenli olarak güncellenmelidir. Ürün her altı ayda bir yeni bir ana özellik sunacak ve her altı ayda bir üç aylık bakım sürümlerine sahip olacaktır,1,1,1,1,1,1,0,1,1
Ürün her platformda çalışmalıdır. Ürün mimarisinde herhangi bir değişiklik olmaksızın her yeni teknolojiyi barındırmalıdır,1,0,1,1,0,1,1,0,0
Ürün güvenliğe sahip olmalıdır. Ürün kimlik doğrulama ve yetkilendirme sağlamalıdır,1,0,1,1,1,1,0,0,0
Ürün bilgi Güvenliğine sahip olmalıdır. Ürün şifreleme WS-Security ve Bütünlük Kontrolü ile gizliliği mümkün kılmalıdır,1,1,1,1,1,1,0,1,0
Ürün denetim yeteneklerine sahip olmalıdır. Ürün denetim ve işlem izleme amaçları için mesajları minimum bir yıl depolamalıdır,1,1,1,1,1,1,1,1,1
Sistem IBM ve CCR marka standartlarını kullanmalıdır. Arayüz bir IBM logosu ve bir CCR logosuna sahip olmalıdır,1,1,1,1,1,1,0,1,1
Sistem bir CCR kullanıcısının sahip olabileceği herhangi bir iş bilgisayarında görüntülenebilir olmalıdır. Sistem arayüzü 800 x 600 piksel çözünürlükte görüntülemek için biçimlendirilmelidir,1,1,1,1,1,1,0,1,1
Sistem arayüzü CCR terminolojisi kullanacaktır. Sistem mevcut WCS sisteminde ve raporlarında kullanılan terminolojiyi kullanmalıdır,1,1,1,1,1,1,1,1,0
Arayüz verileri CCR yönetimine çekici gelecek şekilde özetlemelidir. Her rapor türünün sonuç panosunda/arayüzünde gösterilen en az bir üst düzey özeti olmalıdır,1,1,1,1,1,1,1,1,0
Sistem işaret ve tıklama arayüzü kullanmalıdır. Tüm seçim ve gezinme işlevselliğinin %100'ü fare veya klavye ile etkinleştirilebilir/seçilebilir olmalıdır,1,1,1,1,1,1,0,1,1
Arayüz kullanımı kolay olmalıdır. Kullanıcıların %90'ı ilk kullanımlarında rapor oluşturmak için sistemi başarıyla kullanabilmelidir. Arayüz IBM kullanılabilirlik standartlarına uymalıdır,1,1,1,1,1,1,0,1,1
Raporların oluşturulması kolay olmalıdır. Raporlar bir düğme tıklamasında oluşturulmalı ve (raporu seçtikten sonra) bir düğme tıklamasında dışa aktarılmalıdır,1,1,1,1,1,1,0,1,1
Kullanıcı kısa bir süre sonra talimat olmadan sistemi kullanabilmelidir. Bir kullanımdan sonra kullanıcı sistem kullanımının ve gezinmesinin %90'ını anlamalı ve hatırlamalıdır,1,1,1,1,1,1,0,1,1
Tüm CCR kullanıcıları WCS sistemi dağıtılmadan önce eğitim almalıdır. Sistem dağıtımından önce CCR kullanıcılarının %100'ü için bir eğitim oturumu düzenlenecektir (bir CCR kullanıcısının müsait olmasına bağlı olarak),1,1,1,1,1,1,0,1,1
WCS sistemi Kurumsal Topluluk Hibeleri organizasyonu tarafından tanımlandığı şekilde uygun terminoloji ve terminoloji kullanmalıdır. Tüm arayüzler ve raporlar CCR kullanıcıları tarafından kullanılabilirlik testlerinden geçecektir,1,1,1,1,1,1,0,1,0
WCS sistemi IBM'in dahili intraneti W3 erişilebilir olduğu sürece her zaman kullanılabilir olmalıdır. WCS sistemi IBM'in dahili intraneti W3'ün kullanılabilir olduğu zamanın %95'inde kullanılabilir olacaktır,1,1,1,1,1,1,0,1,1
WCS sistemi şu anda sisteme dahil edilmeyen diğer belirlenmiş WCS veritabanlarını bağlama yeteneğine sahip olmalıdır,1,1,1,1,1,1,1,1,0
WCS sistemi CCR yönetimi tarafından onaylanırsa Amerika Birleşik Devletleri dışındaki bölgeler için veri içerme ve Amerika Birleşik Devletleri dışındaki kullanıcılar tarafından erişilme yeteneğine sahip olmalıdır,1,1,1,1,1,1,1,1,0
WCS sistemi Windows ortamında çalıştırılmalıdır. WCS kullanıcılar tarafından Windows 2000 veya üstü işletim sistemi çalıştıran bir IBM bilgisayarında İnternet üzerinden erişilecektir,1,1,1,1,1,1,0,1,1
WCS sisteminin Brio kısmı dosyaları elektronik tablo biçiminde (Microsoft Excel ve Lotus 1-2-3 formatları) dışa aktarabilmelidir. Brio kullanıcı arayüzünde xls veya 123 dosya formatlarında raporlar üreten/dışa aktaran düğmeler sağlayacaktır,1,1,1,1,1,1,0,1,1
WCS sistemi CCR kullanıcılarına sunulan mevcut verileri güncellemek için WCS veritabanlarına tekrar (belirli bir günde) sorgular çalıştırmalıdır. Veri yenilemesi için harici veritabanlarına haftada bir kez sorgu yapılmalıdır,1,1,1,1,1,1,0,1,1
WCS sistemindeki tüm değişiklikler güncellemeler ve eklemeler WCS Geliştirici ve WCS Kullanıcı Kılavuzlarında güncellenmelidir. Her değişiklik WCS sistem belgelerine yansıtılmalıdır,1,1,1,1,1,1,1,1,0
Sisteme yalnızca yetkili Kurumsal Topluluk Hibeleri (CCR) çalışanları erişebilmelidir. Kullanıcılar IBM intranet kullanıcı adı ve şifreleri kullanılarak kimlik doğrulamasından geçirilmelidir,1,1,1,1,1,1,1,1,0
WCS sistemi hiçbir kullanıcının otomatik oturum açmasına izin vermemelidir. Bir kullanıcı hakkında WCS oturum açma bilgilerini içeren çerezler kullanıcının bilgisayarında saklanmayacaktır,1,1,1,1,1,1,0,1,0
Her takım sahibinin takım sahibi sayfasına ulaşmak için kimlik doğrulamasından geçmesi için bir kullanıcı adı ve şifre kullanması gerekecektir,1,1,1,1,1,1,1,1,0
Komiser lig başına lig ayarlarını düzenlemek için yetkili tek kullanıcı olacaktır,1,1,1,1,1,1,1,1,0
Her sayfa mevcut sayfanın içinde bulunduğu dizini gösteren bir gezinme menüsü içermelidir,1,1,1,1,1,1,1,1,0
Her sayfa eylem öğelerinin bir konumda ve gezinme düğmelerinin farklı bir konumda olduğu benzer bir format içermelidir,1,1,1,1,1,1,1,1,0
Mesaj panosu lig sayfasında en son gönderilen 5 mesajı içermelidir. Mesajlar mesajın ilk 150 karakterine kadar içerecektir,1,1,1,1,1,1,0,1,1
Yeni bir kullanıcı başlangıç sayfasına ulaştıktan sonra 30 saniye içinde lig ve takım sayfalarında gezinebilmelidir,1,1,1,1,1,1,1,1,1
Kullanıcılar takım sahibinin sayfasından oyuncu ekle bırak ve takas et sayfalarına bir tıklamayla ulaşabilmelidir,1,1,1,1,1,1,1,1,1
Kullanıcılar her sayfada en az 25 NFL oyuncu istatistiği ve puanı görüntüleyebilmelidir,1,1,1,1,1,1,1,1,1
Uygulama eylemi gerçekleştirmeden önce kullanıcıdan oyuncu bırakmayı veya oyuncu takasını onaylamasını istemelidir,1,1,1,1,1,1,1,1,0
Uygulama ağ üzerinden talebi aldıktan sonra her kullanıcı işlemini dörtte bir saniye içinde tamamlayabilmelidir,1,1,1,1,1,1,1,1,1
Uygulama yılda en fazla 10 dakikalık kesinti süresine sahip olmalıdır,1,1,1,1,1,1,1,1,1
Uygulama bir web uygulama sunucusunda çalışmalıdır,1,1,1,1,1,1,1,1,0
Uyuşmazlık uygulaması içinde bir ekrandan diğerine gezinen bir kullanıcı için maksimum bekleme süresi 5 saniyeden fazla olmamalıdır,1,1,1,1,1,1,1,1,1
Uyuşmazlık uygulaması uygulamada performans düşüşü olmaksızın 350 eşzamanlı kullanıcıyı desteklemelidir,1,1,1,1,1,1,1,1,1
Uyuşmazlık uygulaması aşağıdaki planlı bakım pencereleri hariç 7/24/365 kullanılabilir olmalıdır. Pazartesi Cumartesi 3,1,0,1,1,1,1,1,1,1
Uyuşmazlık uygulaması Ekstre Veritabanı ile arayüz oluşturmalıdır. Ekstre Veritabanı Uyuşmazlık Sistemine işlem detaylarını sağlar. Tüm işlem detayları Ekstre Veritabanından alınmalıdır,1,1,1,1,1,1,0,1,0
Aktif kullanıcılar için önbelleğe alınmış verileri depolamak üzere birincil bir veritabanı kullanılacaktır,1,1,1,1,1,1,1,1,0
Sistem %95 çalışma süresine ulaşmalıdır,1,1,1,1,1,1,1,1,1
Sistem profesyonel bir görünüme sahip olmalıdır,1,0,1,1,1,1,1,0,0
Ürün tutarlı bir renk şemasına ve yazı tiplerine sahip olmalıdır,1,1,1,1,1,1,1,1,0
Sistem emlakçılar tarafından eğitim olmadan kullanılmalıdır,1,1,1,1,1,1,1,1,0
Sistem sezgisel ve kendini açıklayıcı olmalıdır,1,0,1,1,1,1,1,0,0
Ürün bir emlakçının öğrenmesi kolay olmalıdır,1,0,1,1,1,1,1,0,0
Ürün emlakçı topluluğu tarafından doğal olarak anlaşılabilir semboller ve kelimeler kullanmalıdır,1,1,1,1,1,1,1,1,0
Ürün arama sonuçlarını kabul edilebilir bir sürede üretmelidir,1,0,1,1,1,1,1,0,0
Arama sonuçları kullanıcı arama kriterlerini girdikten en geç 30 saniye sonra döndürülmelidir,1,1,1,1,1,1,1,1,1
Ürün bir CMA raporunu kabul edilebilir bir sürede oluşturmalıdır,1,0,1,1,1,1,1,0,0
CMA raporu kullanıcı CMA rapor kriterlerini girdikten en geç 60 saniye sonra döndürülmelidir,1,1,1,1,1,1,1,1,1
Ürün kişileri ve randevuları kabul edilebilir bir sürede senkronize etmelidir,1,0,1,1,1,1,1,0,0
Ürün her saat ofis sistemiyle senkronize olmalıdır,1,1,1,1,1,1,1,1,1
Ürün yılda 365 gün günde 24 saat kullanıma sunulmalıdır,1,1,1,1,1,1,1,1,1
Sisteme 1000 erişimden sistem 999 kez kullanılabilir olmalıdır,1,1,1,1,1,1,1,1,1
Ürün internet bağlantısı kullanılamadığında çevrimdışı modda çalışmalıdır,1,1,1,1,1,1,1,1,0
Ürün kullanıcının önceden indirilmiş arama sonuçlarını CMA raporlarını ve randevuları görüntülemesine izin vermelidir,1,1,1,1,1,1,1,1,0
Ürün bir hata durumunda kullanıcı tercihlerini korumalıdır,1,1,1,1,1,1,1,1,0
Kaydedilmiş kullanıcı tercihlerinin %100'ü sistem tekrar çevrimiçi olduğunda geri yüklenmelidir,1,1,1,1,1,1,1,1,1
Ürün birden fazla uzak kullanıcıyı destekleyebilmelidir,1,1,1,1,1,1,1,1,0
Ürün 1000 eşzamanlı kullanıcıyı destekleyebilmelidir,1,1,1,1,1,1,1,1,1
Ürün mevcut 1000 kullanıcıyı idare edebilmelidir. Bu sayının önümüzdeki yıl içinde 5 kat artması bekleniyor,1,1,1,1,1,1,0,1,1
Ürün eğitimsiz bir emlakçı tarafından ayrı basılı talimatlara başvurmadan kurulmalıdır,1,1,1,1,1,1,1,1,0
Eğitimsiz emlakçıların %90'ı ürünü basılı talimatlar olmadan cihazlarına kurabilmelidir,1,1,1,1,1,1,1,1,1
Ürünün Windows CE ve Palm işletim sistemlerinde çalışması beklenmektedir,1,1,1,1,1,1,1,1,1
Yalnızca kayıtlı emlakçılar sisteme erişebilmelidir,1,1,1,1,1,1,1,1,0
Sistemin her kullanıcısı kimliği doğrulanmalı ve yetkilendirilmelidir,1,1,1,1,1,1,1,1,0
Ürün verilerinin yanlış veri girişinden korunmasını sağlamalıdır,1,1,1,1,1,1,1,1,0
Sistem bir emlak acentesinin MLS bilgilerini sorgulamasına izin vermelidir,1,1,1,1,1,1,1,1,0
Kullanıcı seçilen bir mülke sürüş talimatları alabilmelidir,1,1,1,1,1,1,1,1,0
Kullanıcı müşteriler için randevuları ve iletişim bilgilerini indirebilmelidir,1,1,1,1,1,1,1,1,0
Sistem arama sonuçlarında net mülk görüntüleri görüntülemelidir,1,1,1,1,1,1,1,1,0
Sistem mesai saatleri boyunca tüm kullanıcı isteklerini/kullanımını idare edebilmelidir,1,1,1,1,1,1,1,1,0
Sistem 09:00 ile 17:00 arası 10 eşzamanlı kullanıcıya hizmet vermelidir,1,1,1,1,1,1,1,1,1
Sistem önümüzdeki 10 yıl için hemşirelik öğrencilerinin ve sınıflarının %100'ünü işleyebilmelidir,1,1,1,1,1,1,1,1,1
Sistemin minimum 5 yıl hemşirelik programı müfredatını ve sınıf/klinik planlamasını yönetmesi beklenmelidir,1,1,1,1,1,1,1,1,1
Sistem DePaul Üniversitesi Hemşirelik Bölümüne özgü bir iş ofisi ortamında çalışabilmelidir,1,1,1,1,1,1,1,1,0
Sistem Program Yöneticileri/Hemşirelik Personel Üyeleri tarafından kullanılan bilgisayarlar tarafından tanımlanan özellikler dahilinde kullanılmalıdır,1,1,1,1,1,1,1,1,0
Geçmiş istatistikleri ve verileri depolamak için ikincil bir veritabanı kullanılacaktır,1,1,1,1,1,1,1,1,0
Sistem randevu planlamak için satıcıyı veya alıcıyı arayabilmelidir,1,1,1,1,1,1,1,1,0
Emlakçı ofis sistemiyle otomatik senkronizasyondan sonra yeni müşteri randevularından haberdar edilmelidir,1,1,1,1,1,1,1,1,0
Emlakçı belirli bir alan için mülk konumlarını gösteren bir harita alabilmelidir,1,1,1,1,1,1,1,1,0
Sistem bir satıcı veya alıcı randevu talebine yanıt verdiğinde emlakçıyı bilgilendirmelidir,1,1,1,1,1,1,1,1,0
Ürün kullanıcının mülk arama sonuçlarını kaydetmesine izin vermelidir,1,1,1,1,1,1,1,1,0
Sistem Program Yöneticileri/Hemşirelik Personel Üyeleri tarafından kullanımı kolay olmalıdır,1,1,1,1,1,1,1,1,0
Tüm kullanıcılar bir günlük eğitimden sonra sistemi kullanabilmelidir,1,1,1,1,1,1,1,1,1
Sistem kullanıcının hemşirelik öğrencileri için sınıf ve klinikleri planlarken hata yapmasını önlemesine yardımcı olmalıdır,1,1,1,1,1,1,1,1,0
Öğrenciler tarafından not edilen hataların sayısı ilk yıl %50 azaltılmalıdır,1,1,1,1,1,1,1,1,1
Sistem Program Yöneticileri/Hemşirelik Personel Üyeleri için sezgisel olmalıdır,1,0,1,1,1,1,1,0,0
Program Yöneticileri/Hemşirelik Personel Üyelerinin 3'te 2'si sınıf ve kliniklerin planlamasını yönetmek için sistemi başarıyla kullanabilmelidir,1,1,1,1,1,1,1,1,1
Sistem kullanıcı topluluğu tarafından doğal olarak anlaşılabilir semboller ve kelimeler kullanmalıdır,1,1,1,1,1,1,1,1,0
Sistem içinde kullanılan ifadeler Standart İngilizce ve ulusal Hemşirelik Topluluğunun terminolojisiyle tutarlı olmalıdır,1,1,1,1,1,1,1,1,0
Personel üyeleri bir dizi görevi zamanında tamamlayabilmelidir,1,0,1,1,1,1,1,0,0
Genel öğrenci yönetimi görevlerinin yanıt süresi 5 saniyeden uzun sürmemeli ve program oluşturma yanıt süresi 30 saniyeden uzun sürmemelidir,1,1,1,1,1,1,0,1,1
Sistem sabah 8 ile akşam 6 saatleri arasında kullanıma sunulmalıdır,1,1,1,1,1,1,1,1,1
Sistem Windows XP Professional işletim sistemi içinde çalışmalıdır,1,1,1,1,1,1,1,1,1
Sistem CampusConnect merkezi sunucusuyla arayüz oluşturmalıdır,1,1,1,1,1,1,1,1,0
Sistem fakülte merkezi sunucusuyla arayüz oluşturmalıdır,1,1,1,1,1,1,1,1,0
Sistem öğrenci ana sunucusuyla arayüz oluşturmalıdır,1,1,1,1,1,1,1,1,0
Herhangi bir HTML tarayıcısıyla arayüz oluşturabilmeliyiz,1,1,1,1,1,1,1,1,0
Yalnızca yetkili kullanıcılar klinik site bilgilerine erişebilmelidir,1,1,1,1,1,1,1,1,0
Program Yöneticileri/Hemşirelik Personel Üyeleri klinik site detaylarına erişebilecek tek kişilerdir,1,1,1,1,1,1,1,1,0
Yalnızca yetkili kullanıcılar öğrencilerin kişisel bilgilerine erişebilmelidir,1,1,1,1,1,1,1,1,0
Dr Susan Poslusny ve Dr Julie Donalek öğrencilerin kişisel bilgilerine erişebilecek tek kişilerdir,1,1,1,1,1,1,1,1,0
Yalnızca yetkili kullanıcılar CampusConnect ile arayüz oluşturan sistem bölümüne erişebilmelidir,1,1,1,1,1,1,1,1,0
Uygunluk Kriteri,0,0,0,0,0,0,1,0,0
Sistem yanlış veya geçersiz veri girişi olasılığını azaltmak için temel veri bütünlüğü kontrolüne sahip olmalıdır,1,1,1,1,1,1,1,1,0
Sistem kuruluşun bilgi politikasına uygun olarak özel bilgileri korumalıdır,1,1,1,1,1,1,1,1,0
Sistem kötü niyetli müdahaleden mümkün olduğunca güvenli olacak şekilde inşa edilmelidir,1,0,1,1,1,1,1,0,0
Sistem kendisine yönelik tehditleri izlemeye yardımcı olmak için kuruluşun standart virüs koruma yazılımını kullanmalıdır,1,1,1,1,1,1,1,1,0
Bir kohort bölüm tarafından sunulan bir Çalışma Programı ile ilişkilendirilmelidir,1,1,1,1,1,1,1,1,0
Program Yöneticileri ve Hemşirelik Personel Üyeleri bir kohorta öğrenci listesi ekleyebilmelidir,1,1,1,1,1,1,1,1,0
Program Yöneticileri ve Hemşirelik Personel Üyeleri bir kohorta tek bir öğrenci ekleyebilmelidir,1,1,1,1,1,1,1,1,0
Bir kohorta eklenen öğrenciler kohortun Çalışma Programı için uygun olmalıdır,1,1,1,1,1,1,1,1,0
Program Yöneticileri ve Hemşirelik Personel Üyeleri belirli bir kohort için tercih edilen sınıf sırasını belirleyebilmelidir,1,1,1,1,1,1,1,1,0
Bir kohort için bir sıra içindeki her sınıf için Program Yöneticileri ve Hemşirelik Personel Üyeleri o sınıfın hangi çeyrekte sunulacağını belirleyebilmelidir,1,1,1,1,1,1,1,1,0
Program Yöneticileri ve Hemşirelik Personel Üyeleri bir sınıf sırasına yeni sınıflar ekleyebilmelidir,1,1,1,1,1,1,1,1,0
Uygulama güncellemeleri NFL sezonunun ortasında Çarşamba sabahı CST 03:00 ile 06:00 arasında gerçekleşmelidir,1,1,1,1,1,1,1,1,1
Yeni Sistem sürüm sürümleri her NFL sezonunun başında yayınlanmalıdır,1,1,1,1,1,1,1,1,1
Sistem Sync Matrix 1.0 ve Exercise Management Tool 1.0 uygulamalarından verileri görüntülemelidir,1,1,1,1,1,1,1,1,0
Sistem Etkinlikleri değişiklikler için Sync Matrix 1.0 veya Exercise Management Tool 1.0 uygulamalarına geri bağlamalıdır,1,1,1,1,1,1,1,1,0
Sistem görüntünün değiştirilmesine izin vermelidir,1,0,1,1,1,1,1,0,0
Sistem egzersizdeki tüm Etkinliklerin görüntüsünü sunmalıdır,1,1,1,1,1,1,1,1,0
Sistem verileri filtrelemelidir,1,0,1,1,1,1,1,0,0
Sistem kullanıcının zaman dilimlerini tanımlamasına izin vermelidir,1,1,1,1,1,1,1,1,0
Sistem yerel ve egzersiz zamanını ayrı saatlerde görüntülemelidir,1,1,1,1,1,1,1,1,0
Sistem veri yenilemesini duraklatma ve devam ettirme yeteneği sunmalıdır,1,1,1,1,1,1,1,1,0
Sistem Etkinlik veya Olay gerçek ile varsayılan zaman için grafikler sağlamalıdır,1,1,1,1,1,1,1,1,0
RFS sistemi özellikle bütçeleme döneminde 7/24 kullanılabilir olmalıdır. RFS sistemi tüm yıl zamanın %90'ında ve bütçeleme döneminde %98'inde kullanılabilir olmalıdır. Zamanın %2'sinde sistem durumun bildirildiği andan itibaren 1 saat içinde kullanılabilir hale gelecektir,1,1,1,1,1,1,0,1,1
Kullanıcı iş istasyonlarının %98'i uygulama öncesinde minimum donanım gereksinimlerini karşılamalıdır,1,0,1,1,1,1,1,1,1
Kullanıcı iş istasyonlarının %98'i uygulama öncesinde minimum yazılım gereksinimlerini karşılamalıdır,1,1,1,1,1,1,1,1,1
RFS sistemi verileri yüklemek için BDW ortamıyla kolayca arayüz oluşturabilmelidir. Her yıl bütçeleme sürecinin başlangıcından bir gün önce 3 saat içinde BDW'den 7 veri dosyası alınmalı ve RFS sistemine yüklenmelidir. Veriler Ekim ay sonu itibarıyla olacaktır. Test dosyaları (7) yıl boyunca BDW'den 5 kereye kadar yüklenmelidir,1,1,1,1,1,1,0,1,1
Gelir ve gider formüllerindeki değişiklikler her yıl bütçeleme süreci başlangıcından önce RFS sistemine uygulanmalıdır. Gelir ve gider formülleri alındıktan sonra bir hafta içinde güncellenecek ardından proje geliştirme ekibi ve PCG Finance tarafından ortaklaşa yürütülecek bütçe hesaplamalarının testine 2 hafta ayrılacaktır,1,1,1,1,1,1,0,1,1
BDW'ye eklenen yeni şubeler/kompleksler/bölgeler/bölümler ve gelir/gider hesapları RFS sistemine yansıtılmalıdır. Ekim ay sonu itibarıyla mevcut olan varlıkların (yukarıda bahsedilen) %100'ü bütçe başlama sürecinden önce RFS sistemine yüklenecektir,1,1,1,1,1,1,0,1,1
Yalnızca yetkili kullanıcı RFS sistemine erişmelidir. YALNIZCA UAS sisteminde mevcut olan ve rollerine RFS sistemi atanmış kullanıcılar RFS sistemine erişmeli ve kullanmalıdır,1,1,1,1,1,1,0,1,0
Kullanıcı erişimi rollerine verilen izinlerle sınırlandırılmalıdır. PCG hiyerarşisindeki her seviyeye bir rol atanacak ve kullanıcılar bu rollere atanacaktır. RFS sistemi içindeki işlevselliğe erişim role atanan ayrıcalıklara/izinlere bağlıdır,1,1,1,1,1,1,0,1,0
Ürün ENET Securities'in intranet sayfa standartlarına ve gereksinimlerine uymalıdır. Ürün görünümünün %95'i uygulamadan önce Mimarlık grubu tarafından onaylanacaktır. Kalan %5'i ürün sürümünden sonraki bir ay içinde düzeltilecek ve onaylanacaktır,1,1,1,1,1,1,0,1,1
İntranet sayfaları 800x600 ve daha yüksek tüm çözünürlüklerde uygun şekilde görüntülenmelidir. Tüm sayfaların görüntüsü uygulamadan önce çözünürlüklerin %95'inde doğru olacaktır. Kalan %5'i yanlış görüntü bildiriminden sonraki bir hafta içinde düzeltilecektir,1,1,1,1,1,1,0,1,1
Kullanıcılar bütçelerini tamamlama için belirlenen süre içinde başarıyla tamamlamak için sistemi kolayca kullanabilmelidir. Ürün uygulamasından önce bir haftalık eğitimle kullanıcıların %98'i bütçelerini belirlenen süre içinde tamamlamalıdır,1,1,1,1,1,1,0,1,1
Ürün arayüzü hızlı olmalıdır. Ürün arayüzünün yanıt süresi zamanın %90'ında 2 saniyeyi geçmemelidir. Zamanın %10'u için yanıt süresi 10 saniyeden fazla olmamalıdır,1,1,1,1,1,1,0,1,1
Sistem etkilenen taraflara bilgi iletmek için birincil araç olarak saklanan e-posta adreslerini kullanacaktır,1,1,1,1,1,1,1,1,0
Sistem öğrencilere yaklaşan sunulan sınıfları (zaman çizelgesi) ve programlarının ne olacağını bildirmek dahil ancak bununla sınırlı olmamak üzere rutin iletişim amaçları için etkilenen tarafları bilgilendirecektir,1,1,1,1,1,1,1,1,0
Sistem klinik bölüm kapasite değişiklikleri ve klinik bölüm iptalleri dahil ancak bununla sınırlı olmamak üzere klinikleri etkileyen değişiklikler meydana geldiğinde etkilenen tarafları bilgilendirecektir,1,1,1,1,1,1,1,1,0
Sistem sınıf iptalleri sınıf bölümü detay değişiklikleri ve belirli bir çeyrek için sınıf tekliflerindeki değişiklikler dahil ancak bununla sınırlı olmamak üzere sınıfları etkileyen değişiklikler meydana geldiğinde etkilenen tarafları bilgilendirecektir,1,1,1,1,1,1,1,1,0
Uygulamanın özelliği verilen adresler için optimize edilmiş rota sağlamalıdır,1,1,1,1,1,1,1,1,0
Bu özellik kullanıcıya verilen adresler için optimize edilmiş bir rota seçmesini ve istenen konumlar arasında herhangi bir yolu sabitlemeyi sağlar,1,1,1,1,1,1,1,1,0
Hızlı internet bağlantısı zorunlu değildir ancak uygulamanın performansını artırır,1,1,1,1,1,1,1,1,0
Her kullanıcı isteğinden sonra yeni haritaların yüklenmesi gerekir,1,1,1,1,1,1,1,1,0
Bu uygulama için Google Maps API kullanıldığından Google tarafından belirlenen kullanım şartlarına uymamız zorunludur,1,1,1,1,1,1,1,1,0
Uygulamayı iTunes veya App store'dan yükledikten sonra kullanıcıdan giriş yapması istenecektir,1,1,1,1,1,1,1,1,0
Başarılı girişten sonra kullanıcı şu katalog seçeneklerinden birini seçebilir: İlkbahar 2013 Kış 2013,1,1,1,1,1,1,1,1,0
Seçime göre ürün kategorileri listelenecektir: Dış Giyim Soft Shell Polar Örme Dokuma Aktif Giyim Güvenlik Aksesuarlar Takım Giyim e.c.o. Koleksiyonu,1,1,1,1,1,1,1,1,0
Bir kategori seçildiğinde seçim için ürün küçük resim görüntüleri görünecektir,1,1,1,1,1,1,1,1,0
Kullanıcı daha sonra ürünü seçebilir ve detayları görüntüleyebilir,1,1,1,1,1,1,1,1,0
Detay sayfası web sitesiyle aynı özellikleri ve bilgileri içerecektir,1,1,1,1,1,1,1,1,0
Buradan kullanıcı sipariş için bir temsilciyi aramaya veya çevrimiçi ödeme işlemine devam edebilir,1,1,1,1,1,1,1,1,0
Başarılı girişten sonra kullanıcı katalog seçeneklerinden birini seçebilir veya uygulamanın sağ üst köşesindeki arama simgesi ile belirtilen arama işlevini kullanabilir,1,1,1,1,1,1,1,1,0
Simge seçildiğinde kullanıcının ürün adını ürün kimliği/SKU veya anahtar kelimeye göre araması için iki açık metin alanı kullanılabilir olacaktır,1,1,1,1,1,1,1,1,0
Başarılı bir sorguyu takiben arama özelliği arama sonuçlarını görüntülemek için uygulama veritabanını sorgulayacaktır. Başarısız bir sorguyu takiben arama özelliği eşleşme bulunamadığına dair bir hata mesajı görüntüleyecektir,1,1,1,1,1,1,0,1,0
Kullanıcı sonuçlardan istenen ürünü seçebilir ve ürün detaylarına devam edebilir,1,1,1,1,1,1,1,1,0
Buradan kullanıcı sipariş için bir temsilciyi aramaya veya çevrimiçi ödeme işlemine devam edebilir,1,1,1,1,1,1,1,1,0
Başarılı girişten sonra kullanıcı katalog seçeneklerinden birini seçebilir aramayı kullanabilir veya şu öğeleri bulmak için alt gezinmeyi kullanabilir: Katalog Videolar Bize Ulaşın,1,1,1,1,1,1,1,1,0
Kullanıcı katalog PDF'sini indirmeyi seçerse mobil cihazında görüntülenecektir,1,1,1,1,1,1,1,1,0
Kullanıcı videoları seçerse 360 video listesi görüntülenecektir. Bir video seçildiğinde cihazında oynatılacaktır,1,1,1,1,1,1,0,1,0
Tüm kullanıcılar mobil cihazlardaki standart hareketleri kullanarak görüntüleri yakınlaştırabilmelidir,1,1,1,1,1,1,1,1,0
Tüm Kullanıcılar soldan sağa kaydırarak bir sonraki ürünü görüntüleyebilecektir,1,1,1,1,1,1,1,1,0
Tüm kullanıcılar üst köşedeki geri düğmesi aracılığıyla ürün kategori sayfasına geri dönebilmelidir,1,1,1,1,1,1,1,1,0
Tüm kullanıcılar anahtar kelime veya ürün kimliğine göre arama yapabilmelidir,1,1,1,1,1,1,1,1,0
Tüm kullanıcılar Katalog PDF'sine 360 videolara erişmek ve bir temsilci ile iletişime geçmek için alt gezinme simgelerini kullanarak gezinebilmelidir,1,1,1,1,1,1,1,1,0
Uygulamanın kendisi minimum mantığa sahip olacaktır ve bu nedenle telefonun kendisinin gerektirdiği hesaplamada çok az veya hiç sorun olmamalıdır,1,1,1,1,1,1,1,1,0
Tek tehlike kullanıcının cihazı araç kullanırken gibi kullanmaması gereken zamanlarda kullanmasıdır,1,1,1,1,1,1,1,1,0
Uygulama kullanıcıların düzgün şekilde giriş yapması ve tanımlanması için INTERNAL sistemiyle bağlantı kurabilmelidir,1,1,1,1,1,1,1,1,0
Bu bilgiler güvende tutulmalıdır,1,0,1,1,1,1,1,0,0
Veri girişi gerçek bir bilgisayardaymış gibi olmaktan çok daha zor olmamalıdır,1,0,1,1,1,1,1,0,0
Bu uygulama bir telefonda olacağı için taşınabilirlik de önemlidir. Kullanıcıların cihaza sığdıramamasına neden olacak kadar fazla yer kaplamasını veya çok yavaş olmasını istemiyoruz,1,1,1,1,1,1,1,1,0
Kullanıcı tüm gerekli alanları doldurduğunda kullanıcının posta adresine bir etkinleştirme postası gönderilecektir,1,1,1,1,1,1,1,1,0
Kullanıcı hesabını etkinleştirdikten hemen sonra giriş yapabilecek ve sistemi kullanmaya başlayabilecektir,1,1,1,1,1,1,1,1,0
Kullanıcı kullanıcı adını veya e-postasını ve şifresini girer ve sisteme giriş yapar,1,1,1,1,1,1,1,1,0
Kullanıcı çıkış düğmesine dokunur ve sistemden çıkış yapar. Kullanıcı tekrar giriş yapana kadar sistemi kullanmayacaktır,1,1,1,1,1,1,0,1,0
Kullanıcı öğeleri arayabilir. Kullanıcı öğeleri fiyatlarına konumlarına kategorilerine göre arayabilir,1,1,1,1,1,1,1,1,0
Kullanıcı diğer kullanıcıların profillerine göz atabilir. Kullanıcı diğer kullanıcıların kullanıcı adlarını profil fotoğraflarını ve kullanıcıların öğelerini görebilir,1,1,1,1,1,1,1,1,0
Kullanıcı isteklerine göre kategorilere göz atabilir. Kullanıcı ayrıca her kategorinin kaç öğeye sahip olduğunu görebilir,1,1,1,1,1,1,1,1,0
Requirement,Appropriate,Complete,Conforming,Correct,Feasible,Necessary,Singular,Unambiguous,Verifiable
"Sistem, Olayları veya Aktiviteleri görüntüleyecektir.",1,0,0,1,1,1,1,0,0
"Görüntüde iki bölge olacaktır ekranın sol 2/3’ü grafiksel, sağ 1/3’ü veri tablosudur.",1,1,0,1,1,1,1,1,1
Hem grafikteki düğümlerde hem de tablodaki satırlarda görüntülenen veriler MSEL Özet verileri olacaktır.,1,1,0,1,1,1,1,1,1
Görüntünün tablo tarafı 2 bölgeye ayrılacaktır sıralı ve zamansal.,1,1,0,1,1,1,1,1,1
Tablonun üst 1/4’ü sıralı gerçekleşecek olayları içerecektir.,1,1,0,1,1,1,1,1,1
Tablonun alt 3/4’ü mevcut zamana göre ilişkili olayları içerecektir.,1,1,0,1,1,1,1,1,1
"Sistem, olayları mevcut zamandan sapmalarına göre renk kodlarıyla gösterecektir.",1,1,0,1,1,1,1,1,1
"Sistem, Aktivite veya Olay verilerinde yapılan değişikliklerin geçmiş raporunu sağlayacaktır.",1,1,0,1,1,1,1,1,1
Sistemin görünümü ve kullanılabilirliği akıllı cihazın kullanıcı arayüzü standartlarına uygun olacaktır.,1,1,1,1,1,1,1,1,1
Kullanıcı arayüzünde standart menüler ve gezinme butonları bulunacaktır.,1,1,1,1,1,1,1,1,1
"Sistem, MLS’deki yeni mülk ilanlarını güncelleyecek veya oluşturacaktır.",1,1,0,1,1,1,1,1,1
"Emlakçı, mülk kriterlerine dayalı bir CMA raporu oluşturabilecektir.",1,1,0,1,1,1,1,1,1
Program Yöneticileri ve Hemşirelik Personeli üyeleri ders dizisine klinik dersler veya bölümler ekleyebilecektir.,1,1,0,1,1,1,1,1,1
"Program Yöneticileri ve Hemşirelik Personeli, başlama ayı ve yılı ile tanımlanmış yeni bir grup (cohort) ekleyebilecektir.",1,1,0,1,1,1,1,1,1
"Program Yöneticileri ve Hemşirelik Personeli, hemşirelik bölümüne yeni dersler ekleyebilecektir.",1,1,0,1,1,1,1,1,1
"Bir ders, klinik olmayan veya klinik ders olabilir.",1,0,0,1,1,1,1,1,0
"Klinik olmayan ders; ders adı, derslik ihtiyaçları ve eğitmen ihtiyaçlarını belirtecektir.",1,1,0,1,1,1,1,1,1
"Klinik ders; ders adı, derslik ihtiyaçları, klinik saha ihtiyaçları, ders eğitmeni ihtiyaçları ve klinik laboratuvar eğitmeni ihtiyaçlarını belirtecektir.",1,1,0,1,1,1,1,1,1
Program Yöneticileri/Hemşirelik Personeli yeni bir Çalışma Programı (Program of Study) oluşturabilecektir.,1,1,0,1,1,1,1,1,1
"Çalışma Programı, bir program adı ve tamamlanması gereken zorunlu derslerden (klinik ve klinik olmayan) oluşacaktır.",1,1,0,1,1,1,1,1,1
"Program Yöneticileri ve Hemşirelik Personeli, Çalışma Programı için hangi derslerin zorunlu olduğunu belirleyebilecektir.",1,1,1,1,1,1,1,1,1
Sistem Program Yöneticileri/Hemşirelik Personeli’nin planlama amaçları için tüm programların tüm grupları için belirli bir dönemde ihtiyaç duyulan derslerin raporunu gösterebilecektir.,1,1,1,1,1,1,0,1,1
"Gerekli ders raporu; açılacak dersler, gereken bölüm sayısı, gereken laboratuvar sayısı ve ihtiyaç duyulan derslik türlerini içerecektir.",1,1,1,1,1,1,1,1,1
"Belirli bir grup için dersler, gün ve saat bakımından çakışmayacaktır.",1,1,1,1,1,1,1,1,1
Program Yöneticileri ve Hemşirelik Personeli sisteme yeni bir klinik saha ekleyebilecektir.,1,1,1,1,1,1,1,1,1
"Ürün, Internet Explorer 5.5 ve üzerini desteklemelidir.",1,1,1,1,1,1,1,1,1
"Ürün, Mozilla Firefox 1.0 ve üzerini desteklemelidir.",1,1,1,1,1,1,1,1,1
"Ürün, Choice Parts Sistemi ile arayüz oluşturmalıdır. Bu sistem geri dönüştürülmüş parça verilerini sağlar.",1,1,1,1,1,1,1,1,1
"Ürün, tüm ortamlarda mevcut donanım üzerinde çalışmalıdır.",1,1,1,1,1,1,1,0,0
"Ürün, kurumsal Mimari yönergelere uygun olmalıdır.",1,1,1,1,1,1,1,0,0
"Ürün, kurumsal Kullanıcı Arayüzü Yönergelerine uymalıdır.",1,1,1,1,1,1,1,0,0
"Ürün, kurumsal renk şemasına uymalıdır.",1,1,1,1,1,1,1,1,1
Ürünün görünümü profesyonel olmalıdır.,0,0,0,0,1,0,1,0,0
Yazılım ürününün Windows veya Linux platformlarında çalışması beklenmektedir.,1,1,1,1,1,1,1,1,1
"Ürün, Ayarlayıcılar (Adjusters) ve Çarpışma Tahmincileri (Collision Estimators) tarafından kolay kullanılabilir olmalıdır. Ayarlayıcıların ve Çarpışma Tahmincilerinin %95’i ürünü kullanmayı kolay bulmalıdır.",1,1,1,1,1,1,1,1,1
"Ürün, Çarpışma Tahmincilerinin verimliliğini artırmalıdır. Çarpışma Tahmincilerinin %80’i, ürünü kullandıktan sonraki 1 ay içinde verimliliklerinin arttığını kabul etmelidir.",1,1,1,1,1,1,1,1,1
"Kullanıcılar, ürünü kullanırken memnuniyet hissetmelidir. Tüm kullanıcıların %85’i üründen memnun olmalıdır.",1,1,1,1,1,1,1,1,1
"Ürün, Ayarlayıcılar ve Çarpışma Tahmincileri tarafından kolay öğrenilebilir olmalıdır. Ürün, iki günlük yerinde eğitim ile öğrenilebilmelidir.",1,1,1,1,1,1,1,1,1
"Kullanıcı, ürünü kullanırken talimatları kolayca bulabilmelidir. Kullanıcı yardımı sistemin %90’ında bulunabilir olmalıdır.",1,1,1,1,1,1,1,0,0
Geri dönüştürülmüş parçalar için arama 15 saniyeden uzun sürmemelidir. Arama sonuçları 15 saniye içinde döndürülmelidir.,1,1,1,1,1,1,1,1,1
Tercih edilen tamir tesisi için arama 8 saniyeden uzun sürmemelidir. Tercih edilen tamir tesisi 8 saniye içinde döndürülmelidir.,1,1,1,1,1,1,1,1,1
Geri dönüştürülmüş parçalar denetim raporu kullanıcıya 10 saniye içinde döndürülmelidir. Denetim raporu 10 saniye içinde sunulmalıdır.,1,1,1,1,1,1,1,1,1
Tercih edilen tamir tesisi puanlamaları 5 saniye içinde kaydedilmelidir. Kayıt işlemi 5 saniye içinde gerçekleşmelidir.,1,1,1,1,1,1,1,1,1
"Ürün, kurumsal çevrimiçi kullanılabilirlik planına uymalıdır. Uygulama, planlanan kesintilerin %98’i dahilinde kapatılmalıdır.",1,1,1,1,1,1,1,0,0
"Ürün %98 çalışma süresi sağlamalıdır. Ürün, çevrimiçi sürenin %2’sinden fazla hata vermemelidir.",1,1,1,1,1,1,1,1,1
Ürün aynı anda 1500 kullanıcıyı destekleyebilmelidir. Sistem 1500 kullanıcıyla birlikte çalışabilmelidir.,1,1,1,1,1,1,1,1,1
Geri dönüştürülmüş parçaların günlük ortalama kayıt sayısı 50.000 olmalıdır.,1,1,1,1,1,1,1,1,1
"Ürün, ilk lansmandan sonraki 2 yıl içinde 10.000 eşzamanlı kullanıcıyı destekleyebilmelidir.",1,1,1,1,1,1,1,1,1
"Tahminciler için ürün, kirli ve gürültülü koşullarda bir tamir tesisinde çalıştırılabilir olmalıdır.",1,1,1,1,1,1,1,0,0
"Ürün, ChoiceParts sistemiyle günde bir kez yaklaşık saat 01:00’de arayüz oluşturmalıdır.",1,1,1,1,1,1,1,1,1
"Ürünün bakımı, belirlenmiş kurumsal bakım aralıklarında yapılacaktır.",1,1,1,1,1,1,1,0,0
"Ürün, kurumsal destek merkezi aracılığıyla desteklenecektir.",1,1,1,1,1,1,1,1,0
"Ürün kurulumları ve yükseltmeleri, belirlenmiş yayın zaman dilimleri içerisinde ara katman teknolojisi ekibi tarafından gerçekleştirilecektir.",1,1,1,1,1,1,1,0,0
Yalnızca ayarlayıcılar (adjusters) geri dönüştürülmüş parçalar denetim raporu talep edebilir. Ayarlayıcı rolüne sahip olmayan kullanıcılar geri dönüştürülmüş parça denetimlerini talep edemez.,1,1,1,1,1,1,1,1,1
Yalnızca süpervizör rolüne sahip ayarlayıcılar tercih edilen tamir tesisi puanlarını güncelleyebilir. Süpervizör rolüne sahip olmayan kullanıcılar bu puanlamalara erişemez.,1,1,1,1,1,1,1,1,1
Yalnızca çarpışma tahmincileri (collision estimators) geri dönüştürülmüş parçaları arayabilir. Çarpışma tahmincisi rolüne sahip olmayan kullanıcılar bu aramaya erişemez.,1,1,1,1,1,1,1,1,1
Sisteme yalnızca geçerli veriler girilmelidir. Geçersiz veriler sisteme girilemez.,1,1,1,1,1,1,1,0,0
"Bir sigorta şirketi, başka bir sigorta şirketinin hasar verilerini görüntüleyemez.",1,1,1,1,1,1,1,1,1
Ürün bilgisayar virüslerinden arınmış olmalıdır.,1,1,1,1,0,1,1,0,0
"Sistem, hizmet reddi (DoS) dahil kötü niyetli saldırıları önlemelidir.",1,1,1,1,0,1,1,0,0
Ürün Sarbanes-Oxley düzenlemelerine uymalıdır.,1,1,1,1,1,1,1,0,0
"Ürün, geri dönüştürülmüş parça kullanımıyla ilgili tahmin yasalarına uymalıdır.",1,1,1,1,1,1,1,0,0
"Ürün, hasar işlemleriyle ilgili sigorta düzenlemelerine uymalıdır.",1,1,1,1,1,1,1,0,0
"Kullanıcı, tercih edilen tamir tesisini araç, araç konumu ve mil cinsinden yarıçap kullanarak aramalıdır.",1,1,1,1,1,1,1,1,1
"Araç verileri, araç yılı, markası ve modelini içermelidir.",1,1,1,1,1,1,1,1,1
"Araç konumu; sokak adresi, şehir, eyalet ve posta kodunu içermelidir.",1,1,1,1,1,1,1,1,1
"Sistem, posta kodu bilinmiyorsa sokak adresi, şehir ve eyalete göre posta kodunu belirlemelidir.",1,1,1,1,1,1,1,1,1
Arama yarıçapı 1 ila 30 mil arasında olmalıdır.,1,1,1,1,1,1,1,1,1
"Sistem, girilen kriterlere göre en yüksek puanlı tercih edilen tamir tesisini bulmalıdır.",1,1,1,1,1,1,1,1,1
"Ayarlayıcı (adjuster), tahmin atamasına tercih edilen tamir tesisini girmelidir.",1,1,1,1,1,1,1,1,1
"Ayarlayıcı, tahmin atamasında tercih edilen tamir tesisini geçersiz kılabilmelidir.",1,1,1,1,1,1,1,1,1
Tercih edilen tamir tesisi kullanıcıya döndürülmelidir.,1,1,1,1,1,1,1,1,1
"Tercih edilen tamir tesisi belirlenemiyorsa sistem, yarıçap içindeki tamir tesislerinin bir listesini döndürmelidir.",1,1,1,1,1,1,1,1,1
"Tahminci (estimator), hasarlı araç parça bilgilerini kullanarak mevcut geri dönüştürülmüş parçaları aramalıdır.",1,1,1,1,1,1,1,1,1
"Tahminci, tercih edilen parça tedarikçileri listesini kullanarak mevcut geri dönüştürülmüş parçaları aramalıdır.",1,1,1,1,1,1,1,1,1
"Sistem, sağlanan araç parçaları ve tedarikçiler için mevcut geri dönüştürülmüş parçaları aramalıdır.",1,1,1,1,1,1,1,1,1
"Tercih edilen parça tedarikçileri için parça bulunamazsa tahminci, posta kodu ve 30 millik yarıçap ile arama yapmalıdır.",1,1,1,1,1,1,1,1,1
"Sistem, aramadan döndürülen mevcut geri dönüştürülmüş parçaları ve tedarikçileri saklamalıdır.",1,1,1,1,1,1,1,1,1
Mevcut geri dönüştürülmüş parçaların bilgileri ve bunların tedarikçileri kullanıcıya döndürülmelidir.,1,1,1,1,1,1,1,1,1
"Tahminci, seçilen geri dönüştürülmüş parçaları çarpışma tahminine uygulamalıdır.",1,1,1,1,1,1,1,1,1
Hiçbir mevcut parça döndürülmezse tahminci geri dönüştürülmüş parçaları çarpışma tahminine uygulamamalıdır.,1,1,1,1,1,1,1,1,1
"Ayarlayıcı, çarpışma tahminini gözden geçirmelidir.",1,1,1,1,1,1,1,1,1
"Ayarlayıcı, çarpışma tahmininin geri dönüştürülmüş parça denetimini talep etmelidir.",1,1,1,1,1,1,1,1,1
Tahminciye sağlanan geri dönüştürülmüş parça arama sonuçları sistem tarafından alınmalıdır.,1,1,1,1,1,1,1,0,1
"Sistem, mevcut geri dönüştürülmüş parçalar ve çarpışma tahmini baz alınarak bir denetim raporu oluşturmalıdır.",1,1,1,1,1,1,1,1,1
"Denetim raporu, tahminde kullanılan geri dönüştürülmüş parça toplamını içermelidir.",1,1,1,1,1,1,1,1,1
"Denetim raporu, orijinal arama sonuçlarından dönen mevcut geri dönüştürülmüş parça sayısını içermelidir.",1,1,1,1,1,1,1,1,1
"Denetim raporu, tahminde kullanılan mevcut geri dönüştürülmüş parçaların yüzdesini içermelidir.",1,1,1,1,1,1,1,0,1
"Denetim raporu, bireysel satır öğelerinin toplamından oluşan denetimin toplam puanını içermelidir.",1,1,1,1,1,1,1,0,0
Denetim raporu kullanıcıya görüntülenmelidir.,1,1,1,1,1,1,1,1,1
Denetim raporu daha sonraki zamanlarda diğer ayarlayıcıların erişimine açık olmalıdır.,1,1,1,1,1,1,1,0,0
"Kullanıcı, tercih edilen tamir tesisi puanlarını görüntülemeyi seçmelidir.",1,1,1,1,1,1,1,1,1
Güncel tamir tesisi puanları kullanıcıya gösterilmelidir.,1,1,1,1,1,1,1,1,1
Sistemde henüz puan tanımlanmamışsa sistem boş bir puan seti gösterecektir.,1,1,1,1,1,1,1,1,1
"Kullanıcı, denetim raporuna dayanarak yeni puanlar girmelidir.",1,1,1,1,1,1,1,1,1
Puanlamalar 1-10 ölçeğinde olmalıdır.,1,1,1,1,1,1,1,1,1
"Puanlamalar, geri dönüştürülmüş parçaların denenmiş kullanımı ve fiili kullanımı için kategorileri içermelidir.",1,1,1,1,1,1,1,0,1
"Kullanıcı, tercih edilen tamir tesisi puanlarını kaydetmeyi seçmelidir.",1,1,1,1,1,1,1,1,1
Tercih edilen tamir tesisi puanları sistem tarafından kaydedilmelidir.,1,1,1,1,1,1,1,1,1
"Ürün, piyasadaki çoğu veritabanı yönetim sistemi (DBMS) ile çalışabilmelidir; DBMS ürünle aynı makinede olabileceği gibi aynı bilgisayar ağındaki farklı bir makinede de yer alabilir.",1,0,1,1,1,1,1,0,0
"Ürün, Java çalışma zamanı kurulabilen herhangi bir işletim sisteminde sunucu yazılımlarıyla birlikte çalışacaktır.",1,1,1,1,1,1,1,0,1
"Ürün, bir veritabanı yönetim sistemi (DBMS) ile birlikte çalışmayı gerektirecektir. DBMS, ürünle aynı makinede ya da aynı bilgisayar ağında ayrı bir makinede bulunabilir.",1,1,1,1,1,1,1,1,1
"Ürün, web/uygulama sunucusu teknolojisini kullanmalıdır. Açık kaynak örnekleri: Apache, Tomcat ve JBoss.",1,1,1,1,1,1,1,1,1
"Oracle, DB2, MySQL veya HSQL gibi bir veritabanı yönetim sistemi ürünle entegre edilmelidir.",1,1,1,1,1,1,1,1,1
"Ürünün görünüm ve hissi (look and feel), müşterinin organizasyonuna ait logo, marka ve kimlik gibi unsurları içerebilecek şekilde yapılandırılabilmelidir.",1,0,1,1,1,1,1,0,0
Ürünün görünümü muhafazakâr ve profesyonel olmalıdır.,1,0,1,1,1,1,1,0,0
"Ürün, kullanıcıların kullanmak istemesini sağlamalıdır. Anket edilen kullanıcıların %80’i, lansmandan sonraki ilk 2 haftadan sonra ürünü düzenli olarak kullandıklarını bildirmelidir.",1,1,1,1,1,1,1,1,1
Ürün kolay kullanılmalıdır. Kullanıcıların %90’ı ürünü kullanmaya başladıktan sonraki 5 dakika içinde başarılı biçimde toplantı odası ayırtabilmelidir.,1,1,1,1,1,1,1,1,1
"Ürün, gerekli olduğunda kullanıcılara geri bildirim vermelidir. Anket edilen kullanıcıların %80’i ürünün eylemlerini doğru şekilde onayladığını bildirmelidir.",1,1,1,1,1,1,1,0,1
"Ürün, kullanıcıya hedef pazar ülkelerinden birinin dilini seçme olanağı sunmalıdır.",1,0,1,1,1,1,1,0,0
"Ürün, başlangıç sayfası ve görünüm tercihlerinin özelleştirilmesine izin vermelidir.",1,1,1,1,1,1,1,1,1
Bir çalışan ürünü birkaç dakika içinde başarılı biçimde kullanabilir olacaktır. Üründe 15 dakikadan daha kısa bir süre içinde gayri resmi gezinme sonrası kullanıcılar toplantı kurma ve toplantı odası ayırtmayı başarıyla gerçekleştirebilmelidir.,1,1,1,1,1,1,0,0,1
"Ürün, çoğu web kullanıcısına tanıdık gelen standart bir gezinme menüsü kullanmalıdır.",1,0,1,1,1,1,1,0,0
"Ürün, mevcut toplantı odalarının sezgisel (intuitive) şekilde aranmasına imkan vermelidir.",1,1,1,1,1,1,1,0,0
"Ürün, Amerika Engelliler Yasası (Americans with Disabilities Act - ADA) ile uyumlu olmalıdır.",1,1,1,1,1,1,1,0,0
"Yanıtlar kullanıcının düşünce akışını kesmeyecek kadar hızlı olmalıdır. Görevlerin %90’ı 5 saniye içinde, %98’i ise 8 saniye içinde tamamlanmalıdır.",1,1,1,1,1,1,1,1,1
Sunucu arızaları dışında yazılım ürünü %99.99 çalışma süresi (uptime) sağlamalıdır.,1,1,1,1,1,1,1,0,1
"Ürün, karşılaşılan sorunların bir istisna kaydını oluşturacak ve analiz ve çözüm için şirketimize iletecektir.",1,1,1,1,1,1,1,1,1
"Ürün, aynı anda 1.000 isteği işleyebilecek kapasitede olmalıdır. Bu sayı, Sürüm 2’de 2.000’e çıkarılacaktır. Eşzamanlılık kapasitesi, sabah erken ve öğleden sonra geç saatler gibi yoğun zamanları karşılayabilmelidir.",1,1,1,1,1,1,0,0,1
"Ürün, piyasaya sürülmesinden iki yıl içinde saatte 10.000 işlemi gerçekleştirebilecektir. Bu sayı Sürüm 2’de 20.000’e çıkarılacaktır.",1,1,1,1,1,1,0,0,1
"Ürün, her müşteri kurulumunda en az 5 yıl çalışacak şekilde tasarlanmalıdır.",1,1,1,1,1,1,1,1,1
"Ürün, ofis ortamlarında kullanılacaktır.",1,1,1,1,1,1,1,1,1
"Ürün, herhangi bir HTML tarayıcısıyla etkileşim kurabilmelidir. Ürün, kullanıcı ile ürün arasında verileri sorunsuz iletecek ve test edilen tüm HTML tarayıcıların %80’inde HTML’i doğru şekilde gösterecektir (minimum 8 tarayıcı test edilecektir).",1,1,1,1,1,1,0,0,1
"Ürün, çeşitli veri tabanı yönetim sistemleriyle etkileşim kurabilmelidir. Ürün, tüm işlemlerin %100’ünde veri tabanı yönetim sistemiyle başarılı şekilde iletişim kuracaktır.",1,1,1,1,1,1,1,0,1
"Ürün, karşılaşılan sorunları içeren bir istisna kaydı oluşturacak ve analiz ve çözüm için şirketimize iletilecektir.",1,1,1,1,1,1,1,1,1
"Ürün, aynı anda 1.000 isteği işleyebilecektir. Bu sayı, Sürüm 2’de 2.000’e yükselecektir. Ürün, yoğun zamanlarda (sabah erken ve öğleden sonra geç saatler) bu kapasiteyi karşılayabilmelidir.",1,1,1,1,1,1,1,0,1
"Ürün, piyasaya sürülmesinden iki yıl içinde saatte 10.000 işlemi gerçekleştirebilecektir. Bu sayı, Sürüm 2’de 20.000’e yükselecektir.",1,1,1,1,1,1,1,0,1
"Ürün, yalnızca şirket çalışanlarının veya şirket tarafından onaylanmış kullanıcı kimliklerine sahip dış kullanıcıların ürün erişimine sahip olmasını sağlayacaktır. Tüm girişlerin %100'ü yalnızca şirket çalışanları veya onaylı kullanıcı kimlikleri ile gerçekleşecektir.",1,1,1,1,1,1,1,1,1
Sadece yöneticiler kullanıcıya göre rezervasyon sorgusu yapabilir. Tüm rezervasyon sorgularının %100'ü yalnızca yönetici girişlerinden yapılacaktır.,1,1,1,1,1,1,1,1,1
"Ürün, veritabanındaki verilerin kullanıcı tarafından girilen bilgilerle eşleşmesini sağlayacaktır. Sistem üzerindeki her konferans odası rezervasyonu, kullanıcı tarafından girilen aynı bilgileri içerecektir.",1,1,1,1,1,1,1,1,1
"Ürün, kötü amaçlı veri girişini engelleyecektir. Ürün ve/veya bağlantılı donanım/yazılım sistemlerinin verileri, her kötü amaçlı veri girişi sırasında %100 bozulmadan kalacaktır.",1,1,1,1,1,1,1,1,1
"Ürün ve/veya bağlı veritabanları/dosyalar, kötü amaçlı veri girişine rağmen çalışmaya devam edecektir. Kötü amaçlı veri girişleri sırasında ürün ve/veya bağlı veritabanları/dosyalar %100 çökmeden çalışacaktır.",1,1,1,1,1,1,1,1,1
"Ürünün dili, hedef pazarlardaki tüm ülkeleri kapsayacaktır. Her hedef pazar ülkesinden katılımcıların %90'ı, ürünün dilinin kabul edilebilir olduğunu belirleyecektir.",1,1,1,1,1,1,1,1,1
"Ürün, J2SE/J2EE programlama dili kütüphaneleri ile geliştirilecektir.",1,1,1,1,1,1,1,1,1
"Ürün, toplantı kayıtlarını tutacaktır.",1,1,1,1,1,1,1,1,1
"Ürün, çalışanlara toplantı davetlerini bildirecektir.",1,1,1,1,1,1,1,1,1
"Ürün, çalışanlara toplantı hatırlatmaları gönderebilecektir.",1,1,1,1,1,1,1,1,1
"Ürün, her toplantıyı oluşturan organizatörün iletişim bilgilerini toplantıya atayacaktır.",1,1,1,1,1,1,1,1,1
"Ürün, toplantı onaylarını kaydedecektir.",1,1,1,1,1,1,1,1,1
"Ürün, yeni konferans odalarını depolayabilecektir.",1,1,1,1,1,1,1,1,1
"Ürün, mevcut konferans odalarını güncelleyebilecektir.",1,1,1,1,1,1,1,1,1
"Ürün, konferans odalarını silebilecektir.",1,1,1,1,1,1,1,1,1
"Ürün, yeni oda ekipmanlarını depolayabilecektir.",1,1,1,1,1,1,1,1,1
"Ürün, mevcut oda ekipmanlarını güncelleyebilecektir.",1,1,1,1,1,1,1,1,1
Son 30 gün için Envanter Miktarı Düzeltme işleminin tamamlanması 30 dakikadan fazla sürmeyecektir.,1,1,1,1,1,1,1,1,1
Sistem aynı anda en az 6 kullanıcının çalışmasına izin verecektir.,1,1,1,1,1,1,1,1,1
Sistem mevcut bilgisayar ekipmanlarını kullanacaktır.,1,1,1,1,1,1,1,1,0
Sistem iş verilerini otomatik olarak yedekleyip talep üzerine geri yükleyebilecektir.,1,1,1,1,1,1,1,1,1
Sistem tutarlı güvenliği sağlayacaktır. Kullanıcı şifreleri ve/veya izinlerde yapılan değişiklikler sistemin tüm bölümlerinde geçerli olacaktır.,1,1,1,1,1,1,1,1,1
"Sistem, tüm ana alt sistemler için erişim haklarını detaylı şekilde kontrol edebilecektir. Tüm alt sistemler için erişim hakları bağımsız olarak atanabilir olmalıdır.",1,1,1,1,1,1,1,1,1
"Sistem, tüm geçerli muhasebe standartlarına uyacaktır. Sistem nihai sürümü, bağımsız bir denetçi tarafından yapılan denetimi başarıyla geçmelidir.",1,1,1,1,1,1,1,1,1
"Sistem, telif ücreti gerektiren ek üçüncü taraf lisanslarına ihtiyaç duymayacaktır.",1,1,1,1,1,1,1,1,1
"Sistem, Envanter Miktarı Düzeltme belgelerinin talep üzerine oluşturulmasına izin verecektir.",1,1,1,1,1,1,1,1,1
"Sistem, belirli bir zamandan itibaren tüm Envanter Miktarı Düzeltme belgelerinin talep üzerine oluşturulmasına izin verecektir.",1,1,1,1,1,1,1,1,1
IQA alt sistemi mevcut envanter durumunu dikkate alacak ve ikame edilebilir malzemelerin envanterini buna göre ayarlayacaktır.,1,1,1,1,1,1,1,1,1
"Sistem, ürün formüllerinin girilmesine, depolanmasına ve değiştirilmesine izin verecektir.",1,1,1,1,1,1,1,1,1
"Ürün formülleri, kendi formüllerine sahip yarı ürünlerin kullanılmasına izin verecektir.",1,1,1,1,1,1,1,1,1
"Ürün formülü bileşenleri, ikame edilebilir malzemelerin tanımlanmasına izin verecektir.",1,1,1,1,1,1,1,1,1
"Formül ikame edilebilir bileşenler, kalıcı sırayla saklanacaktır.",1,1,1,1,1,1,1,1,1
"Ürün, POS terminalleri tarafından kullanılan ürün menülerinin girilmesine, depolanmasına ve değiştirilmesine izin verecektir.",1,1,1,1,1,1,0,0,1
"PME alt sistemi, muhasebe sisteminde saklanan ürün listesine dayalı olarak ürün menüleri oluşturulmasına izin verecektir.",1,1,1,1,1,1,1,1,1
"PME alt sistemi, menüler içinde alt menülerin ve alt menüler içinde ürünlerin yönetilen ve kalıcı sırayla saklanmasına izin verecektir.",1,1,1,1,1,1,0,0,1
"Formül ikame edilebilir bileşenler, PFE alt sistemi tarafından otomatik olarak girilecektir.",1,1,1,1,1,1,1,1,1
"Formül ikame edilebilir bileşenler, kalıcı sırayla saklanacaktır.",1,1,1,1,1,1,1,1,1
"Ürün, POS terminalleri tarafından kullanılan ürün menülerinin girilmesine, depolanmasına ve değiştirilmesine izin verecektir.",1,1,1,1,1,1,0,0,1
"PME alt sistemi, muhasebe sisteminde saklanan ürün listesine dayalı olarak ürün menüleri oluşturulmasına izin verecektir.",1,1,1,1,1,1,1,1,1
"PME alt sistemi, menüler içinde alt menülerin ve alt menüler içinde ürünlerin yönetilen ve kalıcı sırayla saklanmasına izin verecektir.",1,1,1,1,1,1,0,0,1
"PME alt sistemi, bir ürünün birden fazla alt menüde bulunmasına izin verecektir.",1,1,1,1,1,1,1,1,1
"RMS sistemi, Windows XP görünüme sahip olacak ve GUI özelliklerini kullanarak kullanımını sezgisel hale getirecektir.",1,1,1,1,1,1,1,1,1
"Sistem, ürün günlük satış verilerine ve ürün formüllerine dayanarak Envanter Miktarı Ayarlama belgesi oluşturacaktır.",1,1,1,1,1,1,1,1,1
"Sistem, ürün günlük satış verileri ve ürün formüllerine dayalı olarak Envanter Miktarı Düzeltme belgeleri üretecektir.",1,1,1,1,1,1,1,1,1
"Sistem, günlük Ürün Satış verileri mevcut olduğunda Envanter Miktarı Düzeltme belgelerini otomatik olarak oluşturacaktır.",1,1,1,1,1,1,1,1,1
"Yönetici, Yönetim bölümünden ön ödemeli kartı 5 saniye içinde aktive edebilecektir.",1,1,1,1,1,1,1,1,1
"Müşteri, ön ödemeli kartlarının durumunu PIN numarası girerek 5 saniye içinde kontrol edebilecektir.",1,1,1,1,1,1,1,1,1
"Sistem, müşterilerin web sitesinde 'kullandıkça öde' kullanıcı olarak 5 dakika içinde kayıt olmalarını sağlayacaktır.",1,1,1,1,1,1,1,1,1
"Sistem, müşterilerin web sitesinde 'sınırsız film abonesi' kullanıcı olarak 10 dakika içinde kayıt olmalarını sağlayacaktır.",1,1,1,1,1,1,1,1,1
"Sistem, mevcut müşterilerin e-posta adresi ve şifre ile web sitesine 5 saniye içinde giriş yapmasına izin verecektir.",1,1,1,1,1,1,1,1,1
"Sistem, müşterilerin hesaplarını iptal etmelerine izin verecek, işlem 2 dakikadan uzun sürmeyecek, veritabanı hesabı pasif olarak işaretleyecek ve kullanıcı web sitesine giriş yapamayacaktır.",1,1,1,1,1,1,1,1,1
"Sistem, yöneticinin müşteri hesabını 1 dakika içinde devre dışı bırakmasına izin verecek, müşteri artık web sitesine erişemeyecektir.",1,1,1,1,1,1,1,1,1
"Yönetici, web sitesinde filmleri 5 dakika içinde ekleyip/silebilecektir. Girilen film bilgileri veritabanında saklanacak ve siteye yansıyacaktır.",1,1,1,1,1,1,1,1,1
"Yönetici, web sitesinde kategorileri 5 dakika içinde ekleyip/silebilecektir.",1,1,1,1,1,1,1,1,1
"Izogn yöneticisi, satış ve kullanım istatistiklerine 2 dakika içinde erişebilecektir.",1,1,1,1,1,1,1,1,1
"Yönetici, benzersiz ön ödemeli PINler oluşturabilecek ve Excel dosyasıyla kaydedebilecektir.",1,1,1,1,1,1,1,1,1
Web sitesi tüm kitleler için çekici görünmelidir; eğlenceli ve renkler parlak olmalıdır.,1,1,1,1,1,1,0,0,0
"Web sitesi modern, temiz ve sade bir tasarıma sahip olmalıdır.",1,1,1,1,1,1,0,0,0
"Ürün, Internet üzerinde acemi kullanıcıların %90'ı tarafından kullanılabilir olmalıdır.",1,1,1,1,1,1,1,1,1
"Kullanıcılar, web sitesinde hesap oluşturmak için en fazla 4 sayfa gezinmek zorunda olmalıdır.",1,1,1,1,1,1,1,1,1
"Kullanıcılar, web sitesine giriş yaptıktan sonra filmlerine 2 tıklamada erişebilmelidir.",1,1,1,1,1,1,1,1,1
"Gizli anketler, kullanıcıların %70'inin 2 hafta içinde akışlı film satın almayı rahat bulduğunu göstermelidir.",1,1,1,1,1,1,0,0,0
"Gizli anketler, kullanıcıların %95'inin bir ay sonra ön ödemeli kartları kullanmayı ve satın almayı rahat bulduğunu göstermelidir.",1,1,1,1,1,1,0,0,0
"Ürün, müşteri satın alma tercihlerini ve bilgilerini saklamalıdır.",1,1,1,1,1,1,1,1,1
"Ürün, acemi kullanıcıların internet üzerinden film satın almasını ve izlemesini kolaylaştırmalıdır; belirlenmiş bir filmi 3 dakikada izleyebilmelidir.",1,1,1,1,1,1,1,1,1
Streaming sunucusu maksimum 700 filmi destekleyecektir; daha fazla film için yeni sunucular eklenebilir., 1,1,1,1,1,1,1,1,1
Sunucu maksimum 1.000 eşzamanlı kullanıcıyı destekleyecektir., 1,1,1,1,1,1,1,1,1
Web sitesi 100.000 müşteriyi destekleyebilecek kapasitede olmalıdır., 1,1,1,1,1,1,1,1,1
Ürünün en fazla bakım bütçesi içinde en az 2 yıl çalışması beklenmelidir., 1,1,1,1,1,1,1,0,0
Web sitesinin tüm özelliklerine bir web tarayıcısı üzerinden İnternet üzerinden erişilebilmelidir., 1,1,1,1,1,1,1,1,1
Mevcut web sitesini destekleyen aynı donanım yeni sistemi desteklemek için kullanılacaktır., 1,1,1,1,1,1,1,1,1
"Aşağıdaki tarayıcılarla arayüz kurulabilmelidir: IE 5.X, 6.0, Netscape 6.x, 7.x, 8.x ve Firefox 1.0.", 1,1,1,1,1,1,1,1,1
"Web sitesi, kredi kartı işlemlerini işlemek için CyberSource API ile arayüz kurmalıdır.", 1,1,1,1,1,1,1,1,1
Web sitesi MSN TV2 ile tam olarak çalışır durumda olmalıdır., 1,0,1,1,1,1,1,0,0
Filmler Windows Media Player 9.0 üzerinden kodlanmalı ve akış (stream) yapılmalıdır., 1,1,1,1,1,1,1,1,1
Filmler 56k ve 256k hızındaki akışlar için kodlanmalıdır., 1,1,1,1,1,1,1,1,1
Web sitesine yapılacak promosyon güncellemeleri bir gün içinde tamamlanmalıdır., 1,1,1,1,1,1,1,1,1
"Izogn yöneticisi, web sitesindeki kategori listelerini 2 dakika içinde güncelleyebilmelidir.", 1,1,1,1,1,1,1,1,1
"Izogn yöneticisi, web sitesine yeni ürünleri 2 dakika içinde ekleyebilmelidir.", 1,1,1,1,1,1,1,1,1
"Sistem, müşterilere destek sağlamak için 24 saat hizmet veren 800 numaralı ücretsiz bir hattı sunacaktır.", 1,1,1,1,1,1,1,1,1
"Web sitesi, yaygın sorunlara yanıt ve çözümler içeren bir yardım bölümü sunacaktır.", 1,1,1,1,1,1,1,1,1
"Velkat personeli, Pazartesi-Cuma 07:00–19:00 saatleri arasında Izogn yöneticilerine teknik destek sağlamak için telefon desteği sunacaktır.", 1,1,1,1,1,1,1,1,1
"Ürün, belirtilen ortamda 1 iş günü içinde kurulabilmelidir.", 1,1,1,1,1,1,1,1,1
Sadece kayıtlı müşteriler streaming filmleri satın alabilir., 1,1,1,1,1,1,1,1,1
Bir müşteri yalnızca filmi satın aldıysa ve 2 günlük izleme süresi içindeyse streaming yapabili., 1,1,1,1,1,1,1,1,1
Sadece yetkili personel müşteri kayıtlarına erişebilir., 1,1,1,1,1,1,1,1,1
Sadece yöneticiler ön ödemeli kartı aktifleştirebilir., 1,1,1,1,1,1,1,1,1
Sadece yetkili personel satış bilgilerine erişebilir., 1,1,1,1,1,1,1,1,1
"Web sitesi, yanlış veri girildiğinde verilerini bozulmaktan koruyacaktır.", 1,1,1,1,1,1,1,1,1
"Web sitesi, kasıtlı kötüye kullanımı engelleyecek ve tüm olaylarda yöneticiyi bilgilendirecektir.", 1,1,1,1,1,1,1,1,1
Veri bütünlüğü betikleri haftalık olarak çalıştırılacak ve veritabanının bütünlüğü doğrulanacaktır., 1,1,1,1,1,1,1,1,1
"Web sitesi, kullanıcıdan veri toplarken bilgileri nasıl kullanacağını tüm sayfalarda erişilebilir Gizlilik Politikası ile bildirecektir.", 1,1,1,1,1,1,1,1,1
"Sistem, kullanıcıları bilgi politikasındaki değişiklikler hakkında bilgilendirecektir.", 1,1,1,1,1,1,1,1,1
"Sistem, özel bilgileri yalnızca organizasyonun bilgi politikasına uygun olarak açıklayacaktır.", 1,1,1,1,1,1,1,1,1
Tüm müşteri bilgileri yalnızca yetkili personelin erişebileceği güvenli bir veritabanında saklanacaktır., 1,1,1,1,1,1,1,1,1
Tüm kredi kartı bilgileri veritabanında şifrelenmiş olarak saklanacaktır., 1,1,1,1,1,1,1,1,1
Streaming sunucusunda kötü amaçlı virüsleri önlemek için anti-virüs yazılımı bulunacaktır, 1,1,1,1,1,1,1,1,1
"Web sitesi, Nijerya’daki tüm kabilelere hitap etmelidir", 1,1,1,0,1,1,1,0,0
Web sitesi dini veya etnik gruplara karşı saldırgan olmamalıdır, 1,1,1,1,1,1,1,1,1
"Web sitesi yalnızca Nijeryalılar değil, tüm Afrikalılara hitap etmelidir", 1,1,1,0,1,1,1,0,0
"Web sitesi, ana sayfada animasyon sağlamak için Flash kullanmalıdır", 1,1,1,1,1,1,1,1,1
"IzognMovies, Afrika filmlerini yayınlamak için ilgili kuruluşlar tarafından belirlenen lisanslama gerekliliklerini karşılamalıdır", 1,1,1,1,1,1,1,1,1
Web sitesi W3C standartlarına uygun olacaktır, 1,1,1,1,1,1,1,1,1
PHP kodu PEAR standartlarına uygun olacaktır, 1,1,1,1,1,1,1,1,1
"Web sitesi müşterilerin filmleri başlık, oyuncu veya yönetmen bilgisine göre aramasına izin verecektir", 1,1,1,1,1,1,1,1,1
"Film detaylarını görüntülerken web sitesi, yöneticinin girdiği filmin açıklamasını, oyuncularını ve yönetmenini gösterecektir", 1,1,1,1,1,1,1,1,1
"Web sitesi, bir kullanıcıya film akışı izleme izni vermeden önce kredi kartı ödemesini talep edecek ve yetkilendirecektir", 1,1,1,1,1,1,1,1,1
"Satın alınan film, satın alma tarihinden itibaren 2 gün boyunca Windows Media Player üzerinden izlenebilecektir", 1,1,1,1,1,1,1,1,1
"Web sitesi, müşterilerin filmleri izogn yöneticisi tarafından girilen kategorilere göre gezmesine izin verecektir", 1,1,1,1,1,1,1,1,1
"Web sitesi, müşterilerin seçilen filmlere diğer müşteriler tarafından yapılan yorumları görüntülemesine izin verecektir", 1,1,1,1,1,1,1,1,1
"Web sitesi, müşterilerin seçilen film için kendi yorumlarını eklemesine izin verecektir", 1,1,1,1,1,1,1,1,1
"Web sitesi, izogn yöneticisinin müşteriler tarafından gönderilen bir yorumu onaylamasına izin verecektir", 1,1,1,1,1,1,1,1,1
"Sistem, müşterilerin bir film için ön ödemeli kartla ödeme yapmasına izin verecektir", 1,1,1,1,1,1,1,1,1
"Web sitesi, müşterilerin $5, $10 veya $20 değerinde ön ödemeli kartları kredi kartı veya posta ile ödeme seçeneğiyle satın almasına izin verecektir", 1,1,1,1,1,1,1,1,1
"Sistem, web sitesinin ana sayfasını her Cuma otomatik olarak güncelleyecek ve eklenen 4 en son filmi gösterecektir", 1,1,1,1,1,1,1,1,1
"Sistem, kullanıcıların web sitesindeki “Hesabım” bölümü üzerinden fatura ve iletişim bilgilerini güncellemesine izin verecektir", 1,1,1,1,1,1,1,1,1
Ön ödemeli kartlar e-posta veya basılı kart yoluyla dağıtılacaktır, 1,1,1,1,1,1,1,1,1
Sadece kayıtlı müşteriler streaming filmleri satın alabilir, 1,1,1,1,1,1,1,1,1
"Müşteri bir filmi satın aldıysa ve 2 günlük izleme süresi içindeyse, film akışı yapılabilir", 1,1,1,1,1,1,1,1,1
"Web sitesi, Izogn Yöneticisi tarafından belirlenen çeşitli parametrelerle ücretsiz deneme sürelerini destekleyebilmelidir", 1,1,1,1,1,1,1,1,1
Tüm streaming film satışları veritabanında kaydedilecek ve yönetici tarafından erişilebilir olacaktır, 1,1,1,1,1,1,1,1,1
"Tüm kayıtlı müşteri bilgileri, müşteri hesabını iptal etse bile veritabanında saklanacak ve korunacaktır", 1,1,1,1,1,1,1,1,1
Günlük kullanım istatistikleri kaydedilecek ve yönetici tarafından erişilebilir olacaktır, 1,1,1,1,1,1,1,1,1
"Sahip, tüm streaming filmlere ücretsiz erişime sahip olacaktır", 1,1,1,1,1,1,1,0,1
"Toplam lead döngü süresi, iş saatlerinde (%90 lead hacmi için 8AM-8PM CST) 5 dakika, iş dışı saatlerde (%99 lead hacmi için) 3 dakika içinde tamamlanmalıdır", 1,1,1,1,1,1,1,0,1
"Hiçbir lead değerlendirmesi, işlenen tüm leadlerin %97’si için 25 saniyeden uzun sürmeyecektir", 1,1,1,1,1,1,1,0,1
25 saniyeden uzun süren leadler için sistem olayı ve süreyi kaydedecektir, 1,1,1,1,1,1,1,1,1
"Süreç, bir leadin toplam yaşam döngüsünde 3 dakika içinde atanacağı Auto Rep Assignment işleminde belirtilen işlem süresi koşullarına uymalıdır", 1,1,1,1,1,1,1,0,1
"Lead yıkama süreci, belirlenen fiziksel web servis yapısı içinde çalışacaktır", 1,1,1,1,1,1,1,1,1
"Yıkama süreci, lead verilerini alırken ve işlerken bağlayıcı olmayan nötr bir veri formatı (ör. XML) kullanmalıdır", 1,1,1,1,1,1,1,1,1
"Hata raporları, teknik birimler için 7/24 erişilebilir olacaktır", 1,1,1,1,1,1,1,0,1
"Yıkama parametreleri, planlı bakım saatlerinde güncellenecektir", 1,1,1,1,1,1,1,1,1
Satıcı geçersiz leadi doğrulayacaktır, 1,1,1,1,1,1,1,1,1
"Satıcı, kurumsal faturalama sistemine uygulanacak bir kredi doğrulama kaydı gönderecektir", 1,1,1,1,1,1,1,1,1
"Bir lead yüksek skora sahipse, sistem lead verilerini ve skorunu kurumsal sisteme sağlayacaktır", 1,1,1,1,1,1,1,1,1
"Lead yıkama işlevi, web servisi tarafından alınan tüm leadleri geçerli veri açısından doğrulayacaktır", 1,1,1,1,1,1,1,1,1
"Lead yıkama işlevi, web servisi tarafından yakalanan tüm leadleri sisteme ekleyecektir", 1,1,1,1,1,1,1,1,1
"Lead skoru yüksek ortalama aralığında ise, ARA işlevi tarafından işlenecektir", 1,1,1,1,1,1,1,0,1
"Lead skoru orta ortalama aralığında ise, eleads sistemi üzerinden bir Kayıt Koordinatörü tarafından manuel doğrulama için ayarlanacaktır", 1,1,1,1,1,1,1,0,1
"Lead skoru düşük ortalama aralığında ise, sağlayan satıcıya iade edilecektir", 1,1,1,1,1,1,1,0,1
"Lead yıkama işlevi, hem iletişim hem akademik skor bilgilerini toplam skor için derleyecektir", 1,1,1,1,1,1,1,1,1
"Lead yıkama işlevi, leadin bir kısmını puanlamak için kurumsal ve okul tarafından sağlanan parametreleri kullanacaktır", 1,1,1,1,1,1,1,1,1
"Lead yıkama işlevi, sağlayıcıya iade edilen lead verilerini ve reddedilme nedenini döndürecektir", 1,1,1,1,1,1,1,1,1
"Lead yıkama işlevi, lead veri parametrelerinin yönetilebileceği bir arayüze sahip olacaktır", 1,1,1,1,1,1,1,1,1
"Lead yıkama işlevi, kullanıcıların parametre güncellemeleri yapma yetkilerini ve kimlik doğrulamasını doğrulayacaktır", 1,1,1,1,1,1,1,1,1
"Lead yıkama işlevi, kurumsal sistemden döndürülen potansiyel lead tekrarlarını saklayacaktır", 1,1,1,1,1,1,1,1,1
"Lead kurumsal sisteme gönderilmeden önce, lead bir kabul temsilcisine atanacaktır", 1,1,1,1,1,1,1,1,1
"Lead yıkama işlevi, kurumsal sistemden mevcut temsilcilerin periyodik listesini alacaktır", 1,1,1,1,1,1,1,0,1
"Ürün, denizde gemilerin görünümünü simüle edecektir", 1,1,0,1,1,1,1,0,0
"Ürün, periskop görünümü ile bir daire içinde ızgaraları gösterecektir", 1,1,0,1,1,1,1,0,0
"Ürün, her gemi türünü, o gemi türünün resmi ile ızgarada gösterecektir", 1,1,0,1,1,1,1,0,0
"Saldırgan oyuncu ateş ettiğinde, ürün denizde gemi sesini simüle edecektir", 1,1,0,1,1,1,1,0,0
"Ateş kaçırıldığında, ürün hedefi ıskalama sesini simüle edecektir", 1,1,0,1,1,1,1,0,0
"Ateş isabet ettiğinde, ürün hedefe çarpma sesini simüle edecektir", 1,1,0,1,1,1,1,0,0
"Bir gemi battığında, ürün batma sesini simüle edecektir", 1,1,0,1,1,1,1,0,0
"Ürün, günde 24 saat, haftada 7 gün erişilebilir olacaktır", 1,1,1,1,1,1,1,1,1
"Ürün, eşzamanlı olarak çok sayıda oyunu destekleyebilecektir", 1,1,1,1,1,1,1,1,1
"Yanıt süresi, oyunun akışını koruyacak kadar hızlı olmalıdır; yanıt süresi %95 için 2 saniyeyi, kalan %5 için 4 saniyeyi geçmeyecektir", 1,1,1,1,1,1,1,1,1
"Ürün, oyuncuların kimliğini koruyacaktır; oyuncular başka bir oyuncunun kimliğini açığa çıkaracak bilgiye erişemeyecektir", 1,1,1,1,1,1,1,1,1
"Ürün, sezgisel ve kendini açıklayan olmalıdır; 10 kullanıcıdan 9’u herhangi bir eğitim olmadan oyunu tamamlayabilmelidir", 1,1,1,1,1,1,1,1,1
"Ürün, İngilizce, İspanyolca ve Fransızca bilen oyuncular için erişilebilir olmalıdır; kullanıcı ürüne erişirken dili seçebilmelidir", 1,1,1,1,1,1,1,1,1
"Ürün, oyuncuların başka bir oyuncunun kimliğini açığa çıkaracak bilgiye erişmesini engelleyecektir", 1,1,1,1,1,1,1,1,1
"Ürün, oyuncu listesini tutacaktır", 1,1,1,1,1,1,1,1,1
"Ürün, kullanıcının kendini oyuncu olarak tanımlamasına izin verecektir", 1,1,1,1,1,1,1,1,1
"Bir oyun başlatıldığında, ürün oyuna atanan oyuncuları oyuncu listesinden seçilemez hâle getirecektir", 1,1,1,1,1,1,1,1,1
"Ürün, kullanıcının istediği zaman kendini oyuncu listesinden çıkarmasına izin verecektir", 1,1,1,1,1,1,1,1,1
"Ürün, aktif olmayan oyuncuları oyuncu listesinden seçilemez hâle getirecektir", 1,1,1,1,1,1,1,1,1
"Ürün, 24 saat boyunca aktif olmayan oyuncuları oyuncu listesinden kaldıracaktır", 1,1,1,1,1,1,1,1,1
"Ürün, bir oyuncunun, listeden başka bir mevcut oyuncuyu seçerek oyunu başlatmasına izin verecektir", 1,1,1,1,1,1,1,1,1
"Oyun başlatıldığında, ürün her oyuncuya bir savunma ızgarası gösterecektir", 1,1,0,1,1,1,1,0,0
"Ürün, bir oyuncunun diğer oyuncunun saldırı veya savunma ızgaralarını görmesini engelleyecektir", 1,1,1,1,1,1,1,1,1
"Oyun başlatıldığında, ürün her oyuncunun 5 gemisini kendi savunma ızgarasına yerleştirmesine izin verecektir", 1,1,1,1,1,1,1,1,1
"Ürün, bir oyuncunun gemilerini ızgarada yatay olarak yerleştirmesine izin verecektir", 1,1,1,1,1,1,1,1,1
"Ürün, bir oyuncunun gemilerini ızgarada dikey olarak yerleştirmesine izin verecektir", 1,1,1,1,1,1,1,1,1
"Ürün, bir oyuncunun gemilerini ızgarada çapraz olarak yerleştirmesine izin verecektir", 1,1,1,0,1,1,1,0,0
"Ürün, bir oyuncunun ızgarasında gemilerin üst üste gelmesini engelleyecektir", 1,1,1,1,1,1,1,1,1
"Her iki oyuncu da 5 gemisini savunma ızgarasına yerleştirdiğinde, ürün her oyuncunun ilk tur durumunu belirleyecektir", 1,1,1,1,1,1,1,1,1
"Her turda, ürün bir oyuncuyu saldırı durumunda, bir oyuncuyu savunma durumunda olarak belirleyecektir", 1,1,1,1,1,1,1,1,1
"Ürün, her oyuncunun tur boyunca durumunu (saldırı veya savunma) koruyacaktır", 1,1,1,1,1,1,1,1,1
"Her turun başında, ürün her oyuncuya durumunu bildirecektir", 1,1,1,1,1,1,1,1,1
"Her tur için, ürün saldırı oyuncusunun bir atış tanımlamasına izin verecektir", 1,1,1,1,1,1,1,1,1
"Her atış için, ürün savunma oyuncusunun ızgarasını inceleyerek atışın isabet veya kaçırma olduğunu belirleyecektir", 1,1,1,1,1,1,1,1,1
"Her atış için, ürün oyunculara atışın isabet veya kaçırma olduğunu bildirecektir", 1,1,1,1,1,1,1,1,1
"Her atış için, ürün savunma oyuncusunun ızgarasında atışı isabet veya kaçırma olarak işaretleyecektir", 1,1,1,1,1,1,1,1,1
"Her atış için, ürün saldırı oyuncusunun ızgarasında atışı isabet veya kaçırma olarak işaretleyecektir", 1,1,1,1,1,1,1,1,1
"Atış bir gemiyi batırırsa, ürün oyunculara geminin battığını bildirecektir", 1,1,1,1,1,1,1,1,1
"Atış bir gemiyi batırırsa, ürün savunma oyuncusunun ızgarasında gemiyi batık olarak işaretleyecektir", 1,1,1,1,1,1,1,1,1
"Atış bir gemiyi batırırsa, ürün savunma oyuncusunun ızgarasında batırılan geminin türünü gösterecektir",1,1,0,1,1,1,1,0,0
"Atış bir gemiyi batırırsa, ürün saldırı oyuncusunun ızgarasında gemiyi batık olarak işaretleyecektir",1,1,1,1,1,1,1,1,1
"Atış isabet olarak işaretlendiyse, ürün saldırı oyuncusunun bir sonraki atışı tanımlamasına izin verecektir",1,1,1,1,1,1,1,1,1
"Atış kaçırılmışsa, ürün saldırı oyuncusunun durumunu savunma olarak değiştirecektir",1,1,1,1,1,1,1,1,1
"Atış kaçırılmışsa, ürün savunma oyuncusunun durumunu saldırı olarak değiştirecektir",1,1,1,1,1,1,1,1,1
"Ürün, oyun bitene kadar sıra atamalarına devam edecektir",1,1,1,1,1,1,1,1,1
"Ürün, saldırı oyuncusunun bir atışı ile savunma oyuncusunun son gemisi batarsa oyunu sonlandıracaktır",1,1,1,1,1,1,1,1,1
"Ürün, oyuncuların istediği zaman oyunu sonlandırmasına izin verecektir",1,1,1,1,1,1,1,1,1
"Oyun sona erdiğinde, ürün oyunculara oyunun bittiğini bildirecektir",1,1,1,1,1,1,1,1,1
"Oyun sona erdiğinde bildirim, oyunun neden bittiğini (ör. bir oyuncu kazandı veya bir oyuncu oyunu sonlandırdı) içerecektir",1,1,1,1,1,1,1,1,1
"Oyun sona erdiğinde, ürün her oyuncunun kendini oyuncu listesinde mevcut olarak tanımlamasına izin verecektir",1,1,1,1,1,1,1,1,1
"Oyun sona erdiğinde, ürün her oyuncunun kendini oyuncu listesinden çıkarmasına izin verecektir",1,1,1,1,1,1,1,1,1
"Sistem, arayanlar ve süpervizörler tarafından kolay kullanılabilir olmalıdır; tüm görevler 2 dakika içinde tamamlanabilmelidir",1,1,1,1,1,1,1,1,1
"Sistem, arayanlar ve süpervizörler tarafından kolay öğrenilebilir olmalıdır; 10 dakika içinde sistemin kullanımı öğrenilmelidir",1,1,1,1,1,1,1,1,1
"Sistem yanıt verebilir olmalıdır; DePaul TeleServices Merkezinde süpervizör arayanın programını görüntülerken yanıt süresi %90 için 2 saniyeyi, kalan %10 için 5 saniyeyi geçmemelidir",1,1,1,1,1,1,1,1,1
56k bağlantıda tüm işlemler için sistem yanıt süresi %90 için 6 saniyeyi geçmemelidir,1,1,1,1,1,1,1,1,1
112k veya daha hızlı bağlantıda tüm işlemler için sistem yanıt süresi %90 için 3 saniyeyi geçmemelidir,1,1,1,1,1,1,1,1,1
"Sistem, yılın her günü yüksek erişilebilirliğe sahip olmalıdır; 12:00AM-6:00PM arası kullanılabilir olmalıdır",1,1,1,1,1,1,1,1,1
"Sistem, yılın her günü 7:00AM-11:59PM arası kullanılabilir olmalıdır",1,1,1,1,1,1,1,1,1
"Ürün, tarayıcıdan bağımsız çalışmalıdır; Internet Explorer ve Netscape Navigator üzerinde çalışabilmelidir",1,1,1,1,1,1,1,1,1
"Sistem, yalnızca süpervizörlerin boş zamanları ilan edebileceğini sağlamalıdır",1,1,1,1,1,1,1,1,1
Ürün yalnızca süpervizörlerin arayanın programını girebilmesini sağlamalıdır; süpervizörler boş zaman ilanlarına erişebilmelidir,1,1,1,1,1,1,1,1,1
Ürün yalnızca süpervizörlerin tüm arayanların programlarını görüntüleyebilmesini sağlamalıdır; süpervizörler boş zaman ilanlarına erişebilmelidir,1,1,1,1,1,1,1,1,1
Arayüz basit görünüme sahip olmalıdır; arayüz ve kullanılabilirlik anketinde %90 beta testçisi arayüzün yeterince basit olduğunu bildirmelidir,1,1,1,1,1,1,1,1,1
"Arayüz, arayanlar ve süpervizörler için çekici olmalıdır; arayüz ve kullanılabilirlik anketinde %80 beta testçisi arayüzü çekici bulmalıdır",1,1,1,1,1,1,1,1,1
"Ürün GUI tabanlı İzleme Hizmetleri sağlamalıdır; sistem yöneticileri mesaj alışverişini izleyebilmeli, sorunları tahmin edip belirleyebilmeli ve iç/dış destek sağlayabilmelidir",1,1,1,1,1,1,1,0,1
Ürün Chicago Şehir Uygulama Geliştirme Rehberi Çerçevesine uymalıdır; yapılandırılmış GUI sağlamalıdır,1,1,1,1,1,1,1,0,1
Ürün İzleme Hizmetleri sağlamalıdır; sistem yöneticileri ve DBA’lar 2 haftalık kullanım sonrası kolayca kullanabilmelidir,1,1,1,1,1,1,1,0,1
Ürün Hata Takip Hizmetleri sağlamalıdır; sistem yöneticileri ve DBA’lar işlem hatalarını %99 doğrulukla çözebilmelidir,1,1,1,1,1,1,1,0,1
Ürün Portallar sağlamalıdır; sistem yöneticileri işlemleri ad-hoc raporlama ve KPI’lar ile analiz edebilmelidir,1,1,1,1,1,1,1,0,1
Ürün Asenkron Mesajlaşma sağlamalıdır; paralel işlem yapılmasını ve iletişim yükünü azaltmalıdır,1,1,1,1,1,1,1,0,1
Ürün Çoklu-iş parçacığı ve Yük Dengeleme sağlamalıdır; veri yükü ve trafik dalgalanmalarını yönetmelidir,1,1,1,1,1,1,1,0,1
Ürün mesajları 2 saniye içinde işlemelidir; maksimum mesaj işleme süresi 2 saniye olmalıdır,1,1,1,1,1,1,1,1,1
Ürün sistemi her saniye mesaj için kontrol etmelidir; en fazla her 1 saniye yeni mesajlar kontrol edilmelidir,1,1,1,1,1,1,1,0,1
Ürün Dinamik Değişim Desteği ve Şeffaf Kaynak ekleme sağlamalıdır; 1 günden fazla kesinti olmadan ölçeklenebilirlik sağlamalıdır,1,1,1,1,1,1,1,0,1
"Ürün %99 kullanılabilir olmalıdır; en yoğun müşteri hizmeti dönemlerinde hizmet kesintilerini önlemek için; normal iş günlerinde %99,99 kullanılabilir olmalıdır",1,1,1,1,1,1,1,0,1
Ürün dayanıklı olmalıdır; standartlara uygun hata önleme tekniklerini kullanmalıdır,1,1,1,1,1,1,1,0,1
"Ürün dayanıklı ve hata toleranslı olmalıdır; kurtarma teknikleri, telafi edici işlemler ve yönlendirme ile hata toleransı sağlamalıdır",1,1,1,1,1,1,1,0,1
Ürün tüm işlemleri işleyebilmelidir; yılda minimum 1 milyon işlem işlenmelidir,1,1,1,1,1,1,1,1,1
Ürün platform bağımsız olmalıdır; herhangi bir geliştirme ortamı ve platforma erişim sağlamalıdır,1,1,1,1,1,1,1,1,1
Ürün CSR ve Datastream ile arayüz sağlamalıdır; iki sistem arasında doğrudan arayüz olmadan mesaj alışverişi gerçekleştirmelidir,1,1,1,1,1,1,1,0,1
"Ürün yükseltme, değişiklik veya yeni kaynak eklenmesi sırasında çalışmaya devam etmelidir; hizmet kesintisi olmadan çalışabilmelidir",1,1,1,1,1,1,1,0,1
Ürün düzenli olarak güncellenmelidir; her altı ayda bir yeni ana özellik ve her altı ayda bir çeyreklik bakım sürümleri sunulacaktır,1,1,1,1,1,1,1,0,1
Ürün her platformda çalışabilmelidir; yeni teknolojiler mimari değişiklik gerektirmeden uygulanabilmelidir,1,1,1,1,1,1,1,0,1
Ürün güvenliğe sahip olmalıdır; kimlik doğrulama ve yetkilendirme sağlamalıdır,1,1,1,1,1,1,1,1,1
"Ürün bilgi güvenliğine sahip olmalıdır; şifreleme, WS-Security ve bütünlük kontrolleri ile gizliliği sağlamalıdır",1,1,1,1,1,1,1,1,1
Ürün denetim yeteneklerine sahip olmalıdır; mesajları en az bir yıl süreyle saklayarak denetim ve işlem takibi sağlamalıdır,1,1,1,1,1,1,1,1,1
Sistem IBM ve CCR marka standartlarını kullanmalıdır; arayüzde bir IBM ve bir CCR logosu bulunmalıdır,1,1,1,1,1,1,1,0,1
Sistem herhangi bir CCR kullanıcısının çalışabileceği bilgisayarda görüntülenebilir olmalıdır; arayüz 800x600 çözünürlükte formatlanmalıdır,1,1,1,1,1,1,1,0,1
Sistem arayüzü CCR isimlendirmesini kullanmalıdır; mevcut WCS sistemi ve raporlarında kullanılan aynı isimlendirme kullanılmalıdır,1,1,1,1,1,1,1,0,1
"Arayüz, CCR yönetimi için çekici bir şekilde veri özetlemelidir; her rapor türü sonuç panelinde en az bir üst düzey özet göstermelidir",1,1,1,1,1,1,1,0,1
Sistem nokta ve tıklama arayüzü kullanmalıdır; tüm seçim ve navigasyon fonksiyonları fare veya klavye ile %100 erişilebilir olmalıdır,1,1,1,1,1,1,1,1,1
"Arayüz kullanımı kolay olmalıdır; kullanıcıların %90’ı ilk kullanımda rapor üretebilmelidir, IBM kullanılabilirlik standartlarına uymalıdır",1,1,1,1,1,1,1,1,1
Raporlar kolay üretilmelidir; bir buton tıklamasıyla oluşturulmalı ve bir buton tıklamasıyla dışa aktarılabilmelidir,1,1,1,1,1,1,1,1,1
Kullanıcı kısa sürede talimat olmadan sistemi kullanabilmelidir; bir kullanım sonrası sistemin %90’ı anlaşılabilir ve hatırlanabilir olmalıdır,1,1,1,1,1,1,1,1,1
Tüm CCR kullanıcıları WCS sistemi dağıtılmadan önce eğitim almalıdır; bir eğitim oturumu tüm kullanıcıları kapsamalıdır,1,1,1,1,1,1,1,1,1
"WCS sistemi uygun terminoloji ve isimlendirmeyi kullanmalıdır; tüm arayüz ve raporlar CCR kullanıcıları tarafından kullanılabilirlik testlerinden geçmelidir,1",1,1,1,1,1,1,1,1,
WCS sistemi her zaman kullanılabilir olmalıdır; IBM iç intraneti W3 erişilebilir olduğu sürece %95 kullanılabilirlik sağlanmalıdır,1,1,1,1,1,1,1,0,1
WCS sistemi diğer belirlenmiş WCS veritabanlarına bağlanabilmelidir,1,1,1,1,1,1,1,1,1
WCS sistemi ABD dışındaki bölgelerden veri dahil edebilmeli ve CCR yönetimi onaylarsa ABD dışından erişilebilmelidir,1,1,1,1,1,1,1,0,1
WCS sistemi Windows ortamında çalıştırılabilmelidir; IBM bilgisayarlarında Windows 2000 veya üzeri ile Internet üzerinden erişim sağlanmalıdır,1,1,1,1,1,1,1,0,1
"WCS sisteminin Brio kısmı, dosyaları Microsoft Excel ve Lotus 1-2-3 formatlarında dışa aktarabilmelidir; arayüzde .xls veya .123 formatında rapor üreten butonlar olmalıdır",1,1,1,1,1,1,1,0,1
"WCS sistemi, CCR kullanıcılarına sunulan verileri güncellemek için belirli bir günde WCS veritabanlarına sorgular çalıştırmalıdır; dış veritabanlarına veri yenileme için haftada bir kez sorgu yapılmalıdır",1,1,1,1,1,1,1,0,1
"WCS sistemindeki tüm değişiklikler, güncellemeler ve eklemeler WCS Geliştirici ve WCS Kullanıcı Kılavuzlarına yansıtılmalıdır; her değişiklik sistem dokümantasyonunda yer almalıdır",1,1,1,1,1,1,1,0,1
Sistem yalnızca yetkili CCR çalışanları tarafından erişilebilir olmalıdır; kullanıcılar IBM intranet kullanıcı adı ve şifresi ile doğrulanmalıdır,1,1,1,1,1,1,1,1,1
"WCS sistemi, herhangi bir kullanıcı için otomatik girişe izin vermemelidir; kullanıcı bilgisayarında WCS giriş bilgilerini içeren çerezler saklanmayacaktır",1,1,1,1,1,1,1,1,1
"Her takım sahibi, takım sahibi sayfasına erişebilmek için kullanıcı adı ve şifre kullanarak doğrulanmalıdır",1,1,1,1,1,1,1,1,1
"Komiser, lig ayarlarını düzenleyebilecek tek yetkili kullanıcı olacaktır",1,1,1,1,1,1,1,1,1
"Her sayfa, mevcut sayfanın bulunduğu dizini gösteren bir navigasyon menüsü içermelidir",1,1,1,1,1,1,1,0,1
"Her sayfa, eylem öğelerinin bir konumda ve navigasyon düğmelerinin başka bir konumda yer aldığı benzer bir format içermelidir",1,1,1,1,1,1,1,0,1
"Mesaj panosu, lig sayfasında en son gönderilen 5 mesajı içermelidir; mesajlar mesajın ilk 150 karakterine kadar içeriği göstermelidir",1,1,1,1,1,1,1,0,1
"Yeni bir kullanıcı, başlatma sayfasına ulaştıktan sonraki 30 saniye içinde lig ve takım sayfalarında gezinmelidir",1,1,1,1,1,1,1,1,1
"Kullanıcılar, takım sahibi sayfasından “ekle”, “çıkar” ve “takas oyuncu” sayfalarına tek tıklamayla erişebilmelidir",1,1,1,1,1,1,1,1,1
"Kullanıcılar, her sayfada en az 25 NFL oyuncu istatistiği ve puanlarını görüntüleyebilmelidir",1,1,1,1,1,1,1,1,1
"Uygulama, oyuncuyu çıkarmadan veya takas etmeden önce kullanıcıdan onay almalıdır",1,1,1,1,1,1,1,1,1
"Uygulama, her kullanıcı işlemini ağı üzerinden alınan isteğin dörtte biri saniye içinde tamamlayabilmelidir",1,1,1,1,1,1,1,1,1
Uygulamanın yıllık maksimum kesinti süresi 10 dakika olmalıdır,1,1,1,1,1,1,1,0,1
Uygulama bir web uygulama sunucusunda çalıştırılmalıdır,1,1,1,1,1,1,1,0,1
Disputes uygulamasında bir ekrandan diğerine geçişte maksimum bekleme süresi 5 saniyeyi geçmemelidir,1,1,1,1,1,1,1,1,1
"Disputes uygulaması, 350 eş zamanlı kullanıcıyı performans düşüşü olmadan desteklemelidir",1,1,1,1,1,1,1,1,1
"Disputes uygulaması 24x7x365 kullanılabilir olmalıdır; planlı bakım saatleri dışında, Pazartesi-Cumartesi 03:00-04:00 EST ve Pazar 01:00-05:00 EST",1,1,1,1,1,1,1,0,1
"Disputes uygulaması, Statement Database ile arayüz oluşturmalıdır; tüm işlem detayları Statement Database’den alınmalıdır",1,1,1,1,1,1,1,0,1
Aktif kullanıcılar için önbelleğe alınan verileri depolamak üzere bir birincil veritabanı kullanılacaktır,1,1,1,1,1,1,1,0,1
Sistem %95 uptime sağlamalıdır,1,1,1,1,1,1,1,0,1
Sistem profesyonel bir görünüme sahip olmalıdır,1,1,1,1,1,1,1,0,1
Ürün tutarlı bir renk şeması ve yazı tiplerine sahip olmalıdır,1,1,1,1,1,1,1,0,1
"Sistem, emlakçılar tarafından herhangi bir eğitim almadan kullanılabilmelidir",1,1,1,1,1,1,1,0,1
Sistem sezgisel ve kendini açıklayıcı olmalıdır,1,1,1,1,1,1,1,0,1
"Ürün, bir emlakçı için öğrenmesi kolay olmalıdır",1,1,1,1,1,1,1,0,1
"Ürün, emlakçı topluluğu tarafından doğal olarak anlaşılabilir semboller ve kelimeler kullanmalıdır",1,1,1,1,1,1,1,0,1
"Ürün, arama sonuçlarını kabul edilebilir bir sürede üretmelidir",1,1,1,1,1,1,1,0,1
"Arama sonuçları, kullanıcı arama kriterini girdikten sonra en geç 30 saniye içinde döndürülmelidir",1,1,1,1,1,1,1,1,1
"Ürün, CMA raporunu kabul edilebilir bir sürede oluşturmalıdır",1,1,1,1,1,1,1,0,1
"CMA raporu, kullanıcı CMA rapor kriterini girdikten sonra en geç 60 saniye içinde döndürülmelidir",1,1,1,1,1,1,1,1,1
"Ürün, kişi ve randevu senkronizasyonunu kabul edilebilir bir sürede gerçekleştirmelidir",1,1,1,1,1,1,1,0,1
"Ürün, ofis sistemi ile her saat senkronize olmalıdır",1,1,1,1,1,1,1,1,1
"Ürün, 24 saat/365 gün kullanılabilir olmalıdır",1,1,1,1,1,1,1,0,1
1000 erişimden sistem 999 kez kullanılabilir olmalıdır,1,1,1,1,1,1,1,1,1
"Ürün, internet bağlantısı yokken çevrimdışı modda çalışabilmelidir",1,1,1,1,1,1,1,1,1
"Ürün, kullanıcıya daha önce indirilen arama sonuçlarını, CMA raporlarını ve randevuları görüntüleme imkanı sunmalıdır",1,1,1,1,1,1,1,1,1
"Ürün, bir arıza durumunda kullanıcı tercihlerini saklamalıdır",1,1,1,1,1,1,1,1,1
Kaydedilen kullanıcı tercihlerinin %100’ü sistem çevrimiçi olduğunda geri yüklenmelidir,1,1,1,1,1,1,1,1,1
"Ürün, birden fazla uzak kullanıcıyı destekleyebilmelidir",1,1,1,1,1,1,1,0,1
"Ürün, aynı anda 1000 kullanıcıyı destekleyebilmelidir",1,1,1,1,1,1,1,0,1
"Ürün, mevcut 1000 kullanıcıyı destekleyebilmeli; bu sayının gelecek yıl içinde 5 katına çıkması beklenmektedir",1,1,1,1,1,1,1,0,1
"Ürün, eğitimsiz bir emlakçı tarafından, basılı talimatlara başvurmadan kurulabilmelidir",1,1,1,1,1,1,1,0,1
"Eğitimsiz emlakçıların %90’ı, ürünü cihazlarına basılı talimat olmadan kurabilmelidir",1,1,1,1,1,1,1,1,1
Ürünün Windows CE ve Palm işletim sistemlerinde çalışması beklenmektedir,1,1,1,1,1,1,1,0,1
Sisteme yalnızca kayıtlı emlakçılar erişebilmelidir,1,1,1,1,1,1,1,1,1
Sistemin her kullanıcısı doğrulanmış ve yetkilendirilmiş olmalıdır,1,1,1,1,1,1,1,1,1
"Ürün, yanlış veri girişini önlemelidir",1,1,1,1,1,1,1,1,1
"Sistem, bir emlak danışmanının MLS bilgilerini sorgulamasına izin vermelidir",1,1,1,1,1,1,1,0,1
"Kullanıcı, seçilen mülk için yol tarifi alabilmelidir",1,1,1,1,1,1,1,0,1
"Kullanıcı, müşteriler için randevuları ve iletişim bilgilerini indirebilmelidir",1,1,1,1,1,1,1,0,1
"Sistem, arama sonuçlarında net mülk görselleri göstermelidir",1,1,1,1,1,1,1,0,1
"Sistem, mesai saatleri boyunca tüm kullanıcı taleplerini/işlemlerini karşılayabilmelidir",1,1,1,1,1,1,1,0,1
"Sistem, 9:00–17:00 saatleri arasında aynı anda 10 kullanıcıyı destekleyebilmelidir",1,1,1,1,1,1,1,0,1
"Sistem, önümüzdeki 10 yıl boyunca tüm hemşirelik öğrencilerini ve sınıflarını işleyebilmelidir",1,1,1,1,1,1,1,0,1
"Sistem, hemşirelik programı müfredatı ve sınıf/klinik planlamasını en az 5 yıl yönetebilmelidir",1,1,1,1,1,1,1,0,1
"Sistem, DePaul Üniversitesi Hemşirelik Departmanı’nda tipik bir ofis ortamında çalışabilmelidir",1,1,1,1,1,1,1,0,1
"Sistem, Program Yöneticileri/Hemşirelik Personeli tarafından kullanılan bilgisayarların tanımladığı spesifikasyonlara uygun şekilde kullanılmalıdır",1,1,1,1,1,1,1,0,1
"İkincil bir veritabanı, geçmiş istatistik ve verileri depolamak için kullanılacaktır",1,1,1,1,1,1,1,0,1
"Sistem, satıcı veya alıcıyı arayarak randevu planlamasına izin vermelidir",1,1,1,1,1,1,1,0,1
"Randevu sisteminin ofis sistemiyle otomatik senkronizasyonunun ardından, emlakçı yeni müşteri randevularından haberdar olmalıdır",1,1,1,1,1,1,1,0,1
"Emlakçı, belirli bir alan için mülk konumlarını gösteren haritayı alabilmelidir",1,1,1,1,1,1,1,0,1
"Sistem, satıcı veya alıcının randevu talebine yanıt verdiğinde emlakçıya bildirim göndermelidir",1,1,1,1,1,1,1,0,1
"Ürün, kullanıcıya mülk arama sonuçlarını kaydetme imkanı sağlamalıdır",1,1,1,1,1,1,1,0,1
"Sistem, Program Yöneticileri/Hemşirelik Personeli tarafından kolayca kullanılabilir olmalıdır",1,1,1,1,1,1,1,0,1
"Tüm kullanıcılar, bir günlük eğitim sonrası sistemi kullanabilmelidir",1,1,1,1,1,1,1,0,1
"Sistem, hemşirelik öğrencileri için ders ve klinik planlamasında hata yapmayı önlemeye yardımcı olmalıdır",1,1,1,1,1,1,1,0,1
"Öğrenciler tarafından kaydedilen hata sayısı, ilk yıl %50 azaltılmalıdır",1,1,1,1,1,1,1,0,1
"Sistem, Program Yöneticileri/Hemşirelik Personeli için sezgisel olmalıdır",1,1,1,1,1,1,1,0,1
"3 program yöneticisi/hemşirelik personelinden 2’si, sınıf ve klinik planlamasını yönetmek için sistemi başarılı bir şekilde kullanabilmelidir",1,1,1,1,1,1,1,0,1
"Sistem, kullanıcı topluluğu tarafından doğal olarak anlaşılabilen sembol ve kelimeleri kullanmalıdır",1,1,1,1,1,1,1,0,1
"Sistem içindeki ifadeler, Standart İngilizce ve ulusal Hemşirelik Topluluğu terminolojisine uygun olmalıdır",1,1,1,1,1,1,1,0,1
"Personel, bir görev setini zamanında tamamlayabilmelidir",1,1,1,1,1,1,1,0,1
Genel öğrenci yönetim görevlerinin yanıt süresi 5 saniyeyi geçmemeli ve plan oluşturma süresi 30 saniyeyi geçmemelidir,1,1,1,1,1,1,1,0,1
"Sistem, 8:00–18:00 saatleri arasında kullanılabilir olmalıdır",1,1,1,1,1,1,1,0,1
"Sistem, Windows XP Professional işletim sistemi içinde çalışabilmelidir",1,1,1,1,1,1,1,0,1
"Sistem, CampusConnect’in merkezi sunucusuyla arayüz oluşturabilmelidir",1,1,1,1,1,1,1,0,1
"Sistem, fakülte merkezi sunucusuyla arayüz oluşturabilmelidir",1,1,1,1,1,1,1,0,1
"Sistem, öğrenci ana sunucusuyla arayüz oluşturabilmelidir",1,1,1,1,1,1,1,0,1
Herhangi bir HTML tarayıcıyla arayüz oluşturabilmeliyiz,1,1,1,1,1,1,1,0,1
Sadece yetkili kullanıcılar klinik site bilgilerine erişebilmelidir,1,1,1,1,1,1,1,0,1
"Program Yöneticileri/Hemşirelik Personeli, klinik site detaylarına erişebilen tek kişiler olmalıdır",1,1,1,1,1,1,1,0,1
Sadece yetkili kullanıcılar öğrencilerin kişisel bilgilerine erişebilmelidir,1,1,1,1,1,1,1,0,1
"Dr Susan Poslusny ve Dr Julie Donalek, öğrencilerin kişisel bilgilerine erişebilen tek kişiler olmalıdır",1,1,1,1,1,1,1,0,1
"Sadece yetkili kullanıcılar, CampusConnect ile arayüz oluşturan sistem kısmına erişebilmelidir",1,1,1,1,1,1,1,0,1
"Fit kriteri: Dr Susan Poslusny ve Karen Sysol, CampusConnect ile arayüz oluşturan sistem için final sınıf bölüm planlamasına erişebilen tek kişiler olmalıdır",1,1,1,1,1,1,1,0,1
"Sistem, yanlış veya geçersiz veri giriş olasılığını azaltmak için temel veri bütünlüğü denetimi sağlamalıdır",1,1,1,1,1,1,1,0,1
"Sistem, özel bilgileri organizasyonun bilgi politikası doğrultusunda korumalıdır",1,1,1,1,1,1,1,0,1
"Sistem, kötü niyetli müdahalelerden mümkün olduğunca güvenli olacak şekilde tasarlanmalıdır",1,1,1,1,1,1,1,0,1
"Sistem, kendini tehditlerden izlemek için organizasyonun standart antivirüs yazılımını kullanmalıdır",1,1,1,1,1,1,1,0,1
"Bir kohort, bölüm tarafından sunulan tek bir Program of Study ile ilişkilendirilmelidir",1,1,1,1,1,1,1,0,1
"Program Yöneticileri ve Hemşirelik Personeli, bir kohorta öğrenci listesi ekleyebilmelidir",1,1,1,1,1,1,1,0,1
"Program Yöneticileri ve Hemşirelik Personeli, bir kohorta tek bir öğrenci ekleyebilmelidir",1,1,1,1,1,1,1,0,1
"Kohorta eklenen öğrenciler, kohortun Program of Study’sine uygun olmalıdır",1,1,1,1,1,1,1,0,1
"Program Yöneticileri ve Hemşirelik Personeli, belirli bir kohort için tercih edilen ders sırasını belirleyebilmelidir",1,1,1,1,1,1,1,0,1
"Her kohort sırasındaki ders için, Program Yöneticileri ve Hemşirelik Personeli, dersin hangi çeyrekte verileceğini belirleyebilmelidir",1,1,1,1,1,1,1,0,1
"Program Yöneticileri ve Hemşirelik Personeli, bir ders sırasına yeni ders ekleyebilmelidir",1,1,1,1,1,1,1,0,1
"Uygulama güncellemeleri, NFL sezonunun ortasında Çarşamba sabahı 03:00–06:00 CST arasında yapılmalıdır",1,1,1,1,1,1,1,0,1
"Yeni sistem sürümleri, her NFL sezonunun başında yayımlanmalıdır",1,1,1,1,1,1,1,0,1
"Sistem, Sync Matrix 1.0 ve Exercise Management Tool 1.0 uygulamalarından veri görüntüleyebilmelidir",1,1,1,1,1,1,1,0,1
"Sistem, etkinlikleri Sync Matrix 1.0 veya Exercise Management Tool 1.0 uygulamalarına geri bağlayabilmelidir",1,1,1,1,1,1,1,0,1
"Sistem, görüntülemeyi değiştirmeye izin vermelidir",1,1,1,1,1,1,1,0,1
"Sistem, egzersizdeki tüm etkinliklerin bir görünümünü sunmalıdır",1,1,1,1,1,1,1,0,1
"Sistem, verileri mekan ve anahtar etkinliklere göre filtreleyebilmelidir",1,1,1,1,1,1,1,0,1
"Sistem, bir kullanıcının zaman segmentlerini tanımlamasına izin vermelidir",1,1,1,1,1,1,1,0,1
"Sistem, yerel ve egzersiz zamanını ayrı saatlerde gösterebilmelidir",1,1,1,1,1,1,1,0,1
"Sistem, verilerin yenilenmesini duraklatma ve devam ettirme yeteneği sunmalıdır",1,1,1,1,1,1,1,0,1
"Sistem, etkinlik veya faaliyetin gerçek zamanına karşı varsayılan zaman için grafikler sağlamalıdır",1,1,1,1,1,1,1,0,1
"RFS sistemi, özellikle bütçe döneminde 7/24 kullanılabilir olmalıdır. Yıl boyunca %90, bütçe döneminde %98 kullanılabilir olmalıdır. %2 kullanılabilirlik, bildirilen durumdan 1 saat içinde sağlanacaktır",1,1,1,1,1,1,1,0,1
Kullanıcı iş istasyonlarının %98’i uygulama öncesi minimum donanım gereksinimlerini karşılamalıdır. Minimum HDD alanı: 400MB,1,1,1,1,1,1,1,0,1
"Kullanıcı iş istasyonlarının %98’i uygulama öncesi minimum yazılım gereksinimlerini karşılamalıdır: IE 5.0, .NET Framework 1.1, IE Web Controls",1,1,1,1,1,1,1,0,1
"RFS sistemi, BDW ortamı ile kolayca arayüz oluşturabilmelidir. 7 veri dosyası, her yıl bütçe süreci başlamadan bir gün önce 3 saat içinde RFS sistemine yüklenecektir. Test dosyaları (7) yıl boyunca 5 kez yüklenecektir",1,1,1,1,1,1,1,0,1
"Gelir ve gider formüllerindeki değişiklikler, bütçe süreci başlamadan önce RFS sistemine uygulanmalıdır. Formüller alındıktan bir hafta içinde güncellenecek ve 2 hafta test için ayrılacaktır",1,1,1,1,1,1,1,0,1
"BDW’ye eklenen yeni şubeler/kompleksler/bölgeler ve gelir/gider hesapları, bütçe başlangıcı öncesinde RFS sistemine yansıtılmalıdır. Tüm varlıklar (Ekim sonu itibarıyla) yüklenmelidir",1,1,1,1,1,1,1,0,1
Sadece yetkili kullanıcı RFS sistemine erişebilmelidir. Sadece UAS sisteminde var olan ve RFS sistemi rolüne atanmış kullanıcılar sisteme erişebilir,1,1,1,1,1,1,1,0,1
"Kullanıcı erişimi, rolüne verilen izinlerle sınırlı olmalıdır. Her PCG hiyerarşi seviyesine rol atanır ve kullanıcılar bu rollere atanır. RFS sistemi işlevselliği rol izinlerine bağlıdır",1,1,1,1,1,1,1,0,1
"Ürün, ENET Securities intranet sayfa standartlarına ve gereksinimlerine uymalıdır. Ürün görünümü ve hissiyatının %95’i uygulama öncesi onaylanmalıdır, kalan %5 bir ay içinde düzeltilip onaylanacaktır",1,1,1,1,1,1,1,0,1
"Intranet sayfaları, 800x600 ve üzeri çözünürlüklerde uygun şekilde görüntülenmelidir. Tüm sayfaların %95’inde doğru görünüm sağlanmalıdır, kalan %5 bir hafta içinde düzeltilmelidir",1,1,1,1,1,1,1,0,1
"Kullanıcılar, bütçelerini belirtilen süre içinde başarıyla tamamlamak için sistemi kolayca kullanabilmelidir. Ürün uygulanmadan önce bir haftalık eğitim ile kullanıcıların %98’i bütçeyi tamamlayacaktır",1,1,1,1,1,1,1,0,1
"Ürün arayüzü hızlı olmalıdır. Arayüz yanıt süresi %90’ında 2 saniyeyi geçmemelidir, kalan %10’unda 10 saniyeyi geçmemelidir",1,1,1,1,1,1,1,0,1
"Sistem, öncelikli iletişim aracı olarak kayıtlı e-posta adreslerini kullanacaktır",1,1,1,1,1,1,1,0,1
"Sistem, rutin iletişim için ilgili tarafları bilgilendirecektir (sunulacak dersler, programlar vb.)",1,1,1,1,1,1,1,0,1
"Sistem, kliniklerle ilgili değişikliklerde ilgili tarafları bilgilendirecektir (kapasite değişiklikleri, iptaller vb.)",1,1,1,1,1,1,1,0,1
"Sistem, derslerle ilgili değişikliklerde ilgili tarafları bilgilendirecektir (iptaller, ders detay değişiklikleri, çeyrek bazlı ders değişiklikleri vb.)",1,1,1,1,1,1,1,0,1
platform ekranı her 60 saniyede bir yenilemelidir,1,1,1,1,1,1,1,1,1
Uygulama İç koruma Bakanlığı tarafından belirlenen şema rengini eşleştirmelidir,1,1,1,1,1,1,1,1,0
Uygulama İç Güvenlik Bakanlığı etkinlik tarafından belirlenen şema rengini eşleştirmelidir,1,1,1,1,1,1,1,1,0
Yansıtıldığında bilgi okunabilir olmalıdır. 10x10 projeksiyon ekranında izleyicilerin %90'ı 30 metre mesafeden Etkinlik/Aktivite verilerini okuyabilmelidir,1,1,1,1,1,1,0,1,1
Yansıtıldığında veri okunabilir verim olmalıdır. ara 10x10 projeksiyon ekranında izleyicilerin %90'ı 30 metre mesafeden Etkinlik/Aktivite verilerini okuyabilmelidir,1,1,1,1,1,1,0,1,1
Yansıtıldığında veri okunabilir olmalıdır. 10x10 projeksiyon ekranında izleyicilerin okuyabilmelidir 30 mesafeden metre Etkinlik/Aktivite verilerini %90'ı,1,1,1,1,1,1,0,1,1
veri olmalıdır. 10x10 ekranında izleyicilerin %90'ı 30 metre mesafeden verilerini okuyabilmelidir,1,1,1,1,1,1,0,1,1
Ürün normal mesai saatleri boyunca kullanılabilir olmalıdır. kişi istemci PC'ye erişebildiği sürece uygulama ilk altı ay boyunca zamanın %99'unda kullanılabilir olacaktır,1,1,1,1,1,1,0,1,1
Ürün normal düzenle ver mesai saatleri boyunca kullanılabilir olmalıdır. Kullanıcı istemci PC'ye bul erişebildiği sürece sistem ilk altı ay boyunca zamanın %99'unda kullanılabilir olacaktır,1,1,1,1,1,1,0,1,1
Ürün altı mesai saatleri boyunca kullanılabilir olmalıdır. Kullanıcı kullanılabilir PC'ye erişebildiği olacaktır sistem ilk normal ay boyunca zamanın %99'unda istemci sürece,1,1,1,1,1,1,0,1,1
Ürün normal mesai saatleri boyunca kullanılabilir olmalıdır. Kullanıcı istemci erişebildiği sürece ilk ay boyunca zamanın %99'unda kullanılabilir olacaktır,1,1,1,1,1,1,0,1,1
Yansıtıldığında içerik anlaşılabilir olmalıdır. 10x10 projeksiyon ekranında izleyicilerin %90'ı 100 metre mesafeden Etkinliklerin gerçek zamanlı olduğunu anlayabilmelidir,1,1,1,1,1,1,1,1,1
Ürün yalnızca yetkili kullanıcılar tarafından erişilebilir olmalıdır. Ürün tüm ulaşım denemelerinde yetkili ve yetkisiz kullanıcıları ayırt edebilmelidir,1,1,1,1,1,1,0,1,0
Ürün yalnızca yetkili kullanıcılar tarafından kaldır erişilebilir içerik olmalıdır. Ürün tüm erişim denemelerinde yetkili ve yetkisiz kullanıcıları ayırt edebilmelidir,1,1,1,1,1,1,0,1,0
Ürün yalnızca yetkili kullanıcılar tarafından kullanıcıları olmalıdır. Ürün ve erişim denemelerinde yetkili tüm yetkisiz erişilebilir ayırt edebilmelidir,1,1,1,1,1,1,0,1,0
Ürün yalnızca yetkili kullanıcılar tarafından erişilebilir olmalıdır. tüm erişim denemelerinde yetkili ve yetkisiz kullanıcıları ayırt edebilmelidir,1,1,1,1,1,1,0,1,0
Ürün filtrele sezgisel ve kendini açıklayıcı olmalıdır,1,0,1,1,1,1,1,0,0
Ürün ve sezgisel kendini açıklayıcı olmalıdır,1,0,1,1,1,1,1,0,0
Ürün ekranda filtrele güncel verileri korumak için hızlı yanıt vermelidir,1,0,1,1,1,1,1,0,0
Ürün ekranda güncel verileri korumak için hızlı vermelidir yanıt,1,0,1,1,1,1,1,0,0
verileri korumak için yanıt vermelidir,1,0,1,1,1,1,1,0,0
platform grafik ve veri tablosunun görüntülenmesine olanak sağlayan MDI formu içermelidir,1,1,1,1,1,1,1,1,0
format Sistem grafik ve veri tablosunun görüntülenmesine olanak sağlayan MDI formu içermelidir,1,1,1,1,1,1,1,1,0
platform Etkinlikleri zamana göre dikey tabloda görüntülemelidir,1,1,1,1,1,1,1,1,0
Sistem kod Etkinlikleri zamana göre dikey tabloda görüntülemelidir,1,1,1,1,1,1,1,1,0
platform Etkinlikleri zamana göre grafikte görüntülemelidir,1,1,1,1,1,1,1,1,0
Sistem Etkinlikleri zamana göre liste grafikte görüntülemelidir,1,1,1,1,1,1,1,1,0
Uyuşmazlık Sisteminde belirtilen tüm yanıt süresi iş kuralları E Düzenlemesi ve güvenlik Z Düzenlemesi yönergelerine uygun olmalıdır,1,1,1,1,1,1,1,1,0
kısıtla Uyuşmazlık uygulaması kullanıcının bir uyuşmazlık koru vakasında yaptığı her eylemin değiştir detaylı geçmişini tutmalıdır. Bu daha sonra belirli bir uyuşmazlık vakasıyla ilgili sorular ortaya çıkarsa tam denetim kod izi sağlar,1,1,1,1,1,1,0,1,1
Uyuşmazlık uygulaması kullanıcının sorular uyuşmazlık denetim yaptığı her tam detaylı geçmişini tutmalıdır. Bu daha sonra belirli vakasında uyuşmazlık vakasıyla ilgili bir ortaya çıkarsa eylemin bir izi sağlar,1,1,1,1,1,1,0,1,1
Uyuşmazlık uygulaması kullanıcının bir uyuşmazlık vakasında yaptığı her detaylı tutmalıdır. Bu daha sonra bir uyuşmazlık ilgili ortaya çıkarsa denetim izi sağlar,1,1,1,1,1,1,0,1,1
Mevcut bir uyuşmazlık vakasını değiştiren tüm eylemler vaka geçmişine tablo kaydedilmelidir,1,1,1,1,1,1,1,1,0
Uyuşmazlık Sistemi hem izleme iç hem de dış kullanıcılar tarafından erişilebilir olmalıdır,1,1,1,1,1,1,1,1,0
Uyuşmazlık Sistemi kullanıcıların kendi kart sahibi tabanlarına ait olmayan uyuşmazlık vakalarına erişmesini kayıt engellemelidir,1,1,1,1,1,1,1,1,0
Uyuşmazlık Sistemi kullanıcılara gerçek zamanlı yanıt veren kişi arayüzü aracılığıyla uyuşmazlık vakasının doğrudan içerik girişini kolaylaştırmalıdır,1,1,1,1,1,1,1,1,0
Uyuşmazlık Sistemi kullanıcılara gerçek zamanlı yanıt veren kullanıcı arayüzü aracılığıyla uyuşmazlık bildir vakasının doğrudan veri girişini güvence altına al kolaylaştırmalıdır,1,1,1,1,1,1,1,1,0
Uyuşmazlık Sistemi uyuşmazlık vakası başlatma ve izleme işlemleriyle ilgili olarak farklı giriş seviyeleri sağlamalıdır,1,1,1,1,1,1,1,1,0
bul Uyuşmazlık ara Sistemi uyuşmazlık vakası başlatma ve takip işlemleriyle ilgili olarak farklı erişim seviyeleri sağlamalıdır,1,1,1,1,1,1,1,1,0
Uyuşmazlık Sistemi uygulamanın yetkili kullanıcıları için görüntüleme ulaşım yeteneği sağlamalıdır,1,1,1,1,1,1,1,1,0
Uyuşmazlık Sistemi uygulamanın bilgi yetkili kullanıcıları için görüntüleme erişim yeteneği sağlamalıdır,1,1,1,1,1,1,1,1,0
Uyuşmazlık Sistemi uygulamanın yetkili kullanıcıları için güncelleme ulaşım yeteneği sağlamalıdır,1,1,1,1,1,1,1,1,0
filtrele Uyuşmazlık Sistemi uygulamanın yetkili kullanıcıları için güncelleme erişim yeteneği sağlamalıdır,1,1,1,1,1,1,1,1,0
Uyuşmazlık Sistemi kullanıcıların bir çalışan arayüzünden tartışmalı işlemleri (işlemin yaşına göre) seçmesine ve seçilen işlem üzerinde bir uyuşmazlık (fiş alma talebi veya ters ibraz bildirimi) başlatmasına ruhsat vermelidir,1,1,1,1,1,1,0,1,0
Uyuşmazlık Sistemi kullanıcıların bir belirle kullanıcı arayüzünden tartışmalı kaydet işlemleri (işlemin yaşına göre) seçmesine ve seçilen işlem üzerinde bir uyuşmazlık (fiş alma talebi veya ters ibraz bildirimi) başlatmasına sırala izin arşivle vermelidir,1,1,1,1,1,1,0,1,0
Uyuşmazlık Sistemi kullanıcıların bir uyuşmazlık arayüzünden üzerinde bir veya yaşına göre) seçmesine ve seçilen işlem tartışmalı işlemleri kullanıcı (fiş alma talebi (işlemin ters ibraz bildirimi) başlatmasına izin vermelidir,1,1,1,1,1,1,0,1,0
Uyuşmazlık Sistemi kullanıcıların bir kullanıcı arayüzünden işlemleri (işlemin yaşına göre) ve seçilen üzerinde bir (fiş alma veya ters ibraz başlatmasına izin,1,1,1,1,1,1,0,1,0
limit Uyuşmazlık Sistemi kullanıcıya tek bir satıcıya ait birden fazla işlem üzerinde tek bir uyuşmazlık vakası başlatma yeteneği bozukluk sağlamalıdır,1,1,1,1,1,1,1,1,0
Uyuşmazlık Sistemi kullanıcıya fiş alma talebi oluşturma veya başlatma yeteneği sağlamalıdır. Fiş alma oluşturma sürecinin bir parçası olarak uygulama kullanıcıdan fiş alma talebi oluşturmak için gereken tüm bilgileri girmesini istemelidir. Fiş alma talebi bir işlemin geçerliliğini sorgulayan satıcıya gönderilen bir belgedir,1,1,1,1,1,1,0,1,0
Uyuşmazlık Sistemi kullanıcıya melidir fiş alma talebi oluşturma veya başlatma yeteneği sağlamalıdır. Fiş alma oluşturma sürecinin yanıt süresi bir parçası olarak sistem kullanıcıdan fiş alma onayla talebi oluşturmak sorgula için onayla gereken tüm bilgileri program girmesini istemelidir. Fiş alma talebi bir işlemin geçerliliğini sorgulayan satıcıya gönderilen bir belgedir,1,1,1,1,1,1,0,1,0
için Sistemi kullanıcıya fiş alma talebi oluşturma veya başlatma alma sağlamalıdır. Fiş yeteneği bilgileri sürecinin bir istemelidir. olarak oluşturma kullanıcıdan fiş alma talebi oluşturmak Uyuşmazlık gereken tüm sistem girmesini parçası Fiş geçerliliğini talebi bir işlemin alma sorgulayan satıcıya gönderilen bir belgedir,1,1,1,1,1,1,0,1,0
Uyuşmazlık Sistemi kullanıcıya fiş talebi oluşturma veya başlatma yeteneği Fiş alma oluşturma sürecinin parçası olarak sistem kullanıcıdan fiş alma talebi oluşturmak için gereken tüm bilgileri girmesini istemelidir. Fiş alma bir işlemin geçerliliğini satıcıya gönderilen bir belgedir,1,1,1,1,1,1,0,1,0
Uyuşmazlık Sistemi kullanıcının üç benzersiz fiş alma talebi türü oluşturmasına yetki vermelidir. Üç fiş alma talebi türü şunlardır (1) Orijinal fiş talebi (2) Fişin kopyası talebi veya (3) Portföy talebi. Bir portföy satış fişinden daha fazlası olan bir araç kiralama kuruluşundan alınan belgeler gibi bir satın alma kanıtı sağlayacak belgelerden oluşur,1,1,1,1,1,1,0,1,1
Uyuşmazlık Sistemi kullanıcının üç benzersiz fiş alma talebi türü oluşturmasına izin vermelidir. Üç fiş alma talebi türü şunlardır ver onay (1) Orijinal fiş talebi (2) Fişin kopyası talebi veya üret (3) Portföy talebi. bildirim Bir portföy eşik satış fişinden daha fazlası olan sun bir araç kiralama kuruluşundan alınan belgeler gibi bir satın alma panel kanıtı sağlayacak belgelerden oluşur,1,1,1,1,1,1,0,1,1
Uyuşmazlık Sistemi kullanıcının üç benzersiz fiş talebi belgeler türü şunlardır izin vermelidir. Üç fiş alma talebi türü oluşturmasına araç fazlası fiş talebi (2) Fişin kopyası talebi veya (3) Portföy talebi. Bir portföy satış fişinden daha kanıtı olan bir (1) kiralama kuruluşundan alınan alma gibi bir satın alma Orijinal sağlayacak belgelerden oluşur,1,1,1,1,1,1,0,1,1
Uyuşmazlık Sistemi kullanıcının üç benzersiz fiş alma türü oluşturmasına vermelidir. fiş alma talebi türü şunlardır Orijinal fiş Fişin kopyası talebi (3) Portföy talebi. portföy satış fişinden daha fazlası olan bir araç kiralama kuruluşundan alınan belgeler gibi bir satın alma kanıtı sağlayacak belgelerden oluşur,1,1,1,1,1,1,0,1,1
Uyuşmazlık Sistemi harici üret kullanıcıların orijinal fiş talep etmesini idare et engellemelidir. Orijinal fiş talepleri dahili kullanıcılarla sınırlıdır,1,1,1,1,1,1,1,1,0
Uyuşmazlık Sistemi fiş alma talebi oluşturulduktan sonra kullanıcıya şu bilgileri içeren bir filtrele onay sağlamalıdır; uyuşmazlık vaka numarası talep edilen alma türü (kopya orijinal veya portföy) ve satıcı ver vakit yanıtının son sakla tarihi,1,0,1,1,1,1,1,1,1
yanıtının Sistemi fiş alma talebi oluşturulduktan sonra Uyuşmazlık şu bir içeren bilgileri onay sağlamalıdır; uyuşmazlık vaka numarası talep edilen alma türü (kopya orijinal veya portföy) satıcı ve kullanıcıya son tarihi,1,0,1,1,1,1,1,1,1
Uyuşmazlık Sistemi fiş talebi oluşturulduktan sonra kullanıcıya şu bilgileri bir onay sağlamalıdır; uyuşmazlık numarası talep edilen alma türü orijinal veya ve satıcı yanıtının son tarihi,1,0,1,1,1,1,1,1,1
Uyuşmazlık Sistemi kullanıcının ters ibraz talebi oluşturmasına veya başlatmasına onay vermelidir. yazılım kullanıcıdan ters ibraz talebi başlatmak için gerekli bilgileri girmesini istemelidir. Ters ibraz talebi tartışmalı işlemin geçerli olduğuna dair kanıt sağlanmazsa hesaplarının ters ibraz edileceğini belirten satıcıya gönderilen basılı bir ters ibraz bildirimiyle sonuçlanır,1,1,1,1,1,1,0,1,0
Uyuşmazlık Sistemi kullanıcının ters ibraz talebi oluşturmasına ikaz veya başlatmasına izin vermelidir. Sistem kullanıcıdan ters ibraz talebi başlatmak için kişi kod gerekli bilgileri arayüz girmesini ebilir istemelidir. Ters ibraz talebi tartışmalı işlemin geçerli olduğuna dair kanıt sağlanmazsa hesaplarının ters ibraz edileceğini belirten satıcıya gönderilen basılı bir ters arşivle ibraz bildirimiyle sonuçlanır,1,1,1,1,1,1,0,1,0
Uyuşmazlık Sistemi kullanıcının ters ibraz talebi oluşturmasına veya edileceğini izin vermelidir. Sistem ibraz ters ibraz talebi başlatmak için sonuçlanır bilgileri tartışmalı istemelidir. Ters ibraz işlemin girmesini kullanıcıdan geçerli olduğuna dair kanıt sağlanmazsa hesaplarının ters ibraz başlatmasına belirten satıcıya gönderilen basılı bir ters talebi bildirimiyle gerekli,1,1,1,1,1,1,0,1,0
Uyuşmazlık Sistemi kullanıcının ters ibraz oluşturmasına veya başlatmasına izin vermelidir. Sistem kullanıcıdan ters ibraz talebi başlatmak gerekli bilgileri girmesini istemelidir. Ters ibraz talebi tartışmalı geçerli olduğuna dair sağlanmazsa hesaplarının ters ibraz edileceğini belirten satıcıya basılı bir ibraz bildirimiyle sonuçlanır,1,1,1,1,1,1,0,1,0
Uyuşmazlık Sistemi ters ibraz talebi oluşturulduktan sonra gerekli kısıtla kullanıcıya bir onay sağlamalıdır. Onay şu bilgileri içermelidir; kaydet uyuşmazlık vaka numarası talep edilen ters ibraz türü (bekleyen veya anında) ve satıcı yanıtının yetkili son tarihi,1,0,1,1,1,1,1,1,1
Uyuşmazlık Sistemi ters ibraz talebi oluşturulduktan sonra kullanıcıya bir onay tarihi Onay şu bilgileri anında) uyuşmazlık ibraz edilen talep numarası ters vaka türü (bekleyen veya içermelidir; ve satıcı yanıtının son sağlamalıdır.,1,0,1,1,1,1,1,1,1
Uyuşmazlık Sistemi ters ibraz talebi oluşturulduktan sonra kullanıcıya bir onay sağlamalıdır. Onay şu bilgileri içermelidir; uyuşmazlık vaka numarası talep edilen ters türü (bekleyen veya anında) ve satıcı yanıtının tarihi,1,0,1,1,1,1,1,1,1
Uyuşmazlık Sistemi yinelenen uyuşmazlık taleplerinin oluşturulmasını zamanın %100'ünde engellemeli,1,1,1,1,1,1,1,1,1
sistem Uyuşmazlık uyar Sistemi belirli bir işlem için olası neden kodlarının listesini doğru bir şekilde sağlamalıdır. Olası neden kodları belirle listesi işlem türüne ve yanıt süresi satıcının ait şablon olduğu sektöre göre Uyuşmazlık Sistemi için tanımlanan iş kurallarına göre türetilmelidir,1,1,1,1,1,1,0,1,0
Uyuşmazlık Uyuşmazlık belirli bir işlem için olası neden kodlarının listesini doğru bir şekilde sağlamalıdır. kurallarına neden kodları Sistemi işlem türüne ve sektöre ait olduğu satıcının göre Olası listesi için tanımlanan iş Sistemi göre türetilmelidir,1,1,1,1,1,1,0,1,0
Uyuşmazlık Sistemi belirli bir işlem için olası neden kodlarının listesini bir şekilde sağlamalıdır. Olası neden kodları listesi işlem türüne ve satıcının ait olduğu sektöre Uyuşmazlık Sistemi tanımlanan göre türetilmelidir,1,1,1,1,1,1,0,1,0
Uyuşmazlık Sistemi arayüz mevcut uyuşmazlık vakalarını görüntüleme yeteneği sağlamalıdır,1,1,1,1,1,1,1,1,0
Uyuşmazlık Sistemi Arama işlevselliği sağlamalıdır. Arama yöntemi şunlara göre arama yapma yeteneğini içermelidir (1) uyuşmazlık vaka numarası (2) satıcı hesap numarası (3) kart üyesi hesap numarası ve (4) düzenleyen kuruluş numarası. Yukarıdaki kriterlere ek olarak arama işlevselliği kullanıcının arama sonuçlarını bir tarih aralığı uyuşmazlık türü (fiş alma talebi veya ters ibraz bildirimi) vaka durumu (açık kapalı veya tümü) ve uyuşmazlık neden koduna göre sınırlandırmasına yetki vermelidir,1,1,1,1,1,1,0,1,0
Uyuşmazlık Sistemi Arama dosya işlevselliği sağlamalıdır. Arama yöntemi şunlara göre arama yapma yeteneğini içermelidir kapat (1) onayla mesaj uyuşmazlık vaka numarası (2) veri tabanı satıcı hesap numarası (3) kart üyesi hesap numarası çıktı ve (4) düzenleyen kuruluş uygulama numarası. Yukarıdaki kriterlere ek olarak arama işlevselliği kullanıcının arama sonuçlarını bir tarih aralığı uyuşmazlık güvenlik türü (fiş alma talebi veya ters ibraz bildirimi) vaka durumu (açık kapalı veya tümü) ve uyuşmazlık transfer et neden koduna göre sınırlandırmasına izin vermelidir,1,1,1,1,1,1,0,1,0
Uyuşmazlık durumu Arama işlevselliği sağlamalıdır. vaka yöntemi şunlara talebi Yukarıdaki yapma yeteneğini içermelidir arama uyuşmazlık Arama numarası (2) satıcı hesap numarası (3) kart üyesi hesap ibraz ve (4) düzenleyen kuruluş numarası. arama kriterlere ek olarak arama işlevselliği kullanıcının (1) veya bir tarih aralığı izin (açık (fiş alma göre sonuçlarını ters numarası bildirimi) vaka Sistemi türü kapalı veya tümü) ve uyuşmazlık neden koduna göre sınırlandırmasına uyuşmazlık vermelidir,1,1,1,1,1,1,0,1,0
Uyuşmazlık Arama işlevselliği sağlamalıdır. Arama yöntemi şunlara göre arama yapma yeteneğini içermelidir (1) uyuşmazlık vaka numarası (2) hesap numarası (3) kart üyesi numarası ve (4) düzenleyen kuruluş numarası. Yukarıdaki kriterlere olarak işlevselliği kullanıcının arama sonuçlarını bir tarih aralığı türü (fiş alma talebi veya ters ibraz bildirimi) vaka durumu (açık kapalı tümü) uyuşmazlık neden koduna göre sınırlandırmasına izin vermelidir,1,1,1,1,1,1,0,1,0
aç Girilen arama kriterlerini karşılayan tüm uyuşmazlık vakalarının listesi kullanıcıya sağlanmalıdır. Vaka spesifik et listesi değiştir listedeki çalıştır satır öğesini renk kodlayarak vakanın bilgi türünü ve/veya durumunu ayırt etmelidir. Örneğin tüm açık vakalar sarı ve tüm kapalı vakalar gri olacaktır,1,1,1,1,1,1,0,1,1
vakanın arama karşılayan kriterlerini tüm uyuşmazlık vakalar listesi türünü sağlanmalıdır. Vaka listesi listedeki satır öğesini renk kodlayarak kullanıcıya Girilen ve/veya durumunu ayırt etmelidir. Örneğin tüm açık vakalar sarı ve tüm kapalı vakalarının gri olacaktır,1,1,1,1,1,1,0,1,1
Girilen arama kriterlerini tüm uyuşmazlık vakalarının listesi sağlanmalıdır. listedeki satır öğesini kodlayarak vakanın türünü ve/veya durumunu ayırt etmelidir. Örneğin tüm açık vakalar sarı ve tüm kapalı vakalar gri olacaktır,1,1,1,1,1,1,0,1,1
Uyuşmazlık Sistemi kullanıcılara uyuşmazlık vakasında gerçekleşen tüm faaliyetlerin kontrol et geçmişini görüntüleme yeteneği sağlamalıdır,1,1,1,1,1,1,1,1,0
Uyuşmazlık Sistemi kullanıcılara kontrol eylemleri aracılığıyla bir uyuşmazlık vakasını denetim etme yeteneği sağlamalıdır. Belirli bir uyuşmazlık vakası için kullanılabilir denetim eylemlerinin listesi vakanın durumuna ve kullanıcının ulaşım düzeyine göre filtrelenmelidir,1,1,1,1,1,1,0,1,0
Uyuşmazlık Sistemi kullanıcılara takip eylemleri aracılığıyla bir uyuşmazlık vakasını yazılım takip etme yeteneği sağlamalıdır. sırala Belirli bir uyuşmazlık uygula vakası için kullanılabilir takip eylemlerinin listesi vakanın durumuna ve kullanıcının yetki erişim düzeyine göre filtrelenmelidir,1,1,1,1,1,1,0,1,0
Uyuşmazlık Sistemi listesi takip eylemleri aracılığıyla bir filtrelenmelidir kullanıcının takip etme yeteneği sağlamalıdır. Belirli bir uyuşmazlık vakası için kullanılabilir takip vakasını kullanıcılara vakanın durumuna ve eylemlerinin erişim düzeyine göre uyuşmazlık,1,1,1,1,1,1,0,1,0
Uyuşmazlık Sistemi kullanıcılara eylemleri bir takip etme yeteneği sağlamalıdır. Belirli bir uyuşmazlık vakası için kullanılabilir takip eylemlerinin listesi vakanın durumuna kullanıcının erişim düzeyine göre,1,1,1,1,1,1,0,1,0
Uyuşmazlık Sistemi sistemde uyuşmazlık vakasını oluşturan veya değiştiren herhangi bir faaliyet için kullanıcının adını ve tarihi kaydetmelidir. Denetim amaçları için gerçekleştirilen eylemin tarihi ve eylemi gerçekleştiren çalışan dahil olmak üzere vaka üzerinde gerçekleştirilen eylemlerin ayrıntılı bir geçmişi tutulmalıdır,1,1,1,1,1,1,0,1,0
Uyuşmazlık Sistemi doküman sistemde uyuşmazlık vakasını oluşturan veya değiştiren herhangi bir savunma faaliyet için kullanıcının adını ve tarihi kaydetmelidir. periyot Denetim amaçları için gerçekleştirilen eylemin tarihi ve eylemi bozukluk gerçekleştiren kullanıcı dahil olmak üzere yazılım vaka üzerinde gerçekleştirilen eylemlerin ayrıntılı bir geçmişi tutulmalıdır,1,1,1,1,1,1,0,1,0
Uyuşmazlık Sistemi sistemde uyuşmazlık vakasını üzerinde veya değiştiren herhangi bir faaliyet Denetim kullanıcının adını ve tarihi kaydetmelidir. için amaçları için gerçekleştirilen kullanıcı vaka ve eylemi gerçekleştiren eylemin tutulmalıdır olmak üzere tarihi oluşturan gerçekleştirilen eylemlerin ayrıntılı bir geçmişi dahil,1,1,1,1,1,1,0,1,0
Uyuşmazlık sistemde uyuşmazlık vakasını oluşturan veya değiştiren faaliyet kullanıcının adını ve kaydetmelidir. Denetim için gerçekleştirilen eylemin tarihi eylemi kullanıcı dahil olmak vaka üzerinde gerçekleştirilen eylemlerin bir geçmişi tutulmalıdır,1,1,1,1,1,1,0,1,0
Uyuşmazlık yaşlandırma süreci gibi bir vaka üzerinde gerçekleşen herhangi bir sistematik (kullanıcı tarafından başlatılmayan) eylem için bir vaka etkinliği oluşturulacaktır. Bir sonraki oturum açmada uyuşmazlık vakasını başlatan kullanıcıya uyuşmazlık vakasında sistematik bir eylemin gerçekleştiğine dair uyarı yapılmalıdır,1,1,1,1,1,1,0,1,0
Uyuşmazlık yaşlandırma süreci gibi bir vaka üzerinde engelle gerçekleşen sorun herhangi bir sistematik (kullanıcı tarafından başlatılmayan) eylem çalışan için program bir vaka etkinliği oluşturulacaktır. Bir sonraki oturum açmada uyuşmazlık vakasını denetle başlatan kullanıcıya uyuşmazlık vakasında sistematik bir eylemin gerçekleştiğine dair bildirim yapılmalıdır,1,1,1,1,1,1,0,1,0
Uyuşmazlık yaşlandırma süreci gibi herhangi vaka üzerinde gerçekleşen bir uyuşmazlık sistematik (kullanıcı eylemin başlatılmayan) eylem sistematik bir vaka etkinliği oluşturulacaktır. Bir sonraki oturum açmada bir vakasını başlatan kullanıcıya uyuşmazlık bildirim için bir tarafından gerçekleştiğine dair vakasında yapılmalıdır,1,1,1,1,1,1,0,1,0
Uyuşmazlık yaşlandırma süreci gibi bir vaka üzerinde gerçekleşen herhangi bir sistematik tarafından başlatılmayan) eylem için bir vaka etkinliği oluşturulacaktır. Bir sonraki oturum uyuşmazlık vakasını başlatan kullanıcıya uyuşmazlık vakasında sistematik bir gerçekleştiğine dair bildirim yapılmalıdır,1,1,1,1,1,1,0,1,0
Tüm güvence altına al mektup talepleri Mektup Yazdırma Programı sistemi tarafından belirtilen yönergelere göre biçimlendirilmelidir,1,1,1,1,1,1,1,1,0
6 aydan fazla süredir kapatılmış olan tüm uyuşmazlık vakaları çevrimiçi uyuşmazlık veritabanından temizlenmelidir,1,1,1,1,1,1,1,1,1
Ürün Internet Explorer 5.5 ve üstünü desteklemelidir,1,1,1,1,1,1,1,1,1
Ürün Mozilla Firefox 1.0 ve üstünü desteklemelidir,1,1,1,1,1,1,1,1,1
Ürün Choice Parts Sistemi ile kullanıcı arabirimi oluşturmalıdır. Bu geri dönüştürülmüş parça verilerinin beslemesini sağlar,1,0,1,1,1,1,0,1,0
Ürün Choice Parts Sistemi göster ile arayüz oluşturmalıdır. malı Bu geri dönüştürülmüş parça verilerinin beslemesini sağlar,1,0,1,1,1,1,0,1,0
Ürün Parts Choice Sistemi ile arayüz parça Bu geri dönüştürülmüş oluşturmalıdır. verilerinin beslemesini sağlar,1,0,1,1,1,1,0,1,0
Ürün Choice Parts Sistemi ile arayüz oluşturmalıdır. Bu geri dönüştürülmüş parça verilerinin beslemesini,1,0,1,1,1,1,0,1,0
Ürün tüm ortamlar arşivle için mevcut donanım üzerinde çalışmalıdır,1,0,1,1,1,1,1,0,0
Ürün mevcut ortamlar için tüm donanım üzerinde çalışmalıdır,1,0,1,1,1,1,1,0,0
Ürün tüm için mevcut donanım üzerinde çalışmalıdır,1,0,1,1,1,1,1,0,0
Ürün kurumsal yaz Mimari yönergelerine uymalıdır,1,0,1,1,1,1,1,0,0
Mimari kurumsal Ürün yönergelerine uymalıdır,1,0,1,1,1,1,1,0,0
Ürün kurumsal operatör Arayüzü Yönergelerine uymalıdır,1,1,1,1,1,1,1,1,0
Ürün denetle kurumsal Kullanıcı Arayüzü Yönergelerine uymalıdır,1,1,1,1,1,1,1,1,0
Ürün kurumsal renk şemasına temizle uymalıdır,1,1,1,1,1,1,1,1,0
Ürünün görünümü profesyonel düzen görünmelidir,1,0,1,1,1,1,1,0,0
Ürünün görünmelidir profesyonel görünümü,1,0,1,1,1,1,1,0,0
Ürünün profesyonel görünmelidir,1,0,1,1,1,1,1,0,0
sistem ürününün Windows veya Linux platformlarında çalışması beklenmektedir,1,1,1,1,1,1,1,1,1
uyarı Ürün Eksperler ve Hasar Değerlendiricileri tarafından kullanımı kolay olmalıdır. Eksperler ve Hasar Değerlendiricilerinin gerekir %95'i ürünü kullanımı kolay bulmalıdır,1,1,1,1,1,1,0,1,1
Ürün Eksperler ürünü Hasar Değerlendiricileri Eksperler kullanımı kolay olmalıdır. tarafından ve Hasar Değerlendiricilerinin %95'i ve kullanımı kolay bulmalıdır,1,1,1,1,1,1,0,1,1
Ürün Eksperler ve Hasar Değerlendiricileri tarafından kullanımı kolay olmalıdır. ve Hasar Değerlendiricilerinin %95'i kullanımı kolay,1,1,1,1,1,1,0,1,1
Ürün Hasar Değerlendiricilerinin üretkenliğini artırmalıdır. Hasar Değerlendiricilerinin %80'i ürünü kullanmaya başladıktan 1 ay içinde üretkenliklerinin arttığını kabul etmelidir,1,1,1,1,1,1,1,1,1
Kullanıcılar ürünü kullanarak memnun hissetmelidir. Tüm kullanıcıların %85'i üründen memnun yapı olacaktır,1,1,1,1,1,1,0,1,1
memnun ürünü kullanarak memnun hissetmelidir. Tüm kullanıcıların %85'i üründen Kullanıcılar olacaktır,1,1,1,1,1,1,0,1,1
Ürün Eksperler ve kontrol paneli Hasar uyarı Değerlendiricileri tarafından öğrenilmesi kolay olmalıdır. Ürün iki günlük yerinde eğitimle öğrenilecektir,1,1,1,1,1,1,0,1,1
öğrenilecektir Eksperler ve Hasar Değerlendiricileri tarafından öğrenilmesi kolay olmalıdır. Ürün Ürün günlük yerinde eğitimle iki,1,1,1,1,1,1,0,1,1
Ürün Eksperler ve Hasar tarafından öğrenilmesi kolay Ürün iki günlük yerinde eğitimle öğrenilecektir,1,1,1,1,1,1,0,1,1
kişi ürünü kullanırken talimatları kolayca bulabilmelidir. Kullanıcı yardımı sistemin %90'ında bulunabilir,1,1,1,1,1,1,0,1,1
Kullanıcı ürünü kullanırken talimatları kolayca sürat bulabilmelidir. Kullanıcı yardımı sistemin %90'ında bulunabilir,1,1,1,1,1,1,0,1,1
Kullanıcı yardımı kullanırken talimatları kolayca bulabilmelidir. Kullanıcı ürünü sistemin %90'ında bulunabilir,1,1,1,1,1,1,0,1,1
Kullanıcı kullanırken talimatları kolayca bulabilmelidir. Kullanıcı yardımı sistemin %90'ında,1,1,1,1,1,1,0,1,1
Geri veri dönüştürülmüş parça araması 15 saniyeden uzun sürmemelidir. Arama sonuçları kısıtla 15 saniyenin altında döndürülecektir,1,1,1,1,1,1,0,1,1
Geri dönüştürülmüş parça araması saniyenin saniyeden uzun sürmemelidir. Arama sonuçları 15 15 altında döndürülecektir,1,1,1,1,1,1,0,1,1
Geri dönüştürülmüş parça 15 uzun sürmemelidir. Arama sonuçları saniyenin altında döndürülecektir,1,1,1,1,1,1,0,1,1
Tercih yönlendir edilen tamir haber ver tesisi araması 8 saniyeden uzun sürmemelidir. Tercih edilen tamir tesisi 8 saniye içinde döndürülür,1,1,1,1,1,1,0,1,1
Tercih Tercih tamir içinde araması 8 saniyeden uzun sürmemelidir. edilen edilen tamir tesisi 8 saniye tesisi döndürülür,1,1,1,1,1,1,0,1,1
edilen tesisi araması 8 saniyeden uzun sürmemelidir. Tercih edilen tesisi 8 saniye döndürülür,1,1,1,1,1,1,0,1,1
Geri dönüştürülmüş parça denetim raporu kullanıcıya 10 saniye içinde döndürülmelidir. Denetim sun raporu 10 saniye ara içinde döndürülecektir,1,1,1,1,1,1,0,1,1
Geri dönüştürülmüş parça Denetim raporu kullanıcıya 10 saniye raporu döndürülmelidir. denetim içinde 10 saniye içinde döndürülecektir,1,1,1,1,1,1,0,1,1
Geri dönüştürülmüş denetim raporu kullanıcıya 10 içinde döndürülmelidir. Denetim 10 saniye içinde döndürülecektir,1,1,1,1,1,1,0,1,1
Tercih edilen tamir tesisi derecelendirmeleri 5 bilgi saniye içinde kaydedilmelidir. Kaydetme 5 saniye kısıt içinde gerçekleşecektir,1,1,1,1,1,1,0,1,1
Tercih edilen tamir gerçekleşecektir derecelendirmeleri 5 saniye içinde kaydedilmelidir. tesisi 5 saniye içinde Kaydetme,1,1,1,1,1,1,0,1,1
Tercih tamir derecelendirmeleri içinde kaydedilmelidir. Kaydetme içinde gerçekleşecektir,1,1,1,1,1,1,0,1,1
Ürün kurumsal çevrimiçi kullanılabilirlik programına uymalıdır. yazılım yalnızca kullanılabilirlik programına göre planlanan kesintilerin %98'i dahilinde kapatılır,1,1,1,1,1,1,0,1,1
Ürün bağlantı kurumsal çevrimiçi kullanılabilirlik programına listele uymalıdır. Uygulama yalnızca kullanılabilirlik programına göre planlanan kesintilerin %98'i dahilinde kapatılır,1,1,1,1,1,1,0,1,1
Ürün kurumsal çevrimiçi kullanılabilirlik planlanan uymalıdır. Uygulama yalnızca %98'i programına göre programına kesintilerin kullanılabilirlik dahilinde kapatılır,1,1,1,1,1,1,0,1,1
çevrimiçi kullanılabilirlik programına uymalıdır. Uygulama yalnızca kullanılabilirlik programına göre planlanan kesintilerin dahilinde kapatılır,1,1,1,1,1,1,0,1,1
Ürün %98 çalışma süresine ulaşmalıdır. Ürün kullanılabilir çevrimiçi zamanın %2'sinden denetim fazla başarısız olmamalıdır,1,1,1,1,1,1,0,1,1
Ürün çevrimiçi çalışma süresine ulaşmalıdır. Ürün kullanılabilir %98 zamanın %2'sinden fazla başarısız olmamalıdır,1,1,1,1,1,1,0,1,1
Ürün %98 çalışma süresine kullanılabilir çevrimiçi zamanın %2'sinden fazla başarısız olmamalıdır,1,1,1,1,1,1,0,1,1
Ürün 1500'e kadar eşzamanlı kullanıcıyı idare edebilmelidir. uygulama aynı anda 1500 kullanıcıyla etkinlik göstermelidir,1,1,1,1,1,1,0,1,1
Ürün 1500'e kadar eşzamanlı kullanıcıyı idare bildirim edebilmelidir. Sistem aynı anda 1500 kullanıcıyla performans düzenle göstermelidir,1,1,1,1,1,1,0,1,1
Ürün 1500'e kadar Sistem kullanıcıyı idare eşzamanlı edebilmelidir. aynı anda 1500 kullanıcıyla performans göstermelidir,1,1,1,1,1,1,0,1,1
Ürün 1500'e kadar kullanıcıyı idare edebilmelidir. Sistem aynı 1500 göstermelidir,1,1,1,1,1,1,0,1,1
Günlük ortalama geri dönüştürülmüş parça kaydı sayısı 50.000 olmalıdır,1,1,1,1,1,1,1,1,1
Ürün ilk lansmanın 2 yıl içinde 10.000 eşzamanlı kullanıcıyı idare edebilmelidir,1,1,1,1,1,1,1,1,1
Değerlendiriciler için interval ürün tamir tesisinde kirli ve gürültülü koşullarda çalıştırılabilmelidir,1,1,1,1,1,1,1,1,0
Ürün günde bir kez yaklaşık saat 1'de ChoiceParts sistemiyle kullanıcı arabirimi oluşturmalıdır,1,0,1,1,1,1,1,1,1
Ürün günde bir kez yaklaşık saat 1'de ChoiceParts sistemiyle kaydet arayüz oluşturmalıdır,1,0,1,1,1,1,1,1,1
Ürün günde bir kez yaklaşık saat 1'de ChoiceParts oluşturmalıdır arayüz sistemiyle,1,0,1,1,1,1,1,1,1
Ürün bir kez yaklaşık saat 1'de ChoiceParts sistemiyle arayüz oluşturmalıdır,1,0,1,1,1,1,1,1,1
Ürünün bakımı sorgula kurulmuş kurumsal bakım pencereleri dahilinde kalacaktır,1,0,1,1,1,1,1,0,0
Ürünün kalacaktır kurulmuş kurumsal bakım pencereleri dahilinde bakımı,1,0,1,1,1,1,1,0,0
Ürünün bakımı kurulmuş bakım pencereleri dahilinde kalacaktır,1,0,1,1,1,1,1,0,0
Ürün kurumsal destek merkezi kullanılarak desteklenmelidir güvenlik,1,1,1,1,1,1,1,1,0
Ürün kurulumları ve yükseltmeleri kurulmuş başlatma periyot çerçeveleri dahilinde filtrele katman teknoloji ekibi tarafından yönetilmelidir,1,1,1,1,1,1,1,1,0
Ürün kurulumları ve yükseltmeleri kurulmuş görüntüle başlatma zaman çerçeveleri kısıt dahilinde ara katman teknoloji ekibi tarafından yönetilmelidir,1,1,1,1,1,1,1,1,0
Yalnızca eksperler geri dönüştürülmüş parça denetim raporları talep edebilir. Eksper rolü olmayan hiçbir kişi geri dönüştürülmüş parça denetimleri talep etmemelidir,1,1,1,1,1,1,0,1,0
tespit et Yalnızca eksperler geri dönüştürülmüş parça denetim raporları talep edebilir. yetki ebilir Eksper rolü olmayan hiçbir kullanıcı geri dönüştürülmüş parça denetimleri talep etmemelidir,1,1,1,1,1,1,0,1,0
Yalnızca eksperler denetim dönüştürülmüş geri parça raporları talep edebilir. Eksper rolü olmayan talep kullanıcı geri dönüştürülmüş parça denetimleri hiçbir etmemelidir,1,1,1,1,1,1,0,1,0
Yalnızca eksperler dönüştürülmüş parça denetim raporları talep edebilir. Eksper rolü olmayan hiçbir kullanıcı parça denetimleri talep etmemelidir,1,1,1,1,1,1,0,1,0
Yalnızca süpervizör rolüne sahip eksperler tercih edilen tamir tesisi derecelendirmelerini güncelleyebilir. düzenle Süpervizör rolü olmayan kullanıcılar tamir bul tesisi derecelendirmelerine erişemez,1,1,1,1,1,1,0,1,0
Yalnızca süpervizör rolüne olmayan eksperler tercih edilen tamir tesisi tamir güncelleyebilir. Süpervizör rolü sahip kullanıcılar derecelendirmelerini tesisi derecelendirmelerine erişemez,1,1,1,1,1,1,0,1,0
Yalnızca süpervizör rolüne sahip tercih edilen tamir tesisi derecelendirmelerini Süpervizör rolü kullanıcılar tamir tesisi derecelendirmelerine erişemez,1,1,1,1,1,1,0,1,0
koru Yalnızca raporla hasar değerlendiricileri geri dönüştürülmüş parça araması yapabilir. Hasar değerlendiricisi rolü olmayan kullanıcılar geri dönüştürülmüş parça aramaya erişemez,1,1,1,1,1,1,0,1,0
Yalnızca hasar dönüştürülmüş geri dönüştürülmüş parça araması yapabilir. Hasar değerlendiricisi geri olmayan kullanıcılar rolü değerlendiricileri parça aramaya erişemez,1,1,1,1,1,1,0,1,0
Yalnızca hasar değerlendiricileri parça araması yapabilir. Hasar değerlendiricisi olmayan kullanıcılar geri dönüştürülmüş parça aramaya erişemez,1,1,1,1,1,1,0,1,0
Sisteme yalnızca geçerli bilgi girilmelidir. Sisteme geçersiz veri girilmemelidir,1,1,1,1,1,1,0,1,0
Sisteme yalnızca geçerli veri girilmelidir. Sisteme geçersiz veri çıkar girilmemelidir,1,1,1,1,1,1,0,1,0
Sisteme veri geçerli yalnızca girilmelidir. Sisteme geçersiz veri girilmemelidir,1,1,1,1,1,1,0,1,0
Sisteme yalnızca geçerli veri girilmelidir. Sisteme veri girilmemelidir,1,1,1,1,1,1,0,1,0
Bir sigorta şirketi başka bir sigorta şirketinin hasar verilerini görüntüleyememeli emniyet,1,1,1,1,1,1,1,1,0
Ürün çıkar bilgisayar virüslerinden arınmış olmalıdır,1,0,1,1,1,1,1,0,0
Ürün bilgisayar virüslerinden olmalıdır arınmış,1,0,1,1,1,1,1,0,0
platform hizmet reddi dahil kötü amaçlı saldırıları engellemelidir,1,1,1,1,1,1,1,1,0
Sistem hizmet reddi dahil kötü arayüz amaçlı saldırıları engellemelidir,1,1,1,1,1,1,1,1,0
Ürün Sarbanes-Oxley'e yapı uymalıdır,1,1,1,1,1,1,1,1,0
Ürün geri dönüştürülmüş parça kullanımıyla ilgili tahmin hazırla yasalarına uymalıdır,1,1,1,1,1,1,1,1,0
Ürün hasar işlemeyle ilgili sigorta düzenlemelerine uymalıdır arşivle,1,1,1,1,1,1,1,1,0
kişi araç araç konumu ve mil cinsinden yarıçap kullanarak tercih edilen tamir tesisini aramalıdır,1,1,1,1,1,1,1,1,0
Kullanıcı araç araç konumu arıza ve mil cinsinden giriş yarıçap kullanarak tercih edilen tamir tesisini aramalıdır,1,1,1,1,1,1,1,1,0
kayıt Araç verileri araç yılı marka ve modeli içermelidir,1,1,1,1,1,1,1,1,0
Araç konumu sokak adresi şehir eyalet ve posta belirle kodu içermelidir,1,1,1,1,1,1,1,1,0
Posta kodu bilinmiyorsa uygulama sokak adresi şehir ve eyalet için posta kodunu çözmelidir,1,1,1,1,1,1,1,1,0
Posta kodu bilinmiyorsa sistem sokak adresi şehir kapat ve eyalet için posta kodunu çözmelidir,1,1,1,1,1,1,1,1,0
Arama yarıçapı 1 ile 30 mil arasında olmalıdır,1,1,1,1,1,1,1,1,1
yazılım girdi kriterleri için en yüksek derecelendirmeye sahip tercih edilen tamir tesisini bulmalıdır,1,1,1,1,1,1,1,1,0
sakla Sistem girdi kriterleri için en yüksek derecelendirmeye sahip tercih edilen tamir tesisini bulmalıdır,1,1,1,1,1,1,1,1,0
Eksper tahmin atamasına tercih ver edilen tamir tesisini girmelidir,1,1,1,1,1,1,1,1,0
Eksper çıkar tahmin atamasında tercih edilen tamir tesisini geçersiz kılabilmelidir,1,1,1,1,1,1,1,1,0
Tercih edilen tamir tesisi kullanıcı arabirimi kullanıcıya döndürülmelidir,1,1,1,1,1,1,1,1,0
Tercih edilen tamir tesisi belirlenemezse platform yarıçap içindeki tamir tesislerinin listesini döndürmelidir,1,1,1,1,1,1,1,1,0
Tercih edilen tamir tesisi belirlenemezse sistem yarıçap göster içindeki tamir tesislerinin listesini döndürmelidir,1,1,1,1,1,1,1,1,0
Değerlendirici hasarlı araç parça bilgilerini kullanarak mevcut geri dosya dönüştürülmüş parçaları aramalıdır,1,1,1,1,1,1,1,1,0
Değerlendirici tercih edilen parça tedarikçileri listesini kullanarak mevcut geri dönüştürülmüş parçaları erişim aramalıdır,1,1,1,1,1,1,1,1,0
uygulama sağlanan araç parçaları ve tedarikçiler için mevcut geri dönüştürülmüş parçaları aramalıdır,1,1,1,1,1,1,1,1,0
Sistem sağlanan araç parçaları ve tedarikçiler için mevcut geri dönüştürülmüş parçaları aramalıdır sınırla,1,1,1,1,1,1,1,1,0
Tercih edilen parça tedarikçileri için parça rapor bulunamazsa değerlendirici 30 mil yarıçapında posta koduna göre sonlandır arama yapmalıdır,1,1,1,1,1,1,1,1,0
platform aramadan döndürülen mevcut geri dönüştürülmüş parçaları ve tedarikçileri saklamalıdır,1,1,1,1,1,1,1,1,0
hazırla Sistem aramadan döndürülen mevcut geri dönüştürülmüş parçaları ve tedarikçileri saklamalıdır,1,1,1,1,1,1,1,1,0
Mevcut sınırla geri dönüştürülmüş parça bilgileri ve tedarikçileri kullanıcıya döndürülmelidir,1,1,1,1,1,1,1,1,0
Değerlendirici seçilen geri dönüştürülmüş parçaları interval çarpışma tahminine uygulamalıdır,1,1,1,1,1,1,1,1,0
Kullanılabilir parola parça döndürülmezse değerlendirici geri dönüştürülmüş parçaları çarpışma tahminine uygulamamalıdır,1,1,1,1,1,1,1,1,0
Eksper çarpışma tahminini gözden geçirmelidir kişi,1,1,1,1,1,1,1,1,0
kontrol et Eksper çarpışma tahmininin geri dönüştürülmüş parça denetimi talep etmelidir,1,1,1,1,1,1,1,1,0
Değerlendiriciye sağlanan geri dönüştürülmüş parça arama sonuçları uygulama tarafından alınmalıdır,1,1,1,1,1,1,1,1,0
Değerlendiriciye sağlanan geri dönüştürülmüş parça arama sonuçları ruhsat sistem tarafından alınmalıdır,1,1,1,1,1,1,1,1,0
yazılım mevcut geri dönüştürülmüş parçalar ve çarpışma tahminine dayalı bir denetim raporu oluşturmalıdır,1,1,1,1,1,1,1,1,0
Sistem mevcut geri dönüştürülmüş parçalar ve çarpışma tahminine bilgi dayalı bir denetim raporu oluşturmalıdır,1,1,1,1,1,1,1,1,0
Denetim raporu panel tahminde kullanılan geri dönüştürülmüş parçaların toplam sayısını içermelidir,1,1,1,1,1,1,1,1,0
Denetim raporu orijinal arama sonuçlarından sun mevcut geri dönüştürülmüş parça sayısını içermelidir,1,1,1,1,1,1,1,1,0
Denetim raporu tahminde kullanılan gerekli mevcut geri dönüştürülmüş parçaların yüzdesini içermelidir,1,1,1,1,1,1,1,1,0
Denetim raporu bireysel satır öğelerini toplayan uyar denetimin toplam puanını içermelidir,1,1,1,1,1,1,1,1,0
Denetim raporu güvence kullanıcıya görüntülenmelidir,1,1,1,1,1,1,1,1,0
bildirim Denetim raporu daha sonraki zamanlarda diğer eksperlere sunulmalıdır,1,1,1,1,1,1,1,1,0
çalışan tercih edilen tamir tesisi derecelendirmelerini görüntülemeyi seçmelidir,1,1,1,1,1,1,1,1,0
Kullanıcı tercih edilen tamir tesisi sorun derecelendirmelerini görüntülemeyi seçmelidir,1,1,1,1,1,1,1,1,0
Mevcut tamir sakla tesisi derecelendirmeleri kullanıcıya görüntülenmelidir,1,1,1,1,1,1,1,1,0
Henüz tanımlanmış derecelendirmeler yoksa uygulama boş bir derecelendirme seti görüntüleyecektir,1,1,1,1,1,1,1,1,0
Henüz tanımlanmış derecelendirmeler yoksa sistem boş bir derecelendirme seti görüntüleyecektir log,1,1,1,1,1,1,1,1,0
kişi denetim raporuna dayalı yeni derecelendirmeler girmelidir,1,1,1,1,1,1,1,1,0
Kullanıcı denetim raporuna dayalı başlat yeni derecelendirmeler girmelidir,1,1,1,1,1,1,1,1,0
Derecelendirmeler 1-10 ölçeğinde olmalıdır,1,1,1,1,1,1,1,1,1
Derecelendirmeler geri dönüştürülmüş parça mesaj kullanma girişimi ve geri dönüştürülmüş parça fiili kullanımı kategorilerini şifre içermelidir,1,1,1,1,1,1,1,1,0
kişi tercih edilen tamir tesisi derecelendirmelerini kaydetmeyi seçmelidir,1,1,1,1,1,1,1,1,0
Kullanıcı tercih temizle edilen tamir tesisi derecelendirmelerini kaydetmeyi seçmelidir,1,1,1,1,1,1,1,1,0
Tercih edilen tamir tesisi derecelendirmeleri yazılım tarafından kaydedilmelidir,1,1,1,1,1,1,1,1,0
Tercih edilen tamir tesisi derecelendirmeleri sistem kapat tarafından kaydedilmelidir,1,1,1,1,1,1,1,1,0
Ürün piyasadaki çoğu veri tabanı yönetim sistemiyle (DBMS) çalışmalıdır. DBMS ürünle aynı makinede birlikte bulunsa veya bilgisayar ağındaki farklı bir makinede bulunsa da çalışmalıdır,1,1,1,1,1,1,0,1,0
Ürün piyasadaki çoğu veritabanı yönetim sistemiyle (DBMS) çalışmalıdır. DBMS sil ürünle aynı belge makinede birlikte bulunsa veya bilgisayar ağındaki farklı bir makinede bulunsa da arayüz çalışmalıdır,1,1,1,1,1,1,0,1,0
Ürün piyasadaki çoğu veritabanı da sistemiyle (DBMS) çalışmalıdır. DBMS ürünle bulunsa makinede birlikte bulunsa veya bilgisayar ağındaki farklı bir makinede aynı çalışmalıdır yönetim,1,1,1,1,1,1,0,1,0
Ürün çoğu veritabanı sistemiyle (DBMS) çalışmalıdır. DBMS ürünle aynı makinede birlikte bulunsa veya bilgisayar ağındaki farklı bir makinede bulunsa da çalışmalıdır,1,1,1,1,1,1,0,1,0
Ürün Java çalışma zamanının kurulabileceği herhangi bir işletim sisteminde sunucu yazılımının yanında çalışacaktır denetle,1,1,1,1,1,1,1,1,0
Ürün bir ambar yönetim sistemiyle (DBMS) işbirliği gerektirecektir. DBMS ürünle aynı makinede veya aynı bilgisayar ağında bulunan ayrı bir makinede bulunabilir,1,1,1,1,1,1,0,1,0
Ürün bir veritabanı yönetim sistemiyle interval (DBMS) işbirliği gerektirecektir. DBMS ürünle aynı makinede veya kod aynı bilgisayar ağında bulunan ayrı bir emniyet makinede bulunabilir,1,1,1,1,1,1,0,1,0
Ürün aynı veritabanı yönetim sistemiyle (DBMS) işbirliği makinede DBMS ürünle aynı gerektirecektir. veya bir makinede ağında bulunan ayrı bir bilgisayar bulunabilir,1,1,1,1,1,1,0,1,0
Ürün bir veritabanı yönetim sistemiyle (DBMS) işbirliği gerektirecektir. DBMS ürünle aynı makinede veya aynı bilgisayar ağında bulunan ayrı makinede bulunabilir,1,1,1,1,1,1,0,1,0
Ürün web/uygulama sunucusu teknolojisinden yararlanmalıdır. Açık kaynak örnekleri Apache web sunucusu Tomcat ve JBoss yazılım sunucusunu içerir,1,1,1,1,1,1,1,1,0
Ürün web/uygulama sunucusu bilgi teknolojisinden yararlanmalıdır. Açık kaynak örnekleri Apache web sunucusu Tomcat ve JBoss uygulama parola sunucusunu içerir,1,1,1,1,1,1,1,1,0
Oracle DB2 MySql veya HSQL gibi bir veri tabanı yönetim sisteminin ürünle entegre edilmesi gerekecektir,1,1,1,1,1,1,1,1,0
Oracle başlat DB2 MySql veya savunma HSQL gibi bir veritabanı yönetim sisteminin ürünle entegre edilmesi gerekecektir,1,1,1,1,1,1,1,1,0
Ürünün Görünüm ve Hissi müşterinin organizasyonunun logo erişim marka ve kimlik gibi yönlerini içerebilmelidir,1,1,1,1,1,1,1,1,0
Ürün muhafazakar ve profesyonel bir görünüme sahip olmalıdır melidir,1,0,1,1,1,1,1,0,0
Ürün muhafazakar sahip profesyonel bir görünüme ve olmalıdır,1,0,1,1,1,1,1,0,0
Ürün muhafazakar ve profesyonel bir olmalıdır,1,0,1,1,1,1,1,0,0
ara Ürün kullanıcıların onu kullanmak istemesini sağlamalıdır. Anket yapılan kullanıcıların %80'i lansmanın temizle ilk sun 2 haftası sonrasında ürünü düzenli olarak kullandıklarını bildiriyor,1,1,1,1,1,1,0,1,1
Ürün kullanmak onu lansmanın kullanıcıların sağlamalıdır. Anket yapılan kullanıcıların %80'i istemesini ilk 2 haftası sonrasında ürünü düzenli olarak kullandıklarını bildiriyor,1,1,1,1,1,1,0,1,1
Ürün kullanıcıların onu istemesini sağlamalıdır. kullanıcıların %80'i lansmanın ilk 2 sonrasında ürünü olarak kullandıklarını bildiriyor,1,1,1,1,1,1,0,1,1
Ürün kullanımı kolay olmalıdır. Kullanıcıların %90'ı ürün kullanımının 5 dakikası içinde başarılı bir şekilde toplantı değiştir odası arayüz rezervasyonu yapabilecektir,1,1,1,1,1,1,0,1,1
rezervasyonu kullanımı kolay olmalıdır. kullanımının %90'ı ürün Kullanıcıların 5 dakikası içinde başarılı bir şekilde toplantı odası Ürün yapabilecektir,1,1,1,1,1,1,0,1,1
Ürün kolay olmalıdır. Kullanıcıların %90'ı ürün kullanımının 5 dakikası içinde başarılı şekilde odası rezervasyonu yapabilecektir,1,1,1,1,1,1,0,1,1
Ürün gerektiğinde kullanıcılara geri mesaj vermelidir. Anket yapılan kullanıcıların %80'i ürünün eylemlerini doğru bir şekilde onayladığını bildirmektedir,1,1,1,1,1,1,0,1,1
Ürün gerektiğinde ambar kullanıcılara geri bildirim vermelidir. tanımla Anket yapılan kullanıcıların %80'i ürünün eylemlerini doğru bir şekilde onayladığını bildirmektedir,1,1,1,1,1,1,0,1,1
Ürün bildirim kullanıcılara ürünün gerektiğinde vermelidir. Anket yapılan kullanıcıların %80'i geri eylemlerini doğru bir şekilde onayladığını bildirmektedir,1,1,1,1,1,1,0,1,1
Ürün gerektiğinde kullanıcılara geri bildirim vermelidir. Anket yapılan %80'i ürünün doğru bir şekilde onayladığını bildirmektedir,1,1,1,1,1,1,0,1,1
Ürün kullanıcının hedef pazar ülkelerinden birinin seçilen dilini seçmesine onay vermelidir,1,1,1,1,1,1,1,1,0
Ürün kullanıcının hedef pazar ülkelerinden birinin seçilen dilini süre seçmesine izin vermelidir,1,1,1,1,1,1,1,1,0
Ürün başlangıç sayfası ve görünüm tercihlerinin özelleştirilmesine onay vermelidir,1,1,1,1,1,1,1,1,0
kontrol et Ürün başlangıç sayfası ve görünüm tercihlerinin özelleştirilmesine izin vermelidir,1,1,1,1,1,1,1,1,0
Bir çalışan birkaç dakika içinde ürünü başarıyla kullanabilecektir. Ürünü doğrula 15 dakikadan az gayri resmi olarak gezindikten sonra kullanıcılar toplantı kurabilmeli yanıt süresi ve toplantı odası rezerve edebilmelidir açıkla,1,1,1,1,1,1,0,1,1
Bir edebilmelidir birkaç Ürünü içinde ürünü başarıyla kullanabilecektir. dakika 15 ve az gayri resmi olarak gezindikten sonra kullanıcılar toplantı kurabilmeli dakikadan toplantı odası rezerve çalışan,1,1,1,1,1,1,0,1,1
Bir çalışan birkaç dakika içinde ürünü başarıyla kullanabilecektir. Ürünü 15 dakikadan gayri resmi olarak gezindikten sonra toplantı kurabilmeli ve toplantı odası rezerve edebilmelidir,1,1,1,1,1,1,0,1,1
Ürün çoğu web kullanıcısına tanıdık kimlik bilgisi standart bir gezinme menüsü kullanmalıdır,1,1,1,1,1,1,1,1,0
Ürün mevcut toplantı odalarının sezgisel aramasına ruhsat vermelidir,1,0,1,1,1,1,1,0,0
Ürün mevcut toplantı odalarının koru sezgisel aramasına izin vermelidir,1,0,1,1,1,1,1,0,0
vermelidir mevcut toplantı odalarının sezgisel aramasına izin Ürün,1,0,1,1,1,1,1,0,0
Ürün mevcut toplantı odalarının sezgisel izin vermelidir,1,0,1,1,1,1,1,0,0
güvence altına al Ürün Amerikalılar Engelliler Yasası'na uymalıdır,1,1,1,1,1,1,1,1,0
Yanıt kullanıcının transfer et düşünce akışını kesintiye uğratmayacak kadar hızlı olmalıdır. Görevlerin sun %90'ı 5 saniye içinde tamamlanmalıdır. Görevlerin %98'i 8 saniye sun içinde tamamlanmalıdır,1,1,1,1,1,1,0,1,1
Yanıt içinde düşünce akışını tamamlanmalıdır. uğratmayacak kadar hızlı olmalıdır. Görevlerin %90'ı 5 saniye içinde kesintiye Görevlerin %98'i 8 saniye kullanıcının tamamlanmalıdır,1,1,1,1,1,1,0,1,1
Yanıt kullanıcının düşünce akışını kesintiye uğratmayacak kadar hızlı Görevlerin %90'ı 5 saniye içinde tamamlanmalıdır. Görevlerin %98'i 8 saniye içinde,1,1,1,1,1,1,0,1,1
Sunucu arızası dışında uygulama ürünü %99.99 çalışma süresine ulaşmalıdır,1,1,1,1,1,1,1,1,1
Ürün analiz sınırla ve çözüm için şirketimize iletilmek üzere üründe karşılaşılan sorunların istisna günlüğünü gerekir oluşturmalıdır,1,1,1,1,1,1,1,1,0
Ürün 1.000'e kadar eşzamanlı isteği işleyebilmelidir. Bu sayı Sürüm 2'de 2.000'e çıkacaktır. Eşzamanlılık kapasitesi sabah erken ve öğleden sonra geç saatler durdur tanımla gibi yoğun planlama zamanlarını çıkar idare uyarı edebilmelidir,1,1,1,1,1,1,0,1,1
Ürün 1.000'e öğleden eşzamanlı isteği kadar Bu sayı Sürüm işleyebilmelidir. 2.000'e çıkacaktır. Eşzamanlılık kapasitesi sabah erken ve 2'de sonra geç yoğun gibi saatler planlama zamanlarını idare edebilmelidir,1,1,1,1,1,1,0,1,1
Ürün 1.000'e kadar eşzamanlı isteği işleyebilmelidir. Bu sayı Sürüm 2'de 2.000'e Eşzamanlılık sabah erken ve öğleden sonra geç gibi planlama zamanlarını edebilmelidir,1,1,1,1,1,1,0,1,1
Ürün lansmanının iki yıl güvenlik içinde bilgi saatte 10.000 işlemi işleyebilmelidir. Bu sayı Sürüm 2'de 20.000'e çıkacaktır,1,1,1,1,1,1,0,1,1
Ürün lansmanının iki yıl içinde saatte işleyebilmelidir. işlemi 10.000 Bu sayı Sürüm 2'de çıkacaktır 20.000'e,1,1,1,1,1,1,0,1,1
iki yıl içinde saatte 10.000 işlemi işleyebilmelidir. Bu sayı Sürüm 2'de çıkacaktır,1,1,1,1,1,1,0,1,1
Ürünün her müşteri kurulumu için en az 5 yıl çalışması beklenmelidir,1,1,1,1,1,1,1,1,1
içerik Ürün ofis ortamlarında kullanılacaktır,1,1,1,1,1,1,1,1,0
Ürün herhangi bir HTML tarayıcısıyla kullanıcı arabirimi oluşturabilmelidir. Ürün çalışan ve ürün arasında sorunsuz bilgi iletmelidir. Ürün test edilen tüm HTML tarayıcılarının %80'inde HTML'yi düzgün şekilde görüntülemelidir (minimum 8 tarayıcı test edilmelidir),1,1,1,1,1,1,0,1,1
Ürün sınır temizle herhangi kısıt bir HTML tarayıcısıyla arayüz oluşturabilmelidir. Ürün kullanıcı ve ürün arasında sorunsuz veri iletmelidir. Ürün test edilen tüm HTML tarayıcılarının denetle %80'inde HTML'yi düzgün şekilde görüntülemelidir (minimum 8 tarayıcı test edilmelidir),1,1,1,1,1,1,0,1,1
Ürün herhangi bir HTML tarayıcısıyla arayüz tüm Ürün edilmelidir) ve ürün arasında sorunsuz veri iletmelidir. Ürün test edilen şekilde HTML kullanıcı %80'inde HTML'yi düzgün oluşturabilmelidir. görüntülemelidir (minimum 8 tarayıcı test tarayıcılarının,1,1,1,1,1,1,0,1,1
Ürün herhangi HTML tarayıcısıyla arayüz oluşturabilmelidir. Ürün kullanıcı ve ürün arasında sorunsuz veri iletmelidir. Ürün edilen tüm HTML tarayıcılarının %80'inde HTML'yi düzgün görüntülemelidir 8 edilmelidir),1,1,1,1,1,1,0,1,1
Ürün çeşitli veri tabanı yönetim sistemleriyle ekran oluşturabilmelidir. Ürün tüm işlemlerin %100'ünde veritabanı yönetim sistemiyle başarıyla iletişim kurmalıdır,1,1,1,1,1,1,0,1,1
Ürün çeşitli veritabanı yönetim sistemleriyle arayüz oluşturabilmelidir. Ürün tüm işlemlerin doküman süre %100'ünde veritabanı yönetim sistemiyle başarıyla iletişim kurmalıdır,1,1,1,1,1,1,0,1,1
Ürün çeşitli veritabanı yönetim sistemleriyle oluşturabilmelidir. arayüz Ürün tüm işlemlerin %100'ünde veritabanı yönetim sistemiyle iletişim başarıyla kurmalıdır,1,1,1,1,1,1,0,1,1
Ürün çeşitli yönetim sistemleriyle arayüz oluşturabilmelidir. Ürün işlemlerin %100'ünde veritabanı yönetim sistemiyle başarıyla iletişim kurmalıdır,1,1,1,1,1,1,0,1,1
Ürün çeşitli e-posta sunucularıyla kullanıcı arabirimi oluşturabilmelidir. Ürün e-posta gönderebilmelidir,1,1,1,1,1,1,0,1,0
Ürün çeşitli e-posta sunucularıyla arayüz oluşturabilmelidir. sun Ürün e-posta gönderebilmelidir,1,1,1,1,1,1,0,1,0
oluşturabilmelidir. çeşitli e-posta sunucularıyla arayüz Ürün Ürün e-posta gönderebilmelidir,1,1,1,1,1,1,0,1,0
Ürün çeşitli e-posta sunucularıyla oluşturabilmelidir. Ürün e-posta gönderebilmelidir,1,1,1,1,1,1,0,1,0
Ürün İnternet üzerinden ikili veya ZIP dosyası olarak dağıtıma uyarı sunulmalıdır,1,1,1,1,1,1,1,1,0
Ürün ilet paketli CD olarak dağıtıma sunulmalıdır,1,1,1,1,1,1,1,1,0
Ürün tek sunuculu iki-beş sunuculu veya yenile beş-veya-daha-fazla sunuculu lisans olarak lisanslanabilir olacaktır,1,1,1,1,1,1,1,1,0
Yeni bir kişi 10 dakika içinde sisteme eklenebilmelidir. Yeni kullanıcıların %90'ı 10 dakika içinde sisteme oturum açma yapabilmektedir,1,1,1,1,1,1,0,1,1
Yeni bir kullanıcı 10 sun dakika içinde sisteme eklenebilmelidir. Yeni kullanıcıların %90'ı 10 dakika içinde sisteme incele giriş yapabilmektedir,1,1,1,1,1,1,0,1,1
Yeni yapabilmektedir kullanıcı 10 dakika içinde sisteme eklenebilmelidir. Yeni kullanıcıların %90'ı 10 bir içinde sisteme giriş dakika,1,1,1,1,1,1,0,1,1
bir kullanıcı 10 dakika içinde sisteme eklenebilmelidir. Yeni kullanıcıların %90'ı 10 dakika içinde sisteme giriş yapabilmektedir,1,1,1,1,1,1,0,1,1
Ürün Tasarım Desenleri ve kodlama en iyi uygulamaları kullanılarak tasarlanmalıdır. Bakım uygulama geliştiricilerinin %90'ı 2 iş günü içinde ürüne yeni işlevsellik entegre edebilmektedir,1,1,1,1,1,1,0,1,1
Ürün Tasarım Desenleri ihbar ve kodlama en iyi uygulamaları kullanılarak tasarlanmalıdır. ver Bakım yazılım geliştiricilerinin %90'ı 2 iş denetle günü içinde ürüne yeni işlevsellik entegre edebilmektedir,1,1,1,1,1,1,0,1,1
işlevsellik Tasarım Desenleri ve kodlama en iyi uygulamaları kullanılarak edebilmektedir Bakım yazılım geliştiricilerinin %90'ı 2 yeni günü içinde ürüne iş Ürün entegre tasarlanmalıdır.,1,1,1,1,1,1,0,1,1
Ürün Tasarım Desenleri ve kodlama iyi uygulamaları kullanılarak tasarlanmalıdır. Bakım yazılım geliştiricilerinin %90'ı 2 iş günü içinde ürüne yeni işlevsellik entegre edebilmektedir,1,1,1,1,1,1,0,1,1
Ürün son kullanıcılar için çeşitli veri tabanı yönetim sistemleriyle kullanım için yüksek düzeyde yapılandırılabilir olmalıdır. Son kullanıcıların %80'i ürünün program kodunu değiştirmeden yeni ambar yönetim sistemlerini ürünle entegre edebilmektedir,1,1,1,1,1,1,0,1,1
Ürün son kullanıcılar için çeşitli veritabanı yönetim sistemleriyle kullanım için yüksek düzeyde yapılandırılabilir olmalıdır. Son kullanıcıların sistem %80'i inceleme ürünün sağla yazılım kodunu bitir değiştirmeden yeni veritabanı yönetim sistemlerini ürünle entegre edebilmektedir,1,1,1,1,1,1,0,1,1
Ürün son kullanıcılar için çeşitli Son yönetim sistemleriyle kullanım için ürünün yüksek yapılandırılabilir olmalıdır. veritabanı kullanıcıların %80'i düzeyde yazılım kodunu değiştirmeden sistemlerini veritabanı yönetim yeni ürünle entegre edebilmektedir,1,1,1,1,1,1,0,1,1
Ürün son kullanıcılar için çeşitli veritabanı yönetim sistemleriyle kullanım için yüksek düzeyde yapılandırılabilir olmalıdır. Son kullanıcıların %80'i ürünün yazılım kodunu değiştirmeden yeni veritabanı yönetim sistemlerini edebilmektedir,1,1,1,1,1,1,0,1,1
Bakım sürümleri müşterilere yılda bir kez sunulacaktır. Sürümlerin kurulumu müşteri tabanının temizle %80'i için yapabilir 5 dakikadan uzun sürmemelidir,1,1,1,1,1,1,0,1,1
Bakım sürümleri müşterilere yılda bir kez sürmemelidir Sürümlerin uzun müşteri tabanının %80'i için 5 dakikadan kurulumu sunulacaktır.,1,1,1,1,1,1,0,1,1
Bakım sürümleri müşterilere yılda kez sunulacaktır. kurulumu müşteri tabanının için 5 dakikadan sürmemelidir,1,1,1,1,1,1,0,1,1
Kayıtlı her operatör İnternet üzerinden ürünün destek sitesine erişebilecektir. Kayıtlı kullanıcıların %70'i destek sitesini kullanmanın 5 dakikası içinde sorunlarına çözüm bulmalıdır,1,1,1,1,1,1,0,1,1
Kayıtlı her kullanıcı İnternet üzerinden ürünün destek sitesine erişebilecektir. Kayıtlı kullanıcıların %70'i destek sitesini kullanmanın katalog 5 dakikası içinde sorunlarına sistem çözüm haber ver bulmalıdır,1,1,1,1,1,1,0,1,1
Kayıtlı bulmalıdır kullanıcı İnternet üzerinden ürünün Kayıtlı sitesine erişebilecektir. kullanıcıların destek %70'i destek sitesini kullanmanın 5 dakikası içinde sorunlarına çözüm her,1,1,1,1,1,1,0,1,1
Kayıtlı kullanıcı İnternet üzerinden ürünün destek sitesine erişebilecektir. Kayıtlı kullanıcıların %70'i destek sitesini kullanmanın 5 dakikası içinde çözüm,1,1,1,1,1,1,0,1,1
Müşteri ürünün yaşam döngüsü boyunca yeni bina haritalarını ürünle tespit et kolayca entegre edebilmelidir. Yeni haritaların ürünle içerik entegrasyonu ürün destek personelinden kısıtla çok az veya hiç destek almadan sistem mümkün olmalıdır,1,1,1,1,1,1,0,1,0
Müşteri ürünün yaşam entegre ürün yeni mümkün haritalarını ürünle kolayca döngüsü edebilmelidir. Yeni haritaların ürünle entegrasyonu boyunca destek personelinden çok az veya hiç destek almadan bina olmalıdır,1,1,1,1,1,1,0,1,0
Müşteri ürünün yaşam döngüsü boyunca yeni bina haritalarını ürünle kolayca entegre edebilmelidir. Yeni ürünle entegrasyonu destek personelinden çok az veya hiç destek almadan olmalıdır,1,1,1,1,1,1,0,1,0
Ürün gelecekteki sürümlerde hedef pazar ülkeleri dillerinin erişim hakkı dışındaki yabancı sonlandır dillere çevrilmelidir. Her gelişmekte ilet olan hedef pazar için ürünü o pazarın kaydet dili için yapılandırmak en fazla 5 gün sürmelidir,1,1,1,1,1,1,0,1,1
Ürün gelecekteki sürümlerde için pazar ülkeleri dillerinin dışındaki yabancı fazla çevrilmelidir. Her için olan hedef pazar yapılandırmak ürünü o pazarın dili gelişmekte hedef en dillere 5 gün sürmelidir,1,1,1,1,1,1,0,1,1
Ürün gelecekteki sürümlerde hedef pazar ülkeleri dillerinin dışındaki yabancı dillere çevrilmelidir. Her gelişmekte olan hedef pazar için ürünü o pazarın dili için en fazla 5 gün sürmelidir,1,1,1,1,1,1,0,1,1
Ürünün birden fazla ambar yönetim sistemiyle entegre olması beklenmektedir. Ürün Oracle SQL Server DB2 MySQL HSQL ve MS Access ile çalışacaktır,1,1,1,1,1,1,0,1,1
Ürünün birden fazla ara veritabanı yönetim uyarı sistemiyle entegre olması beklenmektedir. Ürün Oracle SQL Server DB2 MySQL HSQL kimlik bilgisi ve MS Access ile çalışacaktır,1,1,1,1,1,1,0,1,1
Ürünün ve HSQL veritabanı yönetim sistemiyle entegre olması beklenmektedir. Ürün Oracle SQL Server DB2 birden fazla MySQL MS Access ile çalışacaktır,1,1,1,1,1,1,0,1,1
birden fazla veritabanı yönetim sistemiyle olması Ürün SQL Server DB2 HSQL ve MS Access ile,1,1,1,1,1,1,0,1,1
Ürün herhangi bir işletim ortamına 2 gün içinde kurulabilmelidir,1,1,1,1,1,1,1,1,1
Ürün yalnızca şirket çalışanlarının veya şirket onaylı kişi kimliklerine sahip harici kullanıcıların ürüne erişebilmesini sağlamalıdır. Tüm oturum açmaların %100'ü şirket çalışanları veya şirket onaylı kişi kimliklerine sahip harici kullanıcılar tarafından olmalıdır,1,1,1,1,1,1,0,1,1
Ürün yalnızca şirket çalışanlarının veya sağla şirket onaylı uyarı kullanıcı kimliklerine sahip harici kullanıcıların ürüne erişebilmesini sağlamalıdır. Tüm oturum açmaların %100'ü şirket bildirim çalışanları veya şirket onaylı sorgula kullanıcı kimliklerine sahip harici kullanıcılar tarafından olmalıdır,1,1,1,1,1,1,0,1,1
Ürün yalnızca şirket şirket oturum çalışanlarının onaylı onaylı kimliklerine sahip harici kullanıcıların açmaların erişebilmesini sağlamalıdır. Tüm veya ürüne %100'ü şirket çalışanları veya şirket kullanıcı kullanıcı kimliklerine sahip harici kullanıcılar tarafından olmalıdır,1,1,1,1,1,1,0,1,1
Ürün yalnızca şirket çalışanlarının veya şirket onaylı kullanıcı kimliklerine sahip harici kullanıcıların ürüne sağlamalıdır. Tüm oturum açmaların %100'ü çalışanları veya şirket onaylı kullanıcı sahip harici kullanıcılar tarafından,1,1,1,1,1,1,0,1,1
Yalnızca yöneticiler kullanıcıya göre rezervasyonlar için arama işlet sorguları gerçekleştirebilir. doküman Kullanıcıya göre rezervasyonlar için tüm arama sorgularının %100'ü yalnızca yönetim oturum açmalarından olmalıdır süre,1,1,1,1,1,1,0,1,1
Yalnızca yöneticiler kullanıcıya göre rezervasyonlar için arama Kullanıcıya gerçekleştirebilir. sorguları olmalıdır rezervasyonlar için tüm arama sorgularının %100'ü yalnızca oturum yönetim açmalarından göre,1,1,1,1,1,1,0,1,1
Yalnızca yöneticiler kullanıcıya göre rezervasyonlar için arama sorguları gerçekleştirebilir. Kullanıcıya göre için tüm arama sorgularının %100'ü yalnızca yönetim oturum açmalarından olmalıdır,1,1,1,1,1,1,0,1,1
Ürün veritabanının verilerinin çalışan tarafından girilen verilere karşılık gelmesini sağlamalıdır. Sistemdeki her toplantı odası rezervasyonu kişi tarafından girilen bilgilerle aynı bilgileri içerecektir,1,1,1,1,1,1,0,1,1
Ürün gerekli veritabanının verilerinin kullanıcı tarafından girilen verilere karşılık gelmesini sağlamalıdır. Sistemdeki her belge toplantı odası yarat rezervasyonu kullanıcı tarafından girilen bilgilerle aynı bilgileri içerecektir,1,1,1,1,1,1,0,1,1
Ürün veritabanının verilerinin kullanıcı tarafından girilen verilere toplantı gelmesini sağlamalıdır. Sistemdeki her karşılık girilen rezervasyonu kullanıcı tarafından odası bilgilerle aynı bilgileri içerecektir,1,1,1,1,1,1,0,1,1
Ürün veritabanının kullanıcı tarafından girilen verilere gelmesini sağlamalıdır. toplantı odası rezervasyonu kullanıcı tarafından girilen bilgilerle aynı bilgileri içerecektir,1,1,1,1,1,1,0,1,1
Ürün kötü amaçlı kayıt girişini engellemelidir. Ürüne her kötü amaçlı içerik girişi yapıldığında ürün ve/veya bitişik donanım/yazılım sistemleri verileri %100 bozulmamış kalacaktır,1,1,1,1,1,1,0,1,1
Ürün kötü amaçlı veri girişini engellemelidir. onay Ürüne gerekli her kötü amaçlı veri girişi yapıldığında ürün ve/veya bitişik donanım/yazılım sistemleri ayrıcalık verileri %100 bozulmamış kalacaktır,1,1,1,1,1,1,0,1,1
Ürün kötü amaçlı veri girişini engellemelidir. Ürüne yapıldığında kötü her sistemleri girişi amaçlı ürün ve/veya bitişik donanım/yazılım veri verileri %100 bozulmamış kalacaktır,1,1,1,1,1,1,0,1,1
Ürün kötü amaçlı veri girişini engellemelidir. Ürüne her kötü amaçlı veri girişi ürün ve/veya donanım/yazılım sistemleri verileri %100 bozulmamış kalacaktır,1,1,1,1,1,1,0,1,1
Ürün ve/veya bağımlı veritabanları/dosya sistemleri kötü amaçlı içerik girişi sonucunda çalışır durumda kalmalıdır. Ürüne kötü amaçlı kayıt girişi yapılan zamanın %100'ünde ürün ve/veya bağımlı veritabanları/dosya sistemleri çökmemelidir,1,1,1,1,1,1,0,1,1
Ürün ve/veya bağımlı veritabanları/dosya sistemleri kötü amaçlı veri bul girişi sonucunda çalışır durumda kalmalıdır. Ürüne kötü amaçlı veri girişi yapılan zamanın %100'ünde bildirim ürün ve/veya bağımlı savunma veritabanları/dosya sistemleri çökmemelidir uygulama,1,1,1,1,1,1,0,1,1
Ürün ve/veya bağımlı veritabanları/dosya sistemleri kötü amaçlı veri girişi sonucunda çalışır durumda kalmalıdır. Ürüne kötü %100'ünde veri girişi yapılan zamanın bağımlı ürün ve/veya sistemleri veritabanları/dosya amaçlı çökmemelidir,1,1,1,1,1,1,0,1,1
Ürün bağımlı veritabanları/dosya sistemleri kötü amaçlı veri girişi çalışır kötü veri girişi yapılan %100'ünde ürün ve/veya bağımlı sistemleri çökmemelidir,1,1,1,1,1,1,0,1,1
Ürün yeni tehditler ortaya çıktıkça otomatik program güncellemeleri alma yeteneğine sahip olmalıdır. Müşterilerin %100'ü kurulu ürüne iletilen otomatik program güncellemelerini alabilecektir,1,1,1,1,1,1,0,1,1
uygula Ürün yeni tehditler ortaya çıktıkça otomatik yazılım güncellemeleri alma yeteneğine sahip olmalıdır. Müşterilerin %100'ü kurulu ürüne iletilen bağlantı otomatik yazılım güncellemelerini operatör alabilecektir,1,1,1,1,1,1,0,1,1
Ürün yeni tehditler alabilecektir iletilen %100'ü yazılım güncellemeleri alma yeteneğine sahip olmalıdır. Müşterilerin otomatik kurulu ürüne çıktıkça otomatik yazılım güncellemelerini ortaya,1,1,1,1,1,1,0,1,1
Ürün yeni tehditler ortaya çıktıkça yazılım güncellemeleri alma yeteneğine sahip olmalıdır. %100'ü kurulu iletilen otomatik yazılım güncellemelerini alabilecektir,1,1,1,1,1,1,0,1,1
Ürünün dili tüm hedef pazar ülkelerini karşılamalıdır. Her hedef pazar ülkesinden anket katılımcılarının %90'ı ürünün dilinin kabul edilebilir olduğunu bulacaktır,1,1,1,1,1,1,1,1,1
Ürün takvim tarihlerini ve saatlerini kullanıcının yerel ayarına göre görüntüleyebilmelidir. Her hedef pazar ülkesinden anket katılımcılarının %90'ı ürünün tarih ve saat biçimlendirmesinin doğru olduğunu bulacaktır,1,1,1,1,1,1,1,1,1
Ürün J2SE/J2EE programlama sil dili kütüphaneleriyle geliştirilmelidir,1,1,1,1,1,1,1,1,0
Ürün toplantı girişlerini üst sınır kaydetmelidir,1,1,1,1,1,1,1,1,0
Ürün çalışanları toplantı davetleri hakkında bilgilendirecektir sorun,1,1,1,1,1,1,1,1,0
Ürün belirle çalışanlara toplantı hatırlatıcıları gönderme yeteneğine sahip olmalıdır,1,1,1,1,1,1,1,1,0
Ürün organizatörün iletişim bilgilerini oluşturdukları her toplantıya atamalıdır malıdır,1,1,1,1,1,1,1,1,0
ebilir Ürün toplantı onaylarını kaydedecektir,1,1,1,1,1,1,1,1,0
Ürün bul yeni toplantı odalarını depolamalıdır,1,1,1,1,1,1,1,1,0
Ürün mevcut toplantı odalarını güncellemelidir gerekir,1,1,1,1,1,1,1,1,0
Ürün toplantı odalarını silebilecektir çizelge,1,1,1,1,1,1,1,1,0
Ürün yeni platform oda ekipmanı depolayabilmelidir,1,1,1,1,1,1,1,1,0
yaz Ürün mevcut oda ekipmanını güncelleyecektir,1,1,1,1,1,1,1,1,0
Ürün oda iletişim ekipmanını silebilmelidir,1,1,1,1,1,1,1,1,0
Ürün bir organizatörün diğer çalışanları toplantılara davet etmesine ruhsat vermelidir,1,1,1,1,1,1,1,1,0
Ürün bir organizatörün diğer çalışanları toplantılara davet etmesine izin vermelidir çıktı,1,1,1,1,1,1,1,1,0
Her toplantı odası rezerve edildiğinde sırala toplantı odası programı rezervasyonun biçim saatini ve tarihini yansıtacak şekilde güncellenmelidir,1,1,1,1,1,1,1,1,0
Ürün rezerve edilen listele ekipmanın nakliye durumunu kaydetmelidir,1,1,1,1,1,1,1,1,0
Ürün toplantı doküman odası konumlarını gösteren şirket binasının haritasını görüntülemelidir,1,1,1,1,1,1,1,1,0
Ürün güncellenmiş toplantı gündemlerini kaydetmelidir yanıt süresi,1,1,1,1,1,1,1,1,0
Ürün toplantı organizatörüne bir toplantı onayı periyot göndermelidir,1,1,1,1,1,1,1,1,0
Ürün arama parametrelerine göre çıkar oda ekipmanını görüntülemelidir,1,1,1,1,1,1,1,1,0
Ürün arama parametrelerine hazırla göre toplantı odalarını görüntülemelidir,1,1,1,1,1,1,1,1,0
Ürün farklı toplantı özet türlerini kaydetmelidir,1,1,1,1,1,1,1,1,0
Ürün rezerve edilmiş tüm bildirim ekipmanı kaydetmelidir,1,1,1,1,1,1,1,1,0
Ürün bina personelini ekipman taşıma talepleri belirle hakkında bilgilendirmelidir,1,1,1,1,1,1,1,1,0
Ürün ayrıcalıklı kullanıcıların toplantı programlarını birden fazla raporlama görünümünde görmesine ruhsat verecektir,1,1,1,1,1,1,1,1,0
Ürün ayrıcalıklı kullanıcıların toplantı programlarını birden fazla raporlama görünümünde görmesine izin verecektir yönlendir,1,1,1,1,1,1,1,1,0
Ürün farklı son çalışan belirtilen yöntemler aracılığıyla toplantı bildirimleri gönderebilmelidir,1,1,1,1,1,1,1,1,0
Ürün şifre farklı son kullanıcı belirtilen yöntemler aracılığıyla toplantı bildirimleri gönderebilmelidir,1,1,1,1,1,1,1,1,0
Ürün özelleştirilebilir bir Görünüm ve operatör Hisse sahip olmalıdır,1,0,1,1,1,1,1,0,0
olmalıdır özelleştirilebilir bir Görünüm ve Hisse sahip Ürün,1,0,1,1,1,1,1,0,0
Ürün özelleştirilebilir bir Görünüm ve Hisse sahip,1,0,1,1,1,1,1,0,0
Ürün sezgisel bir kişi arayüzüne sahip olmalıdır,1,0,1,1,1,1,1,0,0
Ürün sezgisel bir kullanıcı arayüzüne sahip olmalıdır depo,1,0,1,1,1,1,1,0,0
Ürün kullanıcı bir sezgisel arayüzüne sahip olmalıdır,1,0,1,1,1,1,1,0,0
Ürün sezgisel bir kullanıcı arayüzüne olmalıdır,1,0,1,1,1,1,1,0,0
Ürün rezerve edilmemiş link toplantı odaları için müsait durumu görüntüleyecektir,1,1,1,1,1,1,1,1,0
Önceki 30 günlük dönem için Envanter Miktarı Ayarlamasının yeniden oluşturulması en fazla 30 dakika sürmelidir,1,1,1,1,1,1,1,1,1
Sistem aynı anda çalışacak minimum 6 kullanıcıya yetki vermelidir,1,1,1,1,1,1,1,1,1
yazılım şu anda sahip olunan bilgisayar ekipmanını kullanmalıdır,1,1,1,1,1,1,1,1,0
Sistem şu anda sahip olunan bilgisayar oluştur ekipmanını kullanmalıdır,1,1,1,1,1,1,1,1,0
platform iş verilerini otomatik olarak yedekleyebilmeli ve talep üzerine geri yükleyebilmelidir,1,1,1,1,1,1,1,1,0
Sistem iş verilerini otomatik olarak yedekleyebilmeli ve talep üzerine geri depo yükleyebilmelidir,1,1,1,1,1,1,1,1,0
yazılım tutarlı güvenliği korumalıdır. çalışan parolalarında ve/veya izinlerde yapılan değişiklikler Sistemin tüm bölümlerinde etkili olmalıdır,1,1,1,1,1,1,0,1,0
Sistem tutarlı güncelle güvenliği korumalıdır. Kullanıcı parolalarında ve/veya izinlerde yapılan değişiklikler Sistemin durdur tüm bölümlerinde etkili olmalıdır,1,1,1,1,1,1,0,1,0
Kullanıcı tutarlı güvenliği korumalıdır. Sistem izinlerde ve/veya parolalarında yapılan değişiklikler Sistemin tüm bölümlerinde etkili olmalıdır,1,1,1,1,1,1,0,1,0
Sistem korumalıdır. Kullanıcı parolalarında yapılan değişiklikler Sistemin tüm etkili olmalıdır,1,1,1,1,1,1,0,1,0
yazılım tüm ana alt sistemlere erişim haklarını ayrıntılı olarak kontrol etmelidir. Tüm alt sistemlere bağımsız olarak ulaşım hakları atanabilmeli,1,1,1,1,1,1,0,1,0
Sistem tüm ana alt denetle sistemlere erişim haklarını ayrıntılı ulaşım olarak kontrol etmelidir. Tüm alt sistemlere bağımsız olarak erişim hakları atanabilmeli,1,1,1,1,1,1,0,1,0
Sistem tüm sistemlere alt ana erişim haklarını ayrıntılı olarak kontrol etmelidir. Tüm alt sistemlere bağımsız olarak erişim hakları atanabilmeli,1,1,1,1,1,1,0,1,0
Sistem tüm ana alt sistemlere erişim haklarını ayrıntılı olarak kontrol alt sistemlere bağımsız olarak erişim hakları atanabilmeli,1,1,1,1,1,1,0,1,0
platform geçerli tüm muhasebe standartlarını karşılamalıdır. Sistemin nihai sürümü sertifikalı bir denetçi tarafından gerçekleştirilen bağımsız denetimi başarıyla geçmelidir,1,1,1,1,1,1,0,1,1
Sistem geçerli tüm muhasebe arayüz standartlarını karşılamalıdır. Sistemin nihai sürümü aktive et sertifikalı bir denetçi tarafından gerçekleştirilen bağımsız denetimi başarıyla geçmelidir,1,1,1,1,1,1,0,1,1
Sistem geçerli tüm muhasebe standartlarını bir denetimi nihai sürümü sertifikalı karşılamalıdır. denetçi tarafından gerçekleştirilen bağımsız Sistemin başarıyla geçmelidir,1,1,1,1,1,1,0,1,1
Sistem geçerli tüm muhasebe standartlarını karşılamalıdır. Sistemin nihai sürümü sertifikalı denetçi tarafından gerçekleştirilen bağımsız denetimi başarıyla geçmelidir,1,1,1,1,1,1,0,1,1
platform telif ücreti ile sonuçlanan ek üçüncü taraf lisansları gerektirmemelidir,1,1,1,1,1,1,1,1,0
Sistem telif ücreti ile sonuçlanan ek üçüncü inceleme taraf lisansları gerektirmemelidir,1,1,1,1,1,1,1,1,0
platform talep üzerine Envanter Miktarı Ayarlama belgelerinin oluşturulmasına izin vermelidir,1,1,1,1,1,1,1,1,0
Sistem talep üzerine Envanter Miktarı Ayarlama arşivle belgelerinin oluşturulmasına izin vermelidir,1,1,1,1,1,1,1,1,0
uygulama belirli bir zamandan bu yana tüm Envanter Miktarı Ayarlama belgelerinin talep üzerine oluşturulmasına ruhsat vermelidir,1,1,1,1,1,1,1,1,0
Sistem belirli bir zamandan kontrol et bu yana tüm aç Envanter Miktarı Ayarlama belgelerinin talep üzerine oluşturulmasına izin vermelidir,1,1,1,1,1,1,1,1,0
IQA alt sistemi mevcut envanter durumunu dikkate almalı ve ikame malzemelerin envanterini erişim buna kimlik bilgisi göre ayarlamalıdır,1,1,1,1,1,1,1,1,0
Sistem ürün formüllerinin girilmesine depolanmasına ve değiştirilmesine onay vermelidir,1,1,1,1,1,1,1,1,0
Sistem ürün formüllerinin girilmesine depolanmasına ve değiştirilmesine panel izin vermelidir,1,1,1,1,1,1,1,1,0
Ürün formülleri kendi formüllerine sahip yarı ürünlerin kullanılmasına ruhsat vermelidir,1,1,1,1,1,1,1,1,0
Ürün formülleri kendi formüllerine sahip yarı ürünlerin kullanılmasına bildir izin vermelidir,1,1,1,1,1,1,1,1,0
Aşağıdaki tarayıcılarla kullanıcı arabirimi oluşturabilmeliyiz,1,0,1,1,1,1,1,1,0
Aşağıdaki tarayıcılarla arayüz yapabilir oluşturabilmeliyiz,1,0,1,1,1,1,1,1,0
tarayıcılarla Aşağıdaki arayüz oluşturabilmeliyiz,1,0,1,1,1,1,1,1,0
Web sitesi kredi kartı işlemlerini işlemek için CyberSource API ile ekran oluşturmalıdır,1,1,1,1,1,1,1,1,0
Web sitesi kredi güvenlik kartı işlemlerini işlemek için CyberSource API ile arayüz oluşturmalıdır,1,1,1,1,1,1,1,1,0
Web sitesi MSN TV2 ile mesaj tamamen çalışır durumda olmalıdır,1,1,1,1,1,1,1,1,0
Filmler Windows Media Player 9.0 aracılığıyla kodlanmalı ve akış yapılmalıdır,1,1,1,1,1,1,1,1,1
Filmler 56k ve 256k akışları için kodlanmalıdır,1,1,1,1,1,1,1,1,1
Web sitesine promosyon güncellemeleri güncellemek bir gün sürmelidir,1,1,1,1,1,1,1,1,1
Izogn Yöneticisi web sitesindeki kategori listelerini 2 dakika içinde güncelleyebilmelidir,1,1,1,1,1,1,1,1,1
Izogn Yöneticisi web sitesine 2 dakika içinde yeni ürünler ekleyebilmelidir,1,1,1,1,1,1,1,1,1
uygulama müşterilerine destek için 24 saat 800 ücretsiz numarası sağlayacaktır,1,1,1,1,1,1,1,1,0
Sistem müşterilerine destek için 24 saat 800 ücretsiz numarası sorun sağlayacaktır,1,1,1,1,1,1,1,1,0
Web sitesi yaygın sorunlara yanıtlar ve çözümler içeren bir yaz yardım bölümü sağlayacaktır,1,1,1,1,1,1,1,1,0
Velkat personeli Izogn yöneticilerine teknik destek sağlamak için Pazartesi-Cuma 07:00-19:00 arası telefon desteği için hazır olacaktır,1,1,1,1,1,1,1,1,1
Ürün belirtilen ortama 1 iş günü içinde kurulabilmelidir,1,1,1,1,1,1,1,1,1
Yalnızca kayıtlı müşteriler akış filmleri satın sorun alabilir,1,1,1,1,1,1,1,1,0
Müşteri yalnızca satın aldığı ve yanıt süresi 2 günlük görüntüleme süresi içindeyse bir filmi giriş akış yapabilir,1,1,1,1,1,1,0,1,1
yalnızca ve satın aldığı Müşteri 2 günlük görüntüleme süresi içindeyse bir filmi akış yapabilir,1,1,1,1,1,1,0,1,1
Yalnızca sil yetkili personel veritabanındaki müşteri kayıtlarına erişebilir,1,1,1,1,1,1,1,1,0
Yalnızca yöneticiler kısıt ön ödemeli bir kartı etkinleştirebilir,1,1,1,1,1,1,1,1,0
Yalnızca yetkili tespit et personel satış bilgilerine erişebilir,1,1,1,1,1,1,1,1,0
Web sitesi yanlış kayıt girildiğinde verilerinin bozulmasını engelleyecektir,1,1,1,1,1,1,1,1,0
Web sitesi yanlış kısıtla veri girildiğinde verilerinin bozulmasını engelleyecektir,1,1,1,1,1,1,1,1,0
Web sitesi kendini kasıtlı kötüye kullanımdan koruyacak personel ve tüm olaylarda yöneticiyi bilgilendirecektir,1,1,1,1,1,1,0,1,0
Web sitesi kendini kasıtlı kötüye ve koruyacak kullanımdan tüm olaylarda yöneticiyi bilgilendirecektir,1,1,1,1,1,1,0,1,0
sitesi kendini kullanımdan ve olaylarda yöneticiyi bilgilendirecektir,1,1,1,1,1,1,0,1,0
içerik bütünlüğü komut dosyaları veritabanının bütünlüğünü doğrulamak için haftalık olarak çalıştırılacaktır,1,1,1,1,1,1,1,1,0
Veri bütünlüğü komut dosyaları veritabanının bütünlüğünü doğrulamak için kontrol et haftalık olarak çalıştırılacaktır,1,1,1,1,1,1,1,1,0
Web sitesi onlardan içerik toplamadan önce kullanıcısını web sitesinin tüm sayfalarında erişilebilir bir Gizlilik Politikası aracılığıyla kayıt uygulamalarından haberdar edecektir,1,1,1,1,1,1,1,1,0
Web sitesi onlardan veri toplamadan arıza önce kullanıcısını web sitesinin tüm sayfalarında erişilebilir sorgula bir Gizlilik denetim Politikası aracılığıyla bilgi uygulamalarından haberdar edecektir,1,1,1,1,1,1,1,1,0
Sistem müşterileri içerik politikasındaki değişiklikler hakkında bilgilendirecektir,1,1,1,1,1,1,1,1,0
Sistem müşterileri bilgi politikasındaki değişiklikler hakkında mesaj bilgilendirecektir,1,1,1,1,1,1,1,1,0
uygulama özel bilgileri yalnızca kuruluşun bilgi politikasına uygun olarak açıklayacaktır,1,1,1,1,1,1,1,1,0
Sistem özel bilgileri yalnızca kuruluşun bilgi politikasına uygun olarak verim açıklayacaktır,1,1,1,1,1,1,1,1,0
Tüm müşteri bilgileri liste yalnızca yetkili personelin erişebildiği güvenli bir veritabanında saklanacaktır,1,1,1,1,1,1,1,1,0
Tüm kredi kartı bilgileri sınırla veritabanında şifrelenecektir,1,1,1,1,1,1,1,1,0
Akış sunucusu kötü amaçlı virüs bulaşmasını denetim önlemek için antivirüs yazılımına sahip olacaktır,1,1,1,1,1,1,1,1,0
Web sitesi Nijerya'daki listele tüm kabilelere hitap etmelidir,1,0,1,1,1,1,1,0,0
Web Nijerya'daki sitesi tüm kabilelere hitap etmelidir,1,0,1,1,1,1,1,0,0
Web sitesi kabilelere hitap etmelidir,1,0,1,1,1,1,1,0,0
Web filtrele sitesi dini veya etnik gruplara saldırgan olmamalıdır,1,1,1,1,1,1,1,1,0
Web sitesi sadece Nijeryalılara değil tüm Afrikalılara bağlantı hitap etmelidir,1,0,1,1,1,1,1,0,0
Web sitesi sadece Nijeryalılara değil etmelidir Afrikalılara hitap tüm,1,0,1,1,1,1,1,0,0
Web sitesi ana sayfada animasyon sağlamak için Flash kullanmalıdır kullanıcı arabirimi,1,1,1,1,1,1,1,1,0
IzognMovies Afrika filmlerini akış yapmak için ilgili kuruluşlar tarafından belirlenen sil lisanslama gerekliliklerini karşılamalıdır,1,1,1,1,1,1,1,1,0
Web sitesi aktar W3C standartlarına uygun olacaktır,1,1,1,1,1,1,1,1,0
PHP ilet kodu PEAR standartlarına uygun olacaktır,1,1,1,1,1,1,1,1,0
Web sitesi müşterilerin filmleri başlık aktör veya yönetmene göre aramasına onay verecektir,1,1,1,1,1,1,1,1,0
Web sitesi düzenle müşterilerin filmleri başlık aktör veya yönetmene göre aramasına izin verecektir,1,1,1,1,1,1,1,1,0
Film detaylarını görüntülerken web sitesi yönetici tarafından girilen filmin açıklamasını aktörünü temin et yarat ve yönetmenini görüntüleyecektir,1,1,1,1,1,1,1,1,0
Web sitesi kullanıcının bir filmi akış yapmasına onay vermeden önce kredi kartı ödemesi talep edecek ve yetkilendirecektir,1,1,1,1,1,1,1,1,0
Web sitesi kullanıcının bir arayüz filmi akış yapmasına izin vermeden önce kredi doküman kartı ödemesi talep edecek ve yetkilendirecektir,1,1,1,1,1,1,1,1,0
Satın alınan filmi satın alma izleme tarihinden sonra 2 güne kadar Windows Media Player aracılığıyla akış yapabilecektir program,1,0,1,1,1,1,1,1,1
Satın alınan filmi satın alma 2 sonra güne tarihinden kadar Windows Media Player aracılığıyla akış yapabilecektir,1,0,1,1,1,1,1,1,1
Web sitesi müşterilerin Izogn yöneticisi tarafından girilen kategorilere göre filmlere göz atmasına ruhsat verecektir,1,1,1,1,1,1,1,1,0
Web sitesi müşterilerin Izogn yöneticisi tarafından girilen emniyet kategorilere göre filmlere göz atmasına görüntüle izin verecektir,1,1,1,1,1,1,1,1,0
Web sitesi müşterilerin seçilen filmler hakkında diğer müşteriler tarafından yapılan incelemeleri görüntülemesine onay verecektir,1,1,1,1,1,1,1,1,0
Web sitesi müşterilerin seçilen sırala filmler hakkında diğer müşteriler ara tarafından yapılan incelemeleri görüntülemesine izin verecektir,1,1,1,1,1,1,1,1,0
Web sitesi müşterilerin seçilen bir film için kendi film incelemelerini eklemesine yetki verecektir,1,1,1,1,1,1,1,1,0
Web sitesi müşterilerin seçilen bir film için veri tabanı kendi film incelemelerini eklemesine izin verecektir,1,1,1,1,1,1,1,1,0
Web sitesi Izogn yöneticisinin bir müşteri tarafından yayınlanan bir incelemeyi onaylamasına ruhsat verecektir,1,1,1,1,1,1,1,1,0
Web sitesi Izogn yöneticisinin bir müşteri tarafından yayınlanan bir incelemeyi onaylamasına izin performans verecektir,1,1,1,1,1,1,1,1,0
platform müşterilerin ön ödemeli kartla akış filmi için ödeme yapmasına izin verecektir,1,1,1,1,1,1,1,1,0
Sistem çalışan müşterilerin ön ödemeli kartla akış filmi için ödeme yapmasına izin verecektir,1,1,1,1,1,1,1,1,0
Web sitesi müşterilerin kredi kartı veya posta ile ödeme seçeneğiyle 5 10 veya 20 dolar değerinde ön ödemeli kartlar satın almasına ruhsat verecektir,1,1,1,1,1,1,1,1,0
Web sitesi müşterilerin kredi kartı veya posta ile düzenle ödeme seçeneğiyle periyot 5 10 veya 20 dolar değerinde güvence ön ödemeli kartlar satın almasına izin verecektir,1,1,1,1,1,1,1,1,0
platform her Cuma web sitesinin ana sayfasını otomatik olarak güncelleyecek ve web sitesine eklenmiş en son 4 filmi gösterecektir,1,1,1,1,1,1,1,1,1
yazılım kullanıcıların web sitesinin Hesabım bölümü aracılığıyla fatura ve iletişim bilgilerini güncellemesine ruhsat verecektir,1,1,1,1,1,1,1,1,0
Sistem kullanıcıların web izleme içerik sitesinin Hesabım bölümü aracılığıyla fatura ve iletişim bilgilerini güncellemesine izin verecektir,1,1,1,1,1,1,1,1,0
Ön ödemeli kartlar e-posta veya basılı kağıt kart ile dağıtılacaktır verim,1,1,1,1,1,1,1,1,0
Yalnızca kayıtlı müşteriler yanıt süresi akış filmleri satın alabilir,1,1,1,1,1,1,1,1,0
Filmler yalnızca müşteri bir film satın aldıysa ve filmi akış yapmak için 2 günlük periyot içindeyse akış yapılabilir,1,1,1,1,1,1,0,1,1
Filmler tablo yalnızca müşteri bir film satın aldıysa sınırla ve filmi akış yapmak için 2 günlük süre içindeyse akış yapılabilir,1,1,1,1,1,1,0,1,1
Filmler yalnızca için süre film satın aldıysa ve filmi akış yapmak müşteri 2 günlük bir içindeyse akış yapılabilir,1,1,1,1,1,1,0,1,1
Filmler yalnızca müşteri bir film satın aldıysa ve akış yapmak 2 günlük süre içindeyse akış yapılabilir,1,1,1,1,1,1,0,1,1
Web sitesi Izogn Yöneticisi tarafından ayarlanan çeşitli parametrelerle ulaşım ücretsiz deneme dönemlerini destekleyebilmelidir,1,1,1,1,1,1,1,1,0
Tüm akış filmi satışları veritabanına kaydedilecek ve yönetici tarafından erişilebilir gerekir olacaktır,1,1,1,1,1,1,1,1,0
Aşağıdaki tarayıcılarla ekran oluşturabilmeliyiz,1,0,1,1,1,1,1,1,0
Aşağıdaki tarayıcılarla arayüz aktar oluşturabilmeliyiz,1,0,1,1,1,1,1,1,0
tarayıcılarla Aşağıdaki arayüz oluşturabilmeliyiz,1,0,1,1,1,1,1,1,0
Aşağıdaki arayüz oluşturabilmeliyiz,1,0,1,1,1,1,1,1,0
Web sitesi kredi kartı işlemlerini işlemek için CyberSource API ile kullanıcı arabirimi oluşturmalıdır,1,1,1,1,1,1,1,1,0
Web sitesi kredi sonlandır kartı işlemlerini işlemek için CyberSource API ile arayüz oluşturmalıdır,1,1,1,1,1,1,1,1,0
Web sitesi MSN TV2 ile tamamen emniyet çalışır durumda olmalıdır,1,1,1,1,1,1,1,1,0
Filmler Windows Media Player 9.0 aracılığıyla kodlanmalı ve akış yapılmalıdır,1,1,1,1,1,1,1,1,1
Filmler 56k ve 256k akışları için kodlanmalıdır,1,1,1,1,1,1,1,1,1
Web sitesine promosyon güncellemeleri güncellemek bir gün sürmelidir,1,1,1,1,1,1,1,1,1
Izogn Yöneticisi web sitesindeki kategori listelerini 2 dakika içinde güncelleyebilmelidir,1,1,1,1,1,1,1,1,1
Izogn Yöneticisi web sitesine 2 dakika içinde yeni ürünler ekleyebilmelidir,1,1,1,1,1,1,1,1,1
yazılım müşterilerine destek için 24 saat 800 ücretsiz numarası sağlayacaktır,1,1,1,1,1,1,1,1,0
Sistem müşterilerine destek için 24 saat 800 ücretsiz numarası yarat sağlayacaktır,1,1,1,1,1,1,1,1,0
Web sitesi yaygın sorunlara arıza yanıtlar ve çözümler içeren bir yardım bölümü sağlayacaktır,1,1,1,1,1,1,1,1,0
Velkat personeli Izogn yöneticilerine teknik destek sağlamak için Pazartesi-Cuma 07:00-19:00 arası telefon desteği için hazır olacaktır,1,1,1,1,1,1,1,1,1
Ürün belirtilen ortama 1 iş günü içinde kurulabilmelidir,1,1,1,1,1,1,1,1,1
Yalnızca kayıtlı müşteriler akış filmleri satın kontrol paneli alabilir,1,1,1,1,1,1,1,1,0
Müşteri yalnızca çıkar satın aldığı ve 2 günlük sağla görüntüleme süresi içindeyse bir filmi akış yapabilir,1,1,1,1,1,1,0,1,1
Müşteri yalnızca satın aldığı filmi 2 süresi görüntüleme günlük içindeyse bir ve akış yapabilir,1,1,1,1,1,1,0,1,1
Müşteri yalnızca satın aldığı ve 2 günlük süresi içindeyse bir filmi akış yapabilir,1,1,1,1,1,1,0,1,1
Yalnızca yetkili personel denetim veritabanındaki müşteri kayıtlarına erişebilir,1,1,1,1,1,1,1,1,0
Yalnızca yöneticiler ön ödemeli sistem bir kartı etkinleştirebilir,1,1,1,1,1,1,1,1,0
Yalnızca yetkili personel satış bilgilerine erişebilir sonlandır,1,1,1,1,1,1,1,1,0
Web sitesi yanlış kayıt girildiğinde verilerinin bozulmasını engelleyecektir,1,1,1,1,1,1,1,1,0
Web sitesi yanlış veri girildiğinde verilerinin bozulmasını engelleyecektir bul,1,1,1,1,1,1,1,1,0
Web sitesi doküman kendini kasıtlı kötüye kullanımdan koruyacak ve tüm olaylarda yöneticiyi bilgilendirecektir,1,1,1,1,1,1,0,1,0
Web sitesi kendini kasıtlı kötüye kullanımdan koruyacak olaylarda tüm ve yöneticiyi bilgilendirecektir,1,1,1,1,1,1,0,1,0
Web sitesi kendini kötüye kullanımdan ve tüm olaylarda yöneticiyi bilgilendirecektir,1,1,1,1,1,1,0,1,0
içerik bütünlüğü komut dosyaları veritabanının bütünlüğünü doğrulamak için haftalık olarak çalıştırılacaktır,1,1,1,1,1,1,1,1,0
Veri bütünlüğü gerekir komut dosyaları veritabanının bütünlüğünü doğrulamak için haftalık olarak çalıştırılacaktır,1,1,1,1,1,1,1,1,0
Web sitesi onlardan bilgi toplamadan önce kullanıcısını web sitesinin tüm sayfalarında erişilebilir bir Gizlilik Politikası aracılığıyla kayıt uygulamalarından haberdar edecektir,1,1,1,1,1,1,1,1,0
Web sitesi onlardan veri toplamadan önce kullanıcısını web spesifik et sitesinin tüm sil sayfalarında erişilebilir bir Gizlilik Politikası aracılığıyla bilgi uygulamalarından haberdar edecektir temizle,1,1,1,1,1,1,1,1,0
Sistem müşterileri veri politikasındaki değişiklikler hakkında bilgilendirecektir,1,1,1,1,1,1,1,1,0
Sistem müşterileri bilgi politikasındaki raporla değişiklikler hakkında bilgilendirecektir,1,1,1,1,1,1,1,1,0
Sistem özel bilgileri yalnızca kuruluşun kayıt politikasına uygun olarak açıklayacaktır,1,1,1,1,1,1,1,1,0
Sistem bildirim özel bilgileri yalnızca kuruluşun bilgi politikasına uygun olarak açıklayacaktır,1,1,1,1,1,1,1,1,0
Tüm onay müşteri bilgileri yalnızca yetkili personelin erişebildiği güvenli bir veritabanında saklanacaktır,1,1,1,1,1,1,1,1,0
Tüm görüntüle kredi kartı bilgileri veritabanında şifrelenecektir,1,1,1,1,1,1,1,1,0
Akış sistem sunucusu kötü amaçlı virüs bulaşmasını önlemek için antivirüs yazılımına sahip olacaktır,1,1,1,1,1,1,1,1,0
Web sitesi Nijerya'daki gönder tüm kabilelere hitap etmelidir,1,0,1,1,1,1,1,0,0
Web sitesi Nijerya'daki tüm hitap kabilelere etmelidir,1,0,1,1,1,1,1,0,0
Web Nijerya'daki kabilelere hitap etmelidir,1,0,1,1,1,1,1,0,0
Web sitesi dini veya etnik gruplara bul saldırgan olmamalıdır,1,1,1,1,1,1,1,1,0
Web çıkar sitesi sadece Nijeryalılara değil tüm Afrikalılara hitap etmelidir,1,0,1,1,1,1,1,0,0
Web tüm sadece Nijeryalılara değil sitesi Afrikalılara hitap etmelidir,1,0,1,1,1,1,1,0,0
Web sitesi sadece Nijeryalılara değil tüm Afrikalılara etmelidir,1,0,1,1,1,1,1,0,0
Web sitesi panel ana sayfada animasyon sağlamak için Flash kullanmalıdır,1,1,1,1,1,1,1,1,0
IzognMovies Afrika filmlerini akış yapmak güvence altına al için ilgili kuruluşlar tarafından belirlenen lisanslama gerekliliklerini karşılamalıdır,1,1,1,1,1,1,1,1,0
Web kod sitesi W3C standartlarına uygun olacaktır,1,1,1,1,1,1,1,1,0
PHP kodu PEAR standartlarına uygun kontrol paneli olacaktır,1,1,1,1,1,1,1,1,0
Web sitesi müşterilerin filmleri başlık aktör veya yönetmene göre aramasına yetki verecektir,1,1,1,1,1,1,1,1,0
Web sitesi müşterilerin filmleri başlık aktör ebilir veya yönetmene göre aramasına izin verecektir,1,1,1,1,1,1,1,1,0
Film detaylarını görüntülerken web sitesi yönetici ara tarafından girilen filmin açıklamasını kullanıcı arabirimi aktörünü ve yönetmenini görüntüleyecektir,1,1,1,1,1,1,1,1,0
Web sitesi kullanıcının bir filmi akış yapmasına yetki vermeden önce kredi kartı ödemesi talep edecek ve yetkilendirecektir,1,1,1,1,1,1,1,1,0
Web sitesi kullanıcının yönlendir malıdır bir filmi akış yapmasına izin vermeden önce kredi kartı ödemesi talep edecek ve yetkilendirecektir,1,1,1,1,1,1,1,1,0
Satın alınan filmi satın alma tarihinden sonra 2 güne kadar Windows Media doküman tespit et Player aracılığıyla akış yapabilecektir,1,0,1,1,1,1,1,1,1
Satın alınan filmi alma satın tarihinden sonra 2 güne kadar Player Media Windows aracılığıyla akış yapabilecektir,1,0,1,1,1,1,1,1,1
Satın filmi satın alma tarihinden sonra 2 güne kadar Windows Media Player aracılığıyla yapabilecektir,1,0,1,1,1,1,1,1,1
Web sitesi müşterilerin Izogn yöneticisi tarafından girilen kategorilere göre filmlere göz atmasına yetki verecektir,1,1,1,1,1,1,1,1,0
Web sitesi müşterilerin Izogn yöneticisi tarafından sistem değiştir girilen kategorilere göre filmlere göz atmasına izin verecektir,1,1,1,1,1,1,1,1,0
Web sitesi müşterilerin seçilen filmler hakkında diğer müşteriler tarafından yapılan incelemeleri görüntülemesine onay verecektir,1,1,1,1,1,1,1,1,0
kaldır Web sitesi müşterilerin seçilen filmler hakkında diğer müşteriler tarafından istisna yapılan incelemeleri görüntülemesine izin verecektir,1,1,1,1,1,1,1,1,0
Web sitesi müşterilerin seçilen bir film için kendi film incelemelerini eklemesine onay verecektir,1,1,1,1,1,1,1,1,0
Web sitesi durdur müşterilerin seçilen bir film için kendi film incelemelerini eklemesine izin verecektir,1,1,1,1,1,1,1,1,0
Web sitesi Izogn yöneticisinin bir müşteri tarafından yayınlanan bir incelemeyi onaylamasına onay verecektir,1,1,1,1,1,1,1,1,0
Web sitesi Izogn yöneticisinin bir müşteri tarafından yayınlanan bir incelemeyi onaylamasına izin verecektir format,1,1,1,1,1,1,1,1,0
yazılım müşterilerin ön ödemeli kartla akış filmi için ödeme yapmasına izin verecektir,1,1,1,1,1,1,1,1,0
Sistem müşterilerin ön ödemeli kartla akış filmi için ödeme yapmasına içerik izin verecektir,1,1,1,1,1,1,1,1,0
Web sitesi müşterilerin kredi kartı veya posta ile ödeme seçeneğiyle 5 10 veya 20 dolar değerinde ön ödemeli kartlar satın almasına yetki verecektir,1,1,1,1,1,1,1,1,0
Web sitesi emniyet müşterilerin kredi kartı veya posta ile ödeme seçeneğiyle 5 10 veya 20 dolar savunma değerinde listele ön ödemeli kartlar satın almasına izin verecektir,1,1,1,1,1,1,1,1,0
uygulama her Cuma web sitesinin ana sayfasını otomatik olarak güncelleyecek ve web sitesine eklenmiş en son 4 filmi gösterecektir,1,1,1,1,1,1,1,1,1
uygulama kullanıcıların web sitesinin Hesabım bölümü aracılığıyla fatura ve iletişim bilgilerini güncellemesine onay verecektir,1,1,1,1,1,1,1,1,0
Sistem kullanıcıların web sitesinin Hesabım bölümü aracılığıyla fatura ve iletişim bilgilerini güncellemesine kaydet izin verecektir depola,1,1,1,1,1,1,1,1,0
Ön ödemeli kartlar e-posta kişi veya basılı kağıt kart ile dağıtılacaktır,1,1,1,1,1,1,1,1,0
Yalnızca kayıtlı müşteriler akış filmleri satın kontrol paneli alabilir,1,1,1,1,1,1,1,1,0
Filmler yalnızca müşteri bir film satın aldıysa ve filmi akış yapmak için 2 günlük periyot içindeyse akış yapılabilir,1,1,1,1,1,1,0,1,1
Filmler yalnızca müşteri bir film satın aldıysa ve filmi akış yapmak için yetki 2 günlük süre içindeyse sil akış yapılabilir,1,1,1,1,1,1,0,1,1
Filmler yalnızca filmi bir yapılabilir satın aldıysa ve müşteri akış yapmak için 2 günlük süre içindeyse akış film,1,1,1,1,1,1,0,1,1
Filmler yalnızca müşteri bir film satın aldıysa ve filmi yapmak için 2 içindeyse akış yapılabilir,1,1,1,1,1,1,0,1,1
Web sitesi Izogn Yöneticisi tarafından ayarlanan çeşitli parametrelerle ücretsiz deneme kapat dönemlerini destekleyebilmelidir,1,1,1,1,1,1,1,1,0
Tüm akış filmi satışları veritabanına kaydedilecek ve yönetici tarafından erişilebilir etkinlik olacaktır,1,1,1,1,1,1,1,1,0
ilet Tüm kayıtlı etkinlik müşteri bilgileri müşteri hesabını iptal ettikten sonra bile veritabanında saklanmalı ve korunmalıdır,1,1,1,1,1,1,1,1,0
Günlük kullanım ruhsat istatistikleri kaydedilmeli ve yönetici tarafından erişilebilir olmalıdır,1,1,1,1,1,1,1,1,0
yetki Sahip tüm akış filmlerine ücretsiz erişime sahip olmalıdır,1,1,1,1,1,1,1,1,0
Toplam müşteri adayı döngü süresi 08:00 CST ile 20:00 CST arasındaki mesai saatlerinde müşteri adayı hacminin yetkili %90'ı için 5 dakikada tamamlanmalıdır; ardından onayla mesai saatleri dışında müşteri adayı hacminin %99'u için 3 hazırla dakika tanımla olmalıdır,1,1,1,1,1,1,0,1,1
Toplam ile adayı döngü 20:00 08:00 CST müşteri için CST arasındaki mesai saatlerinde müşteri adayı hacminin %90'ı süresi 5 dakikada tamamlanmalıdır; hacminin mesai saatleri dışında müşteri adayı ardından %99'u için 3 dakika olmalıdır,1,1,1,1,1,1,0,1,1
Toplam müşteri adayı döngü süresi CST ile 20:00 CST arasındaki mesai müşteri hacminin 5 dakikada tamamlanmalıdır; ardından saatleri dışında müşteri adayı hacminin %99'u için 3 dakika,1,1,1,1,1,1,0,1,1
İşlenen tüm müşteri adaylarının %97'si için hiçbir müşteri adayı değerlendirmesi 25 saniyeden uzun bir sürede tamamlanmayacaktır,1,1,1,1,1,1,1,1,1
25 saniyeden uzun işlenen müşteri adayları için platform olayı ve süreyi kaydedecektir,1,1,1,1,1,1,1,1,0
gerekir 25 saniyeden uzun işlenen müşteri adayları için sistem olayı ve süreyi kaydedecektir,1,1,1,1,1,1,1,1,0
Süreç bir müşteri adayının toplam yaşam döngüsünün 3 dakikası içinde atandığı Otomatik Temsilci Atama süreci tarafından belirlenen işleme süresi koşullarına uymalıdır,1,1,1,1,1,1,1,1,1
Müşteri adayı temizleme doğrula süreci kurulu fiziksel web servisi yapısı içinde çalışacaktır,1,1,1,1,1,1,1,1,0
Temizleme süreci müşteri adayı verilerini alırken ve işlerken xml gibi bağlayıcı olmayan tarafsız bir içerik formatı kullanmalıdır,1,1,1,1,1,1,1,1,0
Temizleme süreci müşteri adayı verilerini alırken ve işlerken xml gibi bağlayıcı olmayan yaz tarafsız arşivle bir veri formatı kullanmalıdır,1,1,1,1,1,1,1,1,0
sorun raporları teknik birimlere 7/24 esasına göre sunulacaktır,1,1,1,1,1,1,1,1,0
Hata raporları teknik birimlere güvence 7/24 esasına göre sunulacaktır,1,1,1,1,1,1,1,1,0
bitir Temizleme parametreleri planlı bakım saatlerinde güncellenecektir,1,1,1,1,1,1,1,1,0
Satıcı geçersiz müşteri bilgi adayını doğrulayacaktır,1,1,1,1,1,1,1,1,0
Satıcı kurumsal faturalandırma sistemine uygulanacak sun bir kredi doğrulama kaydı gönderecektir,1,1,1,1,1,1,1,1,0
Bir müşteri adayı yüksek aralıkta puanlanırsa uygulama müşteri adayı verilerini ve puanını kurumsal sisteme sağlayacaktır,1,1,1,1,1,1,1,1,0
Bir müşteri adayı yüksek aralıkta puanlanırsa sistem etkinlik müşteri adayı işlet verilerini ve puanını kurumsal sisteme sağlayacaktır,1,1,1,1,1,1,1,1,0
Müşteri adayı temizleme işlevi web servisi tarafından alınan tüm müşteri adaylarını geçerli kayıt için doğrulayacaktır,1,1,1,1,1,1,1,1,0
Müşteri adayı temizleme işlevi web servisi emniyet tarafından alınan tüm müşteri adaylarını geçerli veri için doğrulayacaktır ver,1,1,1,1,1,1,1,1,0
Müşteri adayı temizleme işlevi web servisi tarafından yakalanan hız tüm müşteri adaylarını ekleyecektir,1,1,1,1,1,1,1,1,0
Müşteri adayı puanı yüksek ortalama puanın içine düşerse sorgula işlevi tarafından işlenecektir,1,1,1,1,1,1,1,1,0
hazırla Müşteri adayı puanı yüksek ortalama puanın içine düşerse ARA işlevi tarafından işlenecektir,1,1,1,1,1,1,1,1,0
Müşteri adayı puanı orta ortalamaya düşerse eleads sistemi aracılığıyla bir bilgi Koordinatörü tarafından manuel doğrulamaya ayarlanacaktır,1,1,1,1,1,1,1,1,0
Müşteri adayı puanı orta ortalamaya düşerse eleads göster sistemi aracılığıyla bir kayıt Kayıt Koordinatörü tarafından manuel doğrulamaya ayarlanacaktır,1,1,1,1,1,1,1,1,0
sorun Müşteri adayı puanı düşük ortalamaya düşerse sağlayan satıcıya iade edilecektir,1,1,1,1,1,1,1,1,0
tespit et Müşteri adayı temizleme işlevi toplam puan için hem iletişim hem de emniyet akademik puanlama bilgilerini derleyecektir,1,1,1,1,1,1,1,1,0
Müşteri adayı temizleme işlevi müşteri adayının düzenle bir kısmını puanlamak biçim için kurumsal ve okullar tarafından sağlanan parametreleri kullanacaktır,1,1,1,1,1,1,1,1,0
Müşteri adayı temizleme kayıt işlevi satıcıya sağlanan müşteri adayı verilerini ret nedeniyle birlikte iade edecektir gözlemle,1,1,1,1,1,1,1,1,0
Müşteri adayı temizleme işlevi müşteri adayı bilgi parametrelerinin korunabileceği bir arayüze sahip olacaktır,1,1,1,1,1,1,1,1,0
Müşteri adayı temizleme işlevi müşteri adayı veri parametrelerinin korunabileceği bir arayüze yarat sahip olacaktır,1,1,1,1,1,1,1,1,0
Müşteri oturum açma adayı temizleme işlevi parametre güncellemeleri yaz yapmak için kullanıcıların kimlik doğrulamasını ve haklarını doğrulayacaktır,1,1,1,1,1,1,1,1,0
Müşteri adayı temizleme işlevi kurumsal platform tarafından döndürülen olası müşteri adayı yinelemelerini depolayacaktır,1,1,1,1,1,1,1,1,0
Müşteri adayı temizleme işlevi kurumsal sistem tarafından döndürülen olası müşteri adayı takip et yinelemelerini depolayacaktır,1,1,1,1,1,1,1,1,0
Müşteri adayını filtrele kurumsal sisteme göndermeden önce müşteri adayı temizleme işlevi müşteri malıdır adayını bir kabul temsilcisine atayacaktır,1,1,1,1,1,1,1,1,0
Müşteri dosya adayı temizleme işlevi kurumsal sistemden mevcut temsilcilerin periyodik listesini alacaktır,1,1,1,1,1,1,1,1,0
Ürün kişi denizdeki gemilerin görünümünü simüle etmelidir,1,1,1,1,1,1,1,1,0
Ürün ızgaraları bir periskoptan görünüm olarak istisna bir daire içinde görüntülemelidir,1,1,1,1,1,1,1,1,0
Ürün her gemi türünü bir ızgarada belirli gemi türünün çıkar bir görüntüsünü kullanarak görüntülemelidir,1,1,1,1,1,1,1,1,0
özet Hücum eden oyuncu atış yaptığında ürün denizdeki bir geminin sesini simüle etmelidir,1,1,1,1,1,1,1,1,0
Bir atış ıskalama olarak işaretlendiğinde ürün hedefini ıskalayan bir atışın koru sesini simüle etmelidir,1,1,1,1,1,1,1,1,0
Bir atış isabet gönder olarak işaretlendiğinde ürün hedefine işlet isabet eden bir atışın sesini simüle etmelidir,1,1,1,1,1,1,1,1,0
Bir gemi batırıldığında ürün batan biçim bir geminin sesini simüle etmelidir,1,1,1,1,1,1,1,1,0
Ürün günde 24 saat haftada yedi gün kullanılabilir olmalıdır,1,1,1,1,1,1,1,1,1
Ürün aynı anda çok sayıda oyunu zaman idare edebilmelidir,1,0,1,1,1,1,1,0,0
Ürün aynı oyunu çok sayıda anda idare edebilmelidir,1,0,1,1,1,1,1,0,0
Ürün aynı anda sayıda edebilmelidir,1,0,1,1,1,1,1,0,0
Yanıt süresi oyunun akışını koruyacak kadar hızlı olmalıdır. Yanıt süresi yanıtların %95'i için iptal et 2 saniyeden fazla ilet olmamalı ve kalan yanıtlar için %4'ten açıkla fazla olmamalıdır,1,1,1,1,1,1,0,1,1
Yanıt süresi oyunun Yanıt koruyacak kadar saniyeden olmalıdır. akışını hızlı yanıtların %95'i için 2 süresi fazla olmamalı ve kalan yanıtlar için %4'ten fazla olmamalıdır,1,1,1,1,1,1,0,1,1
süresi oyunun akışını koruyacak kadar hızlı Yanıt süresi yanıtların için 2 saniyeden fazla olmamalı ve kalan %4'ten,1,1,1,1,1,1,0,1,1
Ürün oyuncuların kimliğini korumalıdır. Ürün oyunculara başka bir oyuncunun kimliğini açığa çıkarabilecek bilgilere giriş sağlamamalıdır,1,1,1,1,1,1,0,1,0
Ürün oyuncuların kimliğini korumalıdır. Ürün oyunculara gönder başka bir oyuncunun kimliğini açığa periyot çıkarabilecek bilgilere erişim sağlamamalıdır,1,1,1,1,1,1,0,1,0
Ürün oyuncuların kimliğini korumalıdır. Ürün açığa başka bir oyuncunun kimliğini sağlamamalıdır çıkarabilecek bilgilere erişim oyunculara,1,1,1,1,1,1,0,1,0
oyuncuların kimliğini Ürün oyunculara başka bir kimliğini açığa bilgilere sağlamamalıdır,1,1,1,1,1,1,0,1,0
program Ürün sezgisel ve kendini açıklayıcı olmalıdır. On kullanıcıdan dokuzu hiçbir eğitim almadan kontrol başarıyla bir oyunu tamamlayabilmelidir,1,1,1,1,1,1,0,1,1
Ürün sezgisel bir kendini açıklayıcı olmalıdır. On kullanıcıdan dokuzu hiçbir başarıyla almadan eğitim ve oyunu tamamlayabilmelidir,1,1,1,1,1,1,0,1,1
Ürün sezgisel ve kendini olmalıdır. On kullanıcıdan dokuzu hiçbir eğitim başarıyla bir oyunu tamamlayabilmelidir,1,1,1,1,1,1,0,1,1
Ürün İngilizce İspanyolca ve Fransızca anlayan oyuncular tarafından kullanılabilir olmalıdır. Ürün kullanıcının ürüne erişirken dili seçmesine yetki vermelidir,1,1,1,1,1,1,0,1,1
giriş Ürün İngilizce İspanyolca ve Fransızca anlayan oyuncular tarafından kullanılabilir olmalıdır. Ürün kullanıcının ürüne erişirken dili seçmesine izin arıza vermelidir,1,1,1,1,1,1,0,1,1
Ürün İngilizce İspanyolca ve Fransızca anlayan oyuncular tarafından kullanılabilir olmalıdır. Ürün ürüne kullanıcının erişirken dili vermelidir izin seçmesine,1,1,1,1,1,1,0,1,1
Ürün İngilizce İspanyolca ve anlayan tarafından kullanılabilir olmalıdır. Ürün kullanıcının ürüne erişirken dili seçmesine izin vermelidir,1,1,1,1,1,1,0,1,1
Ürün oyunculara başka bir oyuncunun kimliğini açığa çıkarabilecek bilgilere ulaşım sağlamamalıdır,1,1,1,1,1,1,1,1,0
Ürün oyunculara başka koru bir oyuncunun kimliğini açığa çıkarabilecek bilgilere erişim sağlamamalıdır,1,1,1,1,1,1,1,1,0
Yanıt süresi oyunun akışını koruyacak belirle kadar doğrula hızlı olmalıdır. Yanıt süresi yanıtların %95'i doküman için 2 saniyeden fazla olmamalı ve kalan yanıtlar için %4'ten fazla olmamalıdır,1,1,1,1,1,1,0,1,1
Yanıt süresi oyunun akışını koruyacak kadar hızlı olmalıdır. Yanıt süresi kalan yanıtların için 2 saniyeden fazla olmamalı ve %95'i yanıtlar için %4'ten olmamalıdır fazla,1,1,1,1,1,1,0,1,1
süresi oyunun akışını koruyacak kadar hızlı olmalıdır. Yanıt süresi yanıtların için 2 saniyeden olmamalı ve yanıtlar için %4'ten fazla,1,1,1,1,1,1,0,1,1
Ürün doküman oyuncuların listesini korumalıdır,1,1,1,1,1,1,1,1,0
Ürün bir kullanıcının kendini oyuncu olarak tanımlamasına yetki vermelidir,1,1,1,1,1,1,1,1,0
Ürün bir kullanıcının kendini oyuncu olarak tanımlamasına izin üst sınır vermelidir,1,1,1,1,1,1,1,1,0
Bir oyun başlatıldığında ürün oyuna format atanan oyuncuları oyuncular listesinden seçim kaldır için kullanılamaz hale getirmelidir,1,1,1,1,1,1,1,1,0
Ürün bir kullanıcının kendini istediği periyot oyuncular listesinden kaldırmasına izin vermelidir,1,1,1,1,1,1,1,1,0
Ürün bir kullanıcının kendini istediği değiştir zaman oyuncular listesinden kaldırmasına izin vermelidir,1,1,1,1,1,1,1,1,0
Ürün etkin olmayan oyuncuları oyuncular aç listesinden seçim için kullanılamaz hale getirmelidir,1,1,1,1,1,1,1,1,0
Ürün 24 saat boyunca etkin olmayan oyuncuları oyuncular listesinden kaldırmalıdır,1,1,1,1,1,1,1,1,1
Ürün bir oyuncunun oyuncular listesinden başka bir mevcut oyuncuyu seçerek bir oyun başlatmasına yetki vermelidir,1,1,1,1,1,1,1,1,0
Ürün bir oyuncunun oyuncular listesinden başka bir mevcut oyuncuyu seçerek bir oyun başlatmasına üret izin erişim vermelidir,1,1,1,1,1,1,1,1,0
Bir oyun başlatıldığında ürün her bozukluk oyuncuya bir savunma ızgarası görüntülemelidir,1,1,1,1,1,1,1,1,0
Bir oyun başlatıldığında ürün her oyuncuya bir hücum kontrol et ızgarası görüntülemelidir,1,1,1,1,1,1,1,1,0
Ürün bir oyuncunun diğer oyuncunun hücum veya savunma ızgaralarını erişim hakkı görüntülemesini engellemeli,1,1,1,1,1,1,1,1,0
Bir oyun başlatıldığında ürün her oyuncunun 5 gemisini kendi savunma ızgaralarına yerleştirmesine onay vermelidir,1,1,1,1,1,1,1,1,0
Bir oyun başlatıldığında ürün her doküman oyuncunun 5 gemisini kendi savunma ara ızgaralarına yerleştirmesine izin vermelidir,1,1,1,1,1,1,1,1,0
Ürün bir oyuncunun gemileri ızgarasında yatay olarak konumlandırmasına onay vermelidir,1,1,1,1,1,1,1,1,0
Ürün bir oyuncunun gemileri sonlandır ızgarasında yatay olarak konumlandırmasına izin vermelidir,1,1,1,1,1,1,1,1,0
Ürün oyuncunun gemileri ızgarasında dikey olarak konumlandırmasına yetki vermelidir,1,1,1,1,1,1,1,1,0
doğrula Ürün oyuncunun gemileri ızgarasında dikey olarak konumlandırmasına izin vermelidir,1,1,1,1,1,1,1,1,0
Ürün oyuncunun gemileri ızgarasında çapraz olarak konumlandırmasına ruhsat vermelidir,1,1,1,1,1,1,1,1,0
Ürün oyuncunun gemileri ızgarasında çapraz olarak rapor konumlandırmasına izin vermelidir,1,1,1,1,1,1,1,1,0
biçim Ürün oyuncunun ızgarasında gemileri üst üste bindirmesini engellemelidir,1,1,1,1,1,1,1,1,0
Her iki oyuncu da 5 gemisini savunma ebilir ızgaralarına yerleştirdiğinde ürün denetle ilk tur için her oyuncunun durumunu tanımlamalıdır,1,1,1,1,1,1,1,1,0
Her tur için istisna program ürün bir oyuncuyu hücum durumu ve bir oyuncuyu savunma durumu olarak tanımlamalıdır,1,1,1,1,1,1,1,1,0
Ürün her oyuncunun bir tur için hücum veya savunma durumunu korumalıdır belirle,1,1,1,1,1,1,1,1,0
Her turun başında çıkar ürün her oyuncuyu durumu hakkında bilgilendirmelidir,1,1,1,1,1,1,1,1,0
Her tur için ürün hücum oyuncusunun bir atış tanımlamasına onay vermelidir,1,1,1,1,1,1,1,1,0
Her tur durdur için ürün hücum oyuncusunun bir atış tanımlamasına izin vermelidir,1,1,1,1,1,1,1,1,0
Her atış sorun için ürün atışın isabet mi ıskalama mı periyot olduğunu belirlemek için savunma oyuncusunun savunma ızgarasını incelemelidir,1,1,1,1,1,1,1,1,0
sorgula Her atış için ürün oyunculara atışın isabet mi ıskalama mı olduğunu bildirmelidir,1,1,1,1,1,1,1,1,0
Her atış idare et için bağlantı ürün atışı savunma oyuncusunun savunma ızgarasında isabet veya ıskalama olarak işaretlemelidir,1,1,1,1,1,1,1,1,0
Her atış için ambar ürün tespit et atışı hücum oyuncusunun hücum ızgarasında isabet veya ıskalama olarak işaretlemelidir,1,1,1,1,1,1,1,1,0
kod İsabet bir gemiyi batırmakla sonuçlandığında ürün oyunculara geminin battığını bildirmelidir,1,1,1,1,1,1,1,1,0
İsabet bir gemiyi batırmakla sonuçlandığında ürün kaydet gemiyi savunma oyuncusunun savunma ızgarasında batmış güvence altına al olarak işaretlemelidir,1,1,1,1,1,1,1,1,0
İsabet bir gemiyi batırmakla sonuçlandığında ürün batan geminin türünü savunma oyuncusunun savunma ızgarasında belirtmelidir onayla takip et,1,1,1,1,1,1,1,1,0
İsabet bir gemiyi batırmakla sonuçlandığında ürün katalog gemiyi hücum oyuncusunun hücum ızgarasında tespit et batmış olarak işaretlemelidir,1,1,1,1,1,1,1,1,0
Atış isabet olarak işaretlendiyse ürün hücum oyuncusunun bir atış tanımlamasına yetki vermelidir,1,1,1,1,1,1,1,1,0
Atış isabet olarak işaretlendiyse ürün hücum oyuncusunun kısıt bir atış tanımlamasına izin vermelidir,1,1,1,1,1,1,1,1,0
Atış ıskalama olarak işaretlendiyse ürün hücum oyuncusunun durumunu savunmaya ambar değiştirmelidir,1,1,1,1,1,1,1,1,0
Atış ıskalama olarak işaretlendiyse ürün savunma oyuncusunun durumunu hücuma değiştirmelidir bozukluk,1,1,1,1,1,1,1,1,0
Ürün oyun ara bitene kadar tur atamaya devam etmelidir,1,1,1,1,1,1,1,1,0
Ürün link hücum sınırla oyuncusunun bir isabeti daha önce batmış olarak işaretlenmemiş savunma oyuncusunun gemilerinin sonuncusunu batırmakla sonuçlandığında oyunu bitirmelidir,1,1,1,1,1,1,1,1,0
Ürün bir oyuncunun oyun sırasında herhangi bir zamanda oyunu bitirmesine onay vermelidir,1,1,1,1,1,1,1,1,0
Ürün bir oyuncunun oyun sırasında sun herhangi bir zamanda oyunu bitirmesine izin vermelidir,1,1,1,1,1,1,1,1,0
Bir giriş oyun bittiğinde ürün oyunculara oyunun bittiğini bildirmelidir,1,1,1,1,1,1,1,1,0
Oyun bitişi bildirimi oyunun neden bittiğini içerecektir (yani bir oyuncu kaldır oyunu denetle kazandı veya bir oyuncu oyunu bitirdi),1,1,1,1,1,1,1,1,0
Bir oyun bittiğinde ürün her oyuncunun kendini oyuncular listesinde mevcut bir oyuncu olarak tanımlamasına yetki vermelidir,1,1,1,1,1,1,1,1,0
Bir oyun veri hız bittiğinde ürün her oyuncunun kendini oyuncular listesinde mevcut bir oyuncu olarak tanımlamasına izin vermelidir,1,1,1,1,1,1,1,1,0
Bir oyun bittiğinde ürün her oyuncunun kendini oyuncular listesinden kaldırmasına onay vermelidir,1,1,1,1,1,1,1,1,0
Bir oyun bittiğinde ürün her oyuncunun kendini oyuncular listesinden arayüz kaldırmasına izin vermelidir,1,1,1,1,1,1,1,1,0
platform arayanlar ve süpervizörler tarafından kullanımı kolay olmalıdır. Arayanlar ve süpervizörler herhangi bir uygulama görevini 2 dakika içinde gerçekleştirebilmelidir,1,1,1,1,1,1,0,1,1
Sistem arayanlar ve süpervizörler tarafından kontrol kullanımı kolay olmalıdır. Arayanlar ve süpervizörler herhangi ekran bir sistem görevini 2 dakika içinde gerçekleştirebilmelidir,1,1,1,1,1,1,0,1,1
Sistem kullanımı ve süpervizörler tarafından arayanlar kolay olmalıdır. Arayanlar ve süpervizörler herhangi bir sistem görevini 2 dakika içinde gerçekleştirebilmelidir,1,1,1,1,1,1,0,1,1
Sistem arayanlar ve süpervizörler tarafından kullanımı kolay olmalıdır. ve süpervizörler herhangi bir sistem görevini 2 dakika içinde,1,1,1,1,1,1,0,1,1
uygulama arayanlar ve süpervizörler tarafından öğrenilmesi kolay olmalıdır. Arayanlar ve süpervizörler sistemi 10 dakika içinde nasıl kullanacaklarını öğrenmelidir,1,1,1,1,1,1,0,1,1
Sistem arayanlar ve süpervizörler tarafından öğrenilmesi kolay olmalıdır. Arayanlar istisna ve süpervizörler sistemi 10 dakika temizle içinde nasıl kullanacaklarını öğrenmelidir,1,1,1,1,1,1,0,1,1
Sistem arayanlar ve ve tarafından öğrenilmesi kolay olmalıdır. Arayanlar süpervizörler süpervizörler sistemi nasıl dakika içinde 10 kullanacaklarını öğrenmelidir,1,1,1,1,1,1,0,1,1
Sistem arayanlar süpervizörler tarafından öğrenilmesi kolay olmalıdır. Arayanlar ve süpervizörler sistemi dakika içinde kullanacaklarını öğrenmelidir,1,1,1,1,1,1,0,1,1
uygulama yanıt verici olmalıdır. DePaul TeleServices Merkezi'nde bir süpervizör bir arayanın programını görüntülemek için sistemi kullandığında platform yanıt süresi zamanın %90'ında 2 saniyeden fazla olmamalı ve zamanın geri kalanında 5 saniyeden fazla olmamalıdır,1,1,1,1,1,1,0,1,1
Sistem yanıt verici olmalıdır. DePaul TeleServices Merkezi'nde bir süpervizör bir arayanın programını görüntülemek için sistemi kullandığında sistem yanıt süresi zamanın %90'ında 2 saniyeden fazla kısıt olmamalı ve zamanın geri kalanında iletişim 5 saniyeden fazla vakit gözlemle olmamalıdır,1,1,1,1,1,1,0,1,1
Sistem yanıt ve olmalıdır. DePaul zamanın Merkezi'nde bir süpervizör olmamalıdır arayanın programını görüntülemek için sistemi saniyeden sistem yanıt süresi TeleServices %90'ında 2 saniyeden fazla olmamalı verici zamanın geri kalanında 5 kullandığında fazla bir,1,1,1,1,1,1,0,1,1
yanıt verici olmalıdır. DePaul TeleServices bir süpervizör bir arayanın programını görüntülemek için sistemi kullandığında yanıt süresi zamanın %90'ında 2 saniyeden fazla olmamalı ve zamanın geri 5 saniyeden fazla olmamalıdır,1,1,1,1,1,1,0,1,1
56k bağlantısında tüm işlemler için platform yanıt süresi zamanın %90'ında 6 saniyeden fazla olmamalıdır,1,1,1,1,1,1,1,1,1
112k veya daha hızlı bağlantıda tüm işlemler için uygulama yanıt süresi zamanın %90'ında 3 saniyeden fazla olmamalıdır,1,1,1,1,1,1,1,1,1
platform yılın her günü yüksek kullanılabilirliğe sahip olmalıdır. Sistem 12 ile kullanıma sunulmalıdır,1,0,1,1,1,1,1,1,1
Sistem yılın her günü yüksek katalog kullanılabilirliğe sahip olmalıdır. Sistem 12 ile kullanıma sunulmalıdır,1,0,1,1,1,1,1,1,1
Sistem yılın her günü sahip kullanılabilirliğe yüksek olmalıdır. Sistem 12 ile kullanıma sunulmalıdır,1,0,1,1,1,1,1,1,1
Sistem yılın her yüksek sahip olmalıdır. 12 ile kullanıma sunulmalıdır,1,0,1,1,1,1,1,1,1
yazılım 7 ile kullanıma sunulmalıdır,1,0,1,1,1,1,1,1,0
Sistem 7 malıdır ile kullanıma sunulmalıdır,1,0,1,1,1,1,1,1,0
ile 7 Sistem kullanıma sunulmalıdır,1,0,1,1,1,1,1,1,0
Ürün internet tarayıcısından bağımsız olmalıdır. Ürün Internet Explorer ve Netscape Navigator kullanarak çalışmalıdır değiştir,1,1,1,1,1,1,0,1,1
Ürün internet bağımsız tarayıcısından olmalıdır. Ürün Internet Explorer ve Netscape Navigator kullanarak çalışmalıdır,1,1,1,1,1,1,0,1,1
Ürün internet tarayıcısından bağımsız olmalıdır. Ürün Explorer ve Netscape Navigator kullanarak çalışmalıdır,1,1,1,1,1,1,0,1,1
Ürün yalnızca süpervizörlerin boş periyot dilimlerini ilan edebilmesini sağlamalıdır. Ürün süpervizörlerin boş süre dilimlerini ilan etmeye erişmelerine onay verilmesini sağlamalıdır,1,1,1,1,1,1,0,1,0
Ürün yalnızca süpervizörlerin boş zaman dilimlerini ilan edebilmesini sağlamalıdır. Ürün süpervizörlerin boş kişi zaman dilimlerini ilan aktar etmeye katalog erişmelerine izin verilmesini sağlamalıdır,1,1,1,1,1,1,0,1,0
dilimlerini edebilmesini süpervizörlerin boş zaman Ürün sağlamalıdır yalnızca sağlamalıdır. Ürün süpervizörlerin boş zaman dilimlerini ilan etmeye erişmelerine izin verilmesini ilan,1,1,1,1,1,1,0,1,0
süpervizörlerin boş zaman dilimlerini ilan edebilmesini sağlamalıdır. Ürün süpervizörlerin boş zaman dilimlerini ilan etmeye erişmelerine izin verilmesini,1,1,1,1,1,1,0,1,0
Ürün yalnızca süpervizörlerin bir arayanın programını girebilmesini sağlamalıdır. Ürün süpervizörlerin boş süre dilimlerini ilan etmeye erişmelerine onay verilmesini sağlamalıdır,1,1,1,1,1,1,0,1,0
Ürün yalnızca süpervizörlerin bir arayanın programını veri tabanı girebilmesini sağlamalıdır. Ürün süpervizörlerin boş zaman dilimlerini ilan etmeye erişmelerine izin verilmesini hazırla sağlamalıdır,1,1,1,1,1,1,0,1,0
Ürün yalnızca süpervizörlerin bir arayanın programını Ürün sağlamalıdır girebilmesini süpervizörlerin boş zaman dilimlerini ilan etmeye erişmelerine izin verilmesini sağlamalıdır.,1,1,1,1,1,1,0,1,0
Ürün yalnızca süpervizörlerin bir arayanın programını sağlamalıdır. Ürün süpervizörlerin boş zaman dilimlerini ilan etmeye erişmelerine izin verilmesini sağlamalıdır,1,1,1,1,1,1,0,1,0
Ürün yalnızca süpervizörlerin tüm arayanların programını görüntüleyebilmesini sağlamalıdır. Ürün süpervizörlerin boş periyot dilimlerini ilan etmeye erişmelerine ruhsat verilmesini sağlamalıdır,1,1,1,1,1,1,0,1,0
Ürün yalnızca süpervizörlerin tüm arayanların programını görüntüleyebilmesini sağlamalıdır. Ürün süpervizörlerin boş zaman dilimlerini ilan etmeye erişmelerine izin verilmesini raporla sağlamalıdır sınır,1,1,1,1,1,1,0,1,0
tüm yalnızca süpervizörlerin Ürün arayanların programını görüntüleyebilmesini sağlamalıdır. Ürün süpervizörlerin boş izin dilimlerini ilan etmeye erişmelerine zaman verilmesini sağlamalıdır,1,1,1,1,1,1,0,1,0
Ürün yalnızca süpervizörlerin tüm arayanların programını görüntüleyebilmesini sağlamalıdır. Ürün süpervizörlerin boş zaman dilimlerini ilan etmeye izin verilmesini sağlamalıdır,1,1,1,1,1,1,0,1,0
kullanıcı arabirimi basit bir görünüme sahip olmalıdır. ekran ve kullanılabilirlik anketinde beta test kullanıcılarının %90'ı arayüzün yeterince basit olduğunu bildirmelidir,1,1,1,1,1,1,0,1,1
kod Arayüz basit bir görünüme sahip olmalıdır. Arayüz ve kullanılabilirlik anketinde beta test kullanıcılarının %90'ı bildirim arayüzün yeterince basit olduğunu bildirmelidir,1,1,1,1,1,1,0,1,1
Arayüz basit bir görünüme sahip olmalıdır. Arayüz ve anketinde kullanılabilirlik beta test %90'ı kullanıcılarının arayüzün yeterince basit olduğunu bildirmelidir,1,1,1,1,1,1,0,1,1
Arayüz bir görünüme sahip olmalıdır. Arayüz ve kullanılabilirlik anketinde beta test kullanıcılarının %90'ı arayüzün yeterince bildirmelidir,1,1,1,1,1,1,0,1,1
panel arayanlara ve süpervizörlere çekici gelmelidir. kullanıcı arabirimi ve kullanılabilirlik anketinde beta test kullanıcılarının %80'i arayüzün çekici olduğunu bildirmelidir,1,1,1,1,1,1,0,1,1
Arayüz arayanlara bildirim ve süpervizörlere çekici gelmelidir. Arayüz ve kullanılabilirlik anketinde filtrele beta test kullanıcılarının %80'i arayüzün çekici olduğunu bildirmelidir,1,1,1,1,1,1,0,1,1
Arayüz arayanlara ve süpervizörlere çekici gelmelidir. Arayüz anketinde kullanılabilirlik ve %80'i test kullanıcılarının beta arayüzün çekici olduğunu bildirmelidir,1,1,1,1,1,1,0,1,1
Arayüz arayanlara ve gelmelidir. Arayüz ve kullanılabilirlik anketinde test kullanıcılarının %80'i arayüzün çekici olduğunu bildirmelidir,1,1,1,1,1,1,0,1,1
Ürün GUI tabanlı İzleme Hizmetleri sağlamalıdır. uygulama Yöneticileri uyarı alışverişlerini izlemeli sorunları tahmin edip belirlemeli ve ayrıca dahili ve harici destek sağlamalıdır,1,1,1,1,1,1,0,1,0
Ürün GUI denetle tabanlı İzleme Hizmetleri sağlamalıdır. Sistem Yöneticileri mesaj program alışverişlerini izlemeli sorunları tahmin edip belirlemeli ve ayrıca dahili ve harici destek sağlamalıdır format,1,1,1,1,1,1,0,1,0
GUI Ürün tabanlı İzleme Hizmetleri destek Sistem Yöneticileri mesaj alışverişlerini sağlamalıdır. sorunları tahmin edip belirlemeli ve ayrıca dahili ve harici izlemeli sağlamalıdır,1,1,1,1,1,1,0,1,0
Ürün GUI tabanlı İzleme Hizmetleri sağlamalıdır. Sistem mesaj alışverişlerini izlemeli sorunları edip belirlemeli ve ayrıca dahili ve sağlamalıdır,1,1,1,1,1,1,0,1,0
Ürün Chicago Şehri Uygulama Geliştirme Kılavuzu Çerçevesine uymalıdır. sistem Geliştirme Çerçevesi yapılandırılmış Grafiksel kişi Arayüzü sağlayacaktır,1,1,1,1,1,1,0,1,0
Ürün Chicago Şehri Uygulama Geliştirme Kılavuzu Çerçevesine uymalıdır. Uygulama operatör Geliştirme Çerçevesi yapılandırılmış düzenle Grafiksel Kullanıcı Arayüzü sağlayacaktır,1,1,1,1,1,1,0,1,0
Ürün Geliştirme Şehri Uygulama Kılavuzu Chicago Çerçevesine uymalıdır. Uygulama Geliştirme Çerçevesi yapılandırılmış Grafiksel Kullanıcı Arayüzü sağlayacaktır,1,1,1,1,1,1,0,1,0
Ürün Chicago Şehri Uygulama Geliştirme Kılavuzu uymalıdır. Uygulama Geliştirme Çerçevesi yapılandırılmış Grafiksel Arayüzü sağlayacaktır,1,1,1,1,1,1,0,1,0
Ürün İzleme Hizmetleri sağlamalıdır. Ürün uygulama Yöneticileri ve DBA'ların iki haftalık kullanımdan sonra kullanması kolay olmalıdır,1,1,1,1,1,1,0,1,1
hız Ürün İzleme Hizmetleri sağlamalıdır. Ürün Sistem Yöneticileri ve DBA'ların iki haftalık kullanımdan sonra kullanması kolay doküman olmalıdır,1,1,1,1,1,1,0,1,1
Ürün Sistem Hizmetleri sağlamalıdır. Ürün İzleme Yöneticileri ve DBA'ların iki haftalık olmalıdır sonra kullanması kolay kullanımdan,1,1,1,1,1,1,0,1,1
Ürün Hizmetleri sağlamalıdır. Ürün Yöneticileri ve DBA'ların haftalık kullanımdan sonra kullanması kolay olmalıdır,1,1,1,1,1,1,0,1,1
Ürün sorun İzleme Hizmetleri sağlamalıdır. Ürün yazılım Yöneticileri ve DBA'ların zamanın %99'unda işlem hatalarını çözmesine yardımcı olmalıdır,1,1,1,1,1,1,0,1,1
Ürün Hata İzleme ikaz Hizmetleri sağlamalıdır. Ürün Sistem Yöneticileri ve DBA'ların zamanın %99'unda işlem hatalarını çözmesine ikaz yardımcı olmalıdır,1,1,1,1,1,1,0,1,1
Ürün Hata İzleme hatalarını ve Ürün Sistem Yöneticileri sağlamalıdır. DBA'ların zamanın %99'unda işlem Hizmetleri çözmesine yardımcı olmalıdır,1,1,1,1,1,1,0,1,1
Ürün Portallar sağlamalıdır. Ürün uygulama Yöneticilerinin geçici raporlama ve KPI'lar (Anahtar etkinlik Göstergeleri) ile işlemleri analiz etmesine yardımcı olmalıdır,1,1,1,1,1,1,0,1,0
Ürün Portallar sağlamalıdır. gerekir Ürün Sistem Yöneticilerinin geçici raporlama ve KPI'lar (Anahtar Performans Göstergeleri) ile işlemleri analiz etmesine eşik yardımcı olmalıdır,1,1,1,1,1,1,0,1,0
Ürün Portallar etmesine Ürün analiz Yöneticilerinin geçici raporlama ve KPI'lar (Anahtar Performans Göstergeleri) ile işlemleri Sistem sağlamalıdır. yardımcı olmalıdır,1,1,1,1,1,1,0,1,0
Portallar sağlamalıdır. Ürün Sistem Yöneticilerinin geçici ve KPI'lar (Anahtar Performans Göstergeleri) ile analiz etmesine,1,1,1,1,1,1,0,1,0
Ürün Eşzamansız Mesajlaşma sağlamalıdır. Ürün sorun paralel işlemeyi etkinleştirmek ve iletişimdeki belirle ek yükü azaltmak için eşzamansız mesajlaşma sağlamalıdır,1,1,1,1,1,1,0,1,0
Ürün Eşzamansız yükü sağlamalıdır. Ürün paralel işlemeyi etkinleştirmek eşzamansız iletişimdeki ek Mesajlaşma azaltmak için ve mesajlaşma sağlamalıdır,1,1,1,1,1,1,0,1,0
Ürün Eşzamansız Mesajlaşma sağlamalıdır. Ürün paralel işlemeyi etkinleştirmek ve iletişimdeki yükü için eşzamansız mesajlaşma sağlamalıdır,1,1,1,1,1,1,0,1,0
Ürün Çoklu İş Parçacığı ve Yük Dengeleme sağlamalıdır. Ürün içerik yükü zirvelerini ve trafiği aşmak için çoklu iş parçacığı teknolojisinin yanı sıra yük dengeleme sağlamalıdır,1,1,1,1,1,1,0,1,0
Ürün Çoklu İş Parçacığı ve Yük Dengeleme sağlamalıdır. Ürün veri yükü zirvelerini ve trafiği bildirim aşmak için çoklu iş denetle parçacığı teknolojisinin yanı sıra ver yük dengeleme sağlamalıdır,1,1,1,1,1,1,0,1,0
sıra Çoklu İş Parçacığı dengeleme Yük Dengeleme sağlamalıdır. Ürün veri yükü teknolojisinin ve trafiği aşmak için çoklu iş parçacığı zirvelerini yanı Ürün yük ve sağlamalıdır,1,1,1,1,1,1,0,1,0
Ürün Çoklu İş Parçacığı Yük sağlamalıdır. Ürün veri yükü zirvelerini ve trafiği aşmak için çoklu iş parçacığı teknolojisinin yanı sıra dengeleme sağlamalıdır,1,1,1,1,1,1,0,1,0
Ürün mesajları 2 saniye içinde işlemelidir. Ürün maksimum 2 saniyelik iletişim işleme süresine sahip olmalıdır,1,1,1,1,1,1,0,1,1
depola Ürün mesajları 2 saniye hata içinde işlemelidir. Ürün maksimum 2 saniyelik mesaj işleme süresine sahip olmalıdır,1,1,1,1,1,1,0,1,1
Ürün mesajları 2 saniye içinde işlemelidir. Ürün 2 sahip saniyelik mesaj işleme süresine maksimum olmalıdır,1,1,1,1,1,1,0,1,1
Ürün mesajları 2 saniye içinde işlemelidir. Ürün maksimum 2 saniyelik işleme süresine olmalıdır,1,1,1,1,1,1,0,1,1
program Ürün her saniye iptal et mesajlar için sistemi yoklamalıdır. Ürün yeni mesajlar için en fazla 1 saniyede bir sistemi yoklamalıdır,1,1,1,1,1,1,0,1,1
Ürün 1 saniye fazla için sistemi yoklamalıdır. Ürün yeni mesajlar için en mesajlar her saniyede bir sistemi yoklamalıdır,1,1,1,1,1,1,0,1,1
Ürün mesajlar için sistemi yoklamalıdır. Ürün yeni mesajlar için fazla 1 saniyede bir sistemi yoklamalıdır,1,1,1,1,1,1,0,1,1
filtrele Ürün Dinamik Değişiklik düzenle Desteği ve Şeffaf kaynak ekleme sağlamalıdır. Ürün ölçeklenebilirlik sağlamak ve 1 kimlik bilgisi günden fazla hizmet kesintilerinden kaçınmak emniyet için Şeffaf Kaynak ekleme ve Dinamik Değişiklik desteğini desteklemelidir,1,1,1,1,1,1,0,1,1
Ürün Dinamik Değişiklik Desteği ve Şeffaf kaynak ekleme sağlamalıdır. Değişiklik sağlamak ölçeklenebilirlik ve 1 günden fazla kesintilerinden hizmet kaçınmak için desteğini Kaynak ekleme ve Dinamik Ürün Şeffaf desteklemelidir,1,1,1,1,1,1,0,1,1
Ürün Değişiklik Desteği ve Şeffaf kaynak ekleme sağlamalıdır. ölçeklenebilirlik sağlamak ve 1 günden fazla kesintilerinden kaçınmak Şeffaf Kaynak ekleme ve Dinamik desteğini desteklemelidir,1,1,1,1,1,1,0,1,1
Ürün zamanın %99'unda kullanılabilir olmalıdır,1,1,1,1,1,1,1,1,1
Ürün sağlam olmalıdır. Ürün standart benimsemeye dayalı sorun önlemeye sahip olmalıdır,1,0,1,1,1,1,0,0,0
Ürün sağlam olmalıdır. Ürün standart benimsemeye dayalı hata önlemeye limit sahip olmalıdır,1,0,1,1,1,1,0,0,0
Ürün sağlam olmalıdır. Ürün standart benimsemeye dayalı önlemeye hata sahip olmalıdır,1,0,1,1,1,1,0,0,0
Ürün sağlam olmalıdır. Ürün standart dayalı hata önlemeye sahip olmalıdır,1,0,1,1,1,1,0,0,0
Ürün sorun toleransıyla sağlam olmalıdır. Ürün kurtarma tekniği telafi edici işlem ve arızalar etrafında yönlendirme kullanarak sorun toleransına sahip olmalıdır,1,1,1,1,1,1,0,1,0
Ürün hata toleransıyla sağlam sınırla olmalıdır. Ürün kurtarma tekniği telafi hesapla edici işlem yönlendir ve arızalar etrafında yönlendirme kullanarak hata toleransına sahip olmalıdır,1,1,1,1,1,1,0,1,0
Ürün hata toleransıyla sağlam olmalıdır. Ürün kurtarma tekniği telafi toleransına edici ve arızalar etrafında yönlendirme kullanarak olmalıdır işlem sahip hata,1,1,1,1,1,1,0,1,0
Ürün hata toleransıyla sağlam olmalıdır. Ürün kurtarma tekniği telafi edici işlem ve etrafında yönlendirme kullanarak hata toleransına sahip olmalıdır,1,1,1,1,1,1,0,1,0
Ürün tüm işlemleri işleyebilmelidir. Ürün yılda uygula minimum 1 milyon işlemi işlemelidir,1,1,1,1,1,1,0,1,1
milyon tüm işlemleri işleyebilmelidir. Ürün yılda minimum 1 Ürün işlemi işlemelidir,1,1,1,1,1,1,0,1,1
tüm Ürün yılda minimum 1 işlemelidir,1,1,1,1,1,1,0,1,1
Ürün kayıt platformdan bağımsız olmalıdır. Ürün her tür geliştirme ortamına ve platformuna erişimi doğrulama mümkün kılmalıdır,1,1,1,1,1,1,0,1,0
Ürün ve bağımsız olmalıdır. Ürün geliştirme tür her ortamına platformdan platformuna erişimi mümkün kılmalıdır,1,1,1,1,1,1,0,1,0
Ürün CSR ve Datastream ile kullanıcı arabirimi oluşturmalıdır. Ürün iki uygulama arasında herhangi bir doğrudan arayüz olmaksızın CSR ile EAM arasında gerçek zamanlı olarak uyarı alışverişi yapmalıdır,1,1,1,1,1,1,0,1,0
Ürün CSR ve Datastream ile arayüz oluşturmalıdır. Ürün iki sistem arasında herhangi bir doğrudan arayüz olmaksızın CSR ile EAM denetim arasında gerçek zamanlı olarak düzen mesaj alışverişi format yapmalıdır,1,1,1,1,1,1,0,1,0
Ürün CSR ve Datastream ile arayüz oluşturmalıdır. arayüz iki sistem arasında herhangi bir doğrudan Ürün olmaksızın CSR ile EAM arasında gerçek zamanlı olarak mesaj alışverişi yapmalıdır,1,1,1,1,1,1,0,1,0
Ürün CSR ve Datastream ile arayüz oluşturmalıdır. Ürün sistem arasında doğrudan arayüz olmaksızın CSR EAM arasında zamanlı olarak mesaj alışverişi yapmalıdır,1,1,1,1,1,1,0,1,0
Ürün yükseltme değişiklik veya yeni kaynak ekleme sırasında çalışmaya devam etmelidir. veri Ürün yeni kaynak eklemeleri aç nedeniyle hizmette erişim kesinti olmaksızın çalışmaya devam edebilmelidir,1,1,1,1,1,1,0,1,0
Ürün yükseltme etmelidir. veya yeni sırasında ekleme hizmette çalışmaya devam değişiklik Ürün yeni kaynak eklemeleri nedeniyle kaynak kesinti olmaksızın çalışmaya devam edebilmelidir,1,1,1,1,1,1,0,1,0
yükseltme değişiklik veya kaynak ekleme sırasında çalışmaya devam etmelidir. Ürün yeni kaynak eklemeleri hizmette kesinti olmaksızın çalışmaya devam edebilmelidir,1,1,1,1,1,1,0,1,0
Ürün düzenli olarak güncellenmelidir. Ürün her altı ayda bir yeni uyarı bir düzenle ana özellik sunacak ve her altı ayda bir üç aylık bakım sürümlerine sahip ver olacaktır,1,1,1,1,1,1,0,1,1
altı düzenli olarak güncellenmelidir. Ürün her altı ayda ayda sahip bir ana özellik sunacak ve her Ürün bir bir üç aylık bakım sürümlerine yeni olacaktır,1,1,1,1,1,1,0,1,1
Ürün düzenli olarak güncellenmelidir. her altı ayda bir yeni bir ana ve her altı ayda üç aylık bakım sürümlerine sahip olacaktır,1,1,1,1,1,1,0,1,1
oluştur Ürün her platformda çalışmalıdır. Ürün mimarisinde herhangi bir değişiklik olmaksızın sürat her yeni teknolojiyi barındırmalıdır,1,0,1,1,0,1,1,0,0
mimarisinde her platformda çalışmalıdır. Ürün Ürün herhangi yeni değişiklik olmaksızın her bir teknolojiyi barındırmalıdır,1,0,1,1,0,1,1,0,0
platformda çalışmalıdır. Ürün mimarisinde herhangi bir değişiklik olmaksızın yeni teknolojiyi barındırmalıdır,1,0,1,1,0,1,1,0,0
Ürün koruma ekran her platformda çalışmalıdır. Ürün mimarisinde herhangi bir değişiklik olmaksızın her yeni teknolojiyi barındırmalıdır,1,0,1,1,0,1,1,0,0
Ürün yeni platformda çalışmalıdır. Ürün değişiklik herhangi bir mimarisinde olmaksızın her her teknolojiyi barındırmalıdır,1,0,1,1,0,1,1,0,0
her platformda Ürün mimarisinde herhangi bir değişiklik olmaksızın yeni teknolojiyi barındırmalıdır,1,0,1,1,0,1,1,0,0
Ürün güvenliğe sorun sahip olmalıdır. Ürün kimlik doğrulama ve yetkilendirme sağlamalıdır,1,0,1,1,1,1,0,0,0
Ürün güvenliğe sahip olmalıdır. kimlik Ürün doğrulama ve yetkilendirme sağlamalıdır,1,0,1,1,1,1,0,0,0
Ürün sahip kimlik doğrulama ve sağlamalıdır,1,0,1,1,1,1,0,0,0
Ürün içerik Güvenliğine sahip olmalıdır. Ürün şifreleme WS-Security ve Bütünlük Kontrolü ile gizliliği mümkün kılmalıdır,1,1,1,1,1,1,0,1,0
Ürün bilgi Güvenliğine sahip olmalıdır. Ürün şifreleme WS-Security ve Bütünlük Kontrolü melidir ile sorgula gizliliği mümkün kılmalıdır,1,1,1,1,1,1,0,1,0
Ürün bilgi Güvenliğine sahip olmalıdır. Ürün şifreleme WS-Security mümkün Bütünlük kılmalıdır ile gizliliği ve Kontrolü,1,1,1,1,1,1,0,1,0
bilgi Güvenliğine sahip Ürün şifreleme ve Bütünlük Kontrolü ile mümkün kılmalıdır,1,1,1,1,1,1,0,1,0
Ürün denetim yeteneklerine sahip olmalıdır. Ürün denetim ve işlem izleme amaçları için mesajları minimum bir yıl depolamalıdır,1,1,1,1,1,1,1,1,1
platform IBM ve CCR marka standartlarını kullanmalıdır. kullanıcı arabirimi bir IBM logosu ve bir CCR logosuna sahip olmalıdır,1,1,1,1,1,1,0,1,1
Sistem IBM ve CCR açıkla marka standartlarını kullanmalıdır. Arayüz bir IBM program logosu ve bir CCR logosuna sahip olmalıdır,1,1,1,1,1,1,0,1,1
Sistem IBM IBM Arayüz marka standartlarını kullanmalıdır. CCR bir ve logosu ve bir CCR logosuna sahip olmalıdır,1,1,1,1,1,1,0,1,1
Sistem IBM ve CCR marka standartlarını kullanmalıdır. Arayüz bir IBM ve bir CCR logosuna sahip,1,1,1,1,1,1,0,1,1
yazılım bir CCR kullanıcısının sahip olabileceği herhangi bir iş bilgisayarında görüntülenebilir olmalıdır. yazılım arayüzü 800 x 600 piksel çözünürlükte görüntülemek için biçimlendirilmelidir,1,1,1,1,1,1,0,1,1
Sistem bir CCR kullanıcısının sahip olabileceği herhangi bir iş güvence bilgisayarında görüntülenebilir sorgula olmalıdır. Sistem arayüzü 800 program x 600 piksel çözünürlükte görüntülemek için biçimlendirilmelidir,1,1,1,1,1,1,0,1,1
Sistem bir iş olabileceği sahip kullanıcısının herhangi bir CCR bilgisayarında görüntülenebilir olmalıdır. Sistem arayüzü 800 x 600 piksel çözünürlükte için görüntülemek biçimlendirilmelidir,1,1,1,1,1,1,0,1,1
Sistem CCR kullanıcısının sahip iş görüntülenebilir olmalıdır. Sistem arayüzü 800 x 600 piksel çözünürlükte görüntülemek için biçimlendirilmelidir,1,1,1,1,1,1,0,1,1
uygulama arayüzü CCR terminolojisi kullanacaktır. yazılım mevcut WCS sisteminde ve raporlarında kullanılan terminolojiyi kullanmalıdır,1,1,1,1,1,1,1,1,0
Sistem arayüzü CCR terminolojisi kullanacaktır. Sistem mevcut WCS operatör sisteminde ve raporlarında temizle kullanılan terminolojiyi kullanmalıdır,1,1,1,1,1,1,1,1,0
kullanıcı arabirimi verileri CCR yönetimine çekici gelecek şekilde özetlemelidir. Her belge türünün sonuç panosunda/arayüzünde gösterilen en az bir üst düzey özeti olmalıdır,1,1,1,1,1,1,1,1,0
Arayüz verileri CCR yönetimine çekici iletişim gelecek şekilde ikaz özetlemelidir. Her rapor türünün sonuç panosunda/arayüzünde gösterilen en az bir üst biçim düzey özeti olmalıdır,1,1,1,1,1,1,1,1,0
platform işaret ve tıklama arayüzü kullanmalıdır. Tüm seçim ve gezinme işlevselliğinin %100'ü fare veya klavye ile etkinleştirilebilir/seçilebilir olmalıdır,1,1,1,1,1,1,0,1,1
Sistem işaret ve tıklama arayüzü üret kullanmalıdır. Tüm seçim ve gezinme işlevselliğinin %100'ü fare veya yönlendir klavye ile etkinleştirilebilir/seçilebilir olmalıdır,1,1,1,1,1,1,0,1,1
Sistem %100'ü ve tıklama ile kullanmalıdır. Tüm seçim ve gezinme işlevselliğinin işaret fare veya klavye arayüzü etkinleştirilebilir/seçilebilir olmalıdır,1,1,1,1,1,1,0,1,1
Sistem işaret tıklama kullanmalıdır. Tüm seçim ve gezinme %100'ü fare veya klavye ile etkinleştirilebilir/seçilebilir olmalıdır,1,1,1,1,1,1,0,1,1
kullanıcı arabirimi kullanımı kolay olmalıdır. Kullanıcıların %90'ı ilk kullanımlarında çıktı oluşturmak için sistemi başarıyla kullanabilmelidir. Arayüz IBM kullanılabilirlik standartlarına uymalıdır,1,1,1,1,1,1,0,1,1
Arayüz kullanımı kolay olmalıdır. Kullanıcıların %90'ı ilk kullanımlarında rapor oluşturmak için sağla sistemi başarıyla kullanabilmelidir. Arayüz IBM kullanılabilirlik standartlarına uymalıdır doküman,1,1,1,1,1,1,0,1,1
Arayüz kullanımı kullanılabilirlik olmalıdır. Kullanıcıların %90'ı ilk kullanımlarında başarıyla oluşturmak için sistemi rapor kullanabilmelidir. Arayüz IBM kolay standartlarına uymalıdır,1,1,1,1,1,1,0,1,1
Arayüz kullanımı kolay olmalıdır. Kullanıcıların %90'ı ilk rapor oluşturmak için sistemi başarıyla kullanabilmelidir. Arayüz IBM kullanılabilirlik standartlarına uymalıdır,1,1,1,1,1,1,0,1,1
Raporların oluşturulması kolay belirle olmalıdır. Raporlar bir düğme tıklamasında oluşturulmalı ve (raporu seçtikten sonra) bir yazılım düğme tıklamasında dışa aktarılmalıdır,1,1,1,1,1,1,0,1,1
Raporların oluşturulması kolay olmalıdır. Raporlar bir tıklamasında tıklamasında oluşturulmalı ve (raporu seçtikten sonra) bir düğme düğme dışa aktarılmalıdır,1,1,1,1,1,1,0,1,1
kolay olmalıdır. Raporlar düğme oluşturulmalı ve (raporu seçtikten sonra) düğme tıklamasında dışa,1,1,1,1,1,1,0,1,1
kişi kısa bir zaman sonra talimat olmadan sistemi kullanabilmelidir. Bir kullanımdan sonra operatör sistem kullanımının ve gezinmesinin %90'ını anlamalı ve hatırlamalıdır,1,1,1,1,1,1,0,1,1
Kullanıcı kısa bir süre panel sonra talimat olmadan sistemi kullanabilmelidir. Bir kullanımdan sonra kullanıcı kısıt sistem kullanımının ve giriş gezinmesinin %90'ını anlamalı ve hatırlamalıdır,1,1,1,1,1,1,0,1,1
Kullanıcı kısa bir süre sonra kullanımdan olmadan sistemi gezinmesinin Bir ve sonra kullanıcı sistem kullanımının ve kullanabilmelidir. %90'ını anlamalı talimat hatırlamalıdır,1,1,1,1,1,1,0,1,1
Kullanıcı kısa süre olmadan sistemi kullanabilmelidir. Bir kullanımdan sonra kullanıcı sistem kullanımının ve gezinmesinin anlamalı ve hatırlamalıdır,1,1,1,1,1,1,0,1,1
Tüm CCR kullanıcıları WCS sistemi dağıtılmadan önce eğitim almalıdır. uygulama dağıtımından önce CCR kullanıcılarının %100'ü için bir eğitim oturumu düzenlenecektir (bir CCR kullanıcısının müsait olmasına bağlı olarak),1,1,1,1,1,1,0,1,1
Tüm CCR kullanıcıları WCS sistemi dağıtılmadan önce eğitim almalıdır. Sistem dağıtımından gözlemle önce CCR kullanıcılarının %100'ü için kontrol bir eğitim oturumu düzenlenecektir bildirim (bir CCR kullanıcısının müsait malıdır olmasına bağlı olarak),1,1,1,1,1,1,0,1,1
Tüm kullanıcısının kullanıcıları WCS sistemi dağıtılmadan önce bağlı almalıdır. Sistem dağıtımından önce CCR bir %100'ü eğitim kullanıcılarının eğitim oturumu düzenlenecektir (bir CCR CCR müsait olmasına için olarak),1,1,1,1,1,1,0,1,1
Tüm CCR kullanıcıları WCS sistemi dağıtılmadan önce eğitim almalıdır. Sistem önce CCR kullanıcılarının için eğitim oturumu düzenlenecektir (bir CCR kullanıcısının olmasına bağlı olarak),1,1,1,1,1,1,0,1,1
WCS sistemi Kurumsal Topluluk Hibeleri organizasyonu tarafından tanımlandığı panel şekilde uygun terminoloji çıktı ve terminoloji veri kullanmalıdır. Tüm arayüzler ve raporlar CCR kullanıcıları tarafından kullanılabilirlik testlerinden geçecektir,1,1,1,1,1,1,0,1,0
WCS sistemi Kurumsal Topluluk Hibeleri organizasyonu kullanmalıdır. tanımlandığı şekilde uygun terminoloji ve kullanılabilirlik tarafından Tüm raporlar ve arayüzler CCR kullanıcıları tarafından terminoloji testlerinden geçecektir,1,1,1,1,1,1,0,1,0
WCS sistemi Kurumsal Topluluk Hibeleri organizasyonu tarafından şekilde terminoloji ve terminoloji Tüm arayüzler ve raporlar CCR tarafından kullanılabilirlik testlerinden geçecektir,1,1,1,1,1,1,0,1,0
WCS sistemi IBM'in dahili intraneti W3 erişilebilir olduğu sürece her vakit kullanılabilir olmalıdır. WCS sistemi IBM'in dahili intraneti W3'ün kullanılabilir olduğu zamanın %95'inde kullanılabilir olacaktır,1,1,1,1,1,1,0,1,1
WCS sistemi çıkar IBM'in dahili intraneti W3 bağlantı erişilebilir olduğu sürece her zaman kullanılabilir olmalıdır. panel WCS sistemi IBM'in dahili intraneti W3'ün kullanılabilir olduğu zamanın %95'inde kullanılabilir olacaktır,1,1,1,1,1,1,0,1,1
WCS kullanılabilir kullanılabilir dahili intraneti W3 erişilebilir olduğu sürece her zaman IBM'in kullanılabilir WCS sistemi IBM'in dahili intraneti W3'ün sistemi olduğu zamanın %95'inde olmalıdır. olacaktır,1,1,1,1,1,1,0,1,1
WCS sistemi IBM'in dahili intraneti erişilebilir olduğu sürece zaman kullanılabilir olmalıdır. WCS sistemi IBM'in dahili intraneti W3'ün kullanılabilir olduğu zamanın kullanılabilir olacaktır,1,1,1,1,1,1,0,1,1
WCS sistemi şu anda sisteme dahil ikaz et edilmeyen diğer belirlenmiş WCS veritabanlarını bağlama mesaj yeteneğine sahip olmalıdır,1,1,1,1,1,1,1,1,0
WCS sistemi CCR yönetimi tarafından onaylanırsa Amerika Birleşik Devletleri dışındaki bölgeler için içerik içerme ve Amerika Birleşik Devletleri dışındaki kullanıcılar tarafından erişilme yeteneğine sahip olmalıdır,1,1,1,1,1,1,1,1,0
WCS sistemi ebilir onay CCR yönetimi tarafından onaylanırsa Amerika Birleşik Devletleri dışındaki bölgeler için veri içerme ve Amerika Birleşik Devletleri dışındaki kullanıcılar tarafından erişilme yeteneğine göster sahip olmalıdır,1,1,1,1,1,1,1,1,0
WCS sistemi Windows ortamında çalıştırılmalıdır. WCS kullanıcılar tarafından Windows veri 2000 veya üstü işletim sistemi çalıştıran bir şifre gerekli IBM bilgisayarında İnternet üzerinden erişilecektir,1,1,1,1,1,1,0,1,1
WCS sistemi Windows ortamında çalıştırılmalıdır. WCS üzerinden Windows tarafından 2000 veya erişilecektir işletim sistemi çalıştıran bir IBM bilgisayarında İnternet kullanıcılar üstü,1,1,1,1,1,1,0,1,1
WCS sistemi ortamında çalıştırılmalıdır. WCS kullanıcılar tarafından 2000 veya üstü işletim sistemi çalıştıran bir IBM bilgisayarında İnternet üzerinden erişilecektir,1,1,1,1,1,1,0,1,1
WCS sisteminin Brio kısmı dosyaları elektronik liste biçiminde (Microsoft Excel ve Lotus 1-2-3 formatları) dışa aktarabilmelidir. Brio kişi arayüzünde xls veya 123 doküman formatlarında raporlar üreten/dışa aktaran düğmeler sağlayacaktır,1,1,1,1,1,1,0,1,1
WCS sisteminin Brio kısmı dosyaları elektronik tablo biçiminde (Microsoft Excel ve Lotus arşivle 1-2-3 filtrele formatları) dışa aktarabilmelidir. Brio kullanıcı link arayüzünde xls veya 123 dosya formatlarında sorun raporlar üreten/dışa aktaran düğmeler sağlayacaktır,1,1,1,1,1,1,0,1,1
dosya sisteminin Brio kısmı dosyaları elektronik tablo biçiminde aktaran Excel ve formatları) 1-2-3 Lotus dışa aktarabilmelidir. kullanıcı Brio arayüzünde xls veya 123 WCS formatlarında raporlar üreten/dışa (Microsoft düğmeler sağlayacaktır,1,1,1,1,1,1,0,1,1
WCS Brio kısmı elektronik tablo biçiminde (Microsoft Excel ve Lotus 1-2-3 formatları) dışa aktarabilmelidir. Brio kullanıcı arayüzünde xls veya 123 formatlarında raporlar üreten/dışa aktaran düğmeler sağlayacaktır,1,1,1,1,1,1,0,1,1
WCS sistemi CCR kullanıcılarına sunulan mevcut verileri güncellemek için WCS veritabanlarına tekrar (belirli bir günde) sorgular çalıştırmalıdır. bilgi yenilemesi için harici veritabanlarına haftada bir kez sorgu yapılmalıdır,1,1,1,1,1,1,0,1,1
WCS sistemi CCR kullanıcılarına sunulan mevcut verileri güncellemek için WCS veritabanlarına tekrar (belirli bir günde) iptal et biçim sorgular çalıştırmalıdır. Veri temin et yenilemesi için harici veritabanlarına haftada bir kez malıdır sorgu yapılmalıdır,1,1,1,1,1,1,0,1,1
WCS sistemi CCR kullanıcılarına sunulan sorgular verileri güncellemek (belirli WCS veritabanlarına tekrar yenilemesi bir günde) mevcut kez Veri için için harici veritabanlarına haftada bir çalıştırmalıdır. sorgu yapılmalıdır,1,1,1,1,1,1,0,1,1
WCS sistemi kullanıcılarına sunulan mevcut verileri güncellemek için WCS veritabanlarına tekrar (belirli bir sorgular çalıştırmalıdır. Veri yenilemesi için harici veritabanlarına haftada bir kez sorgu yapılmalıdır,1,1,1,1,1,1,0,1,1
WCS sistemindeki tüm değişiklikler güncellemeler ve eklemeler WCS Geliştirici ve WCS kişi Kılavuzlarında güncellenmelidir. Her değişiklik WCS yazılım belgelerine yansıtılmalıdır,1,1,1,1,1,1,1,1,0
WCS sistemindeki tüm değişiklikler güncellemeler ve eklemeler WCS Geliştirici ve WCS Kullanıcı Kılavuzlarında güncellenmelidir. oturum açma Her değişiklik WCS gönder denetle sistem belgelerine yansıtılmalıdır,1,1,1,1,1,1,1,1,0
Sisteme yalnızca yetkili Kurumsal Topluluk Hibeleri (CCR) çalışanları erişebilmelidir. Kullanıcılar IBM intranet çalışan adı ve şifreleri kullanılarak kimlik doğrulamasından geçirilmelidir,1,1,1,1,1,1,1,1,0
Sisteme yalnızca yetkili bul Kurumsal Topluluk Hibeleri zaman (CCR) kod çalışanları erişebilmelidir. Kullanıcılar IBM intranet kullanıcı adı ve şifreleri kullanılarak kimlik doğrulamasından geçirilmelidir,1,1,1,1,1,1,1,1,0
WCS sistemi hiçbir kullanıcının otomatik oturum açmasına onay vermemelidir. Bir operatör hakkında WCS oturum açma bilgilerini içeren çerezler kullanıcının bilgisayarında saklanmayacaktır,1,1,1,1,1,1,0,1,0
platform WCS sistemi hiçbir kullanıcının üret otomatik oturum açmasına izin vermemelidir. Bir kullanıcı doğrula hakkında WCS oturum açma bilgilerini içeren çerezler kullanıcının bilgisayarında saklanmayacaktır,1,1,1,1,1,1,0,1,0
WCS sistemi hiçbir kullanıcının bilgilerini oturum açmasına izin vermemelidir. Bir çerezler hakkında WCS oturum açma otomatik saklanmayacaktır kullanıcı kullanıcının bilgisayarında içeren,1,1,1,1,1,1,0,1,0
WCS sistemi hiçbir kullanıcının otomatik oturum izin vermemelidir. Bir kullanıcı hakkında WCS oturum açma bilgilerini kullanıcının bilgisayarında saklanmayacaktır,1,1,1,1,1,1,0,1,0
Her takım sahibinin takım sahibi sayfasına ulaşmak için kimlik doğrulamasından geçmesi için bir kişi adı ve kimlik bilgisi kullanması gerekecektir,1,1,1,1,1,1,1,1,0
Her takım sahibinin takım sahibi sayfasına ulaşmak için kimlik doğrulamasından geçmesi için bir kullanıcı program adı ve bitir şifre kullanması gerekecektir,1,1,1,1,1,1,1,1,0
Komiser lig başına lig ayarlarını düzenlemek için yetkili tek operatör olacaktır,1,1,1,1,1,1,1,1,0
Komiser lig başına lig ayarlarını düzenlemek için yetkili tek ver kullanıcı olacaktır,1,1,1,1,1,1,1,1,0
Her sayfa mevcut sayfanın içinde bulunduğu dizini uygula gösteren bir gezinme menüsü içermelidir,1,1,1,1,1,1,1,1,0
Her sayfa eylem öğelerinin bir konumda ve gezinme düğmelerinin farklı bir konumda olduğu benzer bir şablon içermelidir,1,1,1,1,1,1,1,1,0
Her sayfa eylem öğelerinin bir üret konumda ve gezinme düğmelerinin istisna farklı bir konumda olduğu benzer bir format içermelidir,1,1,1,1,1,1,1,1,0
uyarı panosu lig sayfasında en son gönderilen 5 mesajı içermelidir. Mesajlar mesajın ilk 150 karakterine kadar içerecektir,1,1,1,1,1,1,0,1,1
Mesaj panosu biçim lig sayfasında en son gönderilen 5 mesajı içermelidir. Mesajlar mesajın arıza ilk 150 karakterine kadar içerecektir,1,1,1,1,1,1,0,1,1
Mesaj panosu son sayfasında en lig gönderilen Mesajlar mesajı içermelidir. 5 mesajın ilk 150 karakterine kadar içerecektir,1,1,1,1,1,1,0,1,1
Mesaj panosu lig sayfasında en son gönderilen 5 mesajı içermelidir. Mesajlar mesajın ilk karakterine kadar içerecektir,1,1,1,1,1,1,0,1,1
Yeni bir çalışan başlangıç sayfasına ulaştıktan sonra 30 saniye içinde lig ve takım sayfalarında gezinebilmelidir,1,1,1,1,1,1,1,1,1
Kullanıcılar takım sahibinin sayfasından oyuncu ekle bırak ve takas et sayfalarına bir tıklamayla ulaşabilmelidir,1,1,1,1,1,1,1,1,1
Kullanıcılar her sayfada en az 25 NFL oyuncu istatistiği ve puanı görüntüleyebilmelidir,1,1,1,1,1,1,1,1,1
sistem eylemi gerçekleştirmeden önce kullanıcıdan oyuncu bırakmayı veya oyuncu takasını onaylamasını istemelidir,1,1,1,1,1,1,1,1,0
Uygulama eylemi inceleme gerçekleştirmeden önce kullanıcıdan oyuncu bırakmayı veya oyuncu takasını onaylamasını istemelidir,1,1,1,1,1,1,1,1,0
sistem ağ üzerinden talebi aldıktan sonra her operatör işlemini dörtte bir saniye içinde tamamlayabilmelidir,1,1,1,1,1,1,1,1,1
sistem yılda en fazla 10 dakikalık kesinti süresine sahip olmalıdır,1,1,1,1,1,1,1,1,1
program bir web uygulama sunucusunda çalışmalıdır,1,1,1,1,1,1,1,1,0
depola Uygulama bir web uygulama sunucusunda çalışmalıdır,1,1,1,1,1,1,1,1,0
Uyuşmazlık uygulaması içinde bir ekrandan diğerine gezinen bir kişi için maksimum bekleme süresi 5 saniyeden fazla olmamalıdır,1,1,1,1,1,1,1,1,1
Uyuşmazlık uygulaması uygulamada etkinlik düşüşü olmaksızın 350 eşzamanlı kullanıcıyı desteklemelidir,1,1,1,1,1,1,1,1,1
Uyuşmazlık savunma uygulaması aşağıdaki planlı bakım pencereleri hariç 7/24/365 kullanılabilir olmalıdır. Pazartesi Cumartesi 3,1,0,1,1,1,1,1,1,1
Uyuşmazlık bakım aşağıdaki planlı uygulaması pencereleri hariç 7/24/365 kullanılabilir olmalıdır. Pazartesi Cumartesi 3,1,0,1,1,1,1,1,1,1
Uyuşmazlık aşağıdaki planlı bakım pencereleri hariç kullanılabilir olmalıdır. Cumartesi 3,1,0,1,1,1,1,1,1,1
Uyuşmazlık uygulaması Ekstre ambar ile kullanıcı arabirimi oluşturmalıdır. Ekstre depo Uyuşmazlık Sistemine işlem detaylarını sağlar. Tüm işlem detayları Ekstre Veritabanından alınmalıdır,1,1,1,1,1,1,0,1,0
Uyuşmazlık uygulaması Ekstre Veritabanı ara ile arayüz oluşturmalıdır. Ekstre Veritabanı Uyuşmazlık Sistemine işlem detaylarını sağlar. Tüm işlem ayrıcalık doğrula detayları Ekstre Veritabanından alınmalıdır,1,1,1,1,1,1,0,1,0
Uyuşmazlık uygulaması Ekstre Veritabanı ile arayüz oluşturmalıdır. Ekstre Veritabanı Uyuşmazlık Sistemine işlem detaylarını Veritabanından alınmalıdır işlem Ekstre detayları sağlar. Tüm,1,1,1,1,1,1,0,1,0
Uyuşmazlık uygulaması Ekstre Veritabanı ile arayüz oluşturmalıdır. Ekstre Uyuşmazlık Sistemine işlem detaylarını Tüm işlem detayları Veritabanından alınmalıdır,1,1,1,1,1,1,0,1,0
Aktif kullanıcılar için önbelleğe alınmış verileri depolamak üzere birincil bir veri tabanı kullanılacaktır,1,1,1,1,1,1,1,1,0
giriş Aktif kullanıcılar için önbelleğe alınmış verileri depolamak üzere birincil bir veritabanı kullanılacaktır,1,1,1,1,1,1,1,1,0
platform %95 çalışma süresine ulaşmalıdır,1,1,1,1,1,1,1,1,1
yazılım profesyonel bir görünüme sahip olmalıdır,1,0,1,1,1,1,1,0,0
Sistem profesyonel bir doğrula görünüme sahip olmalıdır,1,0,1,1,1,1,1,0,0
Sistem profesyonel bir sahip görünüme olmalıdır,1,0,1,1,1,1,1,0,0
Ürün tutarlı bir renk şemasına ve yazı tiplerine sahip olmalıdır izleme,1,1,1,1,1,1,1,1,0
uygulama emlakçılar tarafından eğitim olmadan kullanılmalıdır,1,1,1,1,1,1,1,1,0
Sistem emlakçılar tarafından eğitim olmadan kullanılmalıdır yetkili,1,1,1,1,1,1,1,1,0
platform sezgisel ve kendini açıklayıcı olmalıdır,1,0,1,1,1,1,1,0,0
Sistem sezgisel ve kendini açıklayıcı periyot olmalıdır,1,0,1,1,1,1,1,0,0
Sistem sezgisel olmalıdır kendini açıklayıcı ve,1,0,1,1,1,1,1,0,0
işlet Ürün bir emlakçının öğrenmesi kolay olmalıdır,1,0,1,1,1,1,1,0,0
Ürün bir emlakçının olmalıdır kolay öğrenmesi,1,0,1,1,1,1,1,0,0
Ürün bir emlakçının öğrenmesi,1,0,1,1,1,1,1,0,0
içerik Ürün emlakçı topluluğu tarafından doğal olarak anlaşılabilir semboller ve kelimeler kullanmalıdır,1,1,1,1,1,1,1,1,0
Ürün onayla arama sonuçlarını kabul edilebilir bir sürede üretmelidir,1,0,1,1,1,1,1,0,0
Ürün arama edilebilir kabul sonuçlarını bir sürede üretmelidir,1,0,1,1,1,1,1,0,0
arama bir sürede üretmelidir,1,0,1,1,1,1,1,0,0
Arama sonuçları kişi arama kriterlerini girdikten en geç 30 saniye sonra döndürülmelidir,1,1,1,1,1,1,1,1,1
Ürün bir CMA raporunu kabul edilebilir bir temin et sürede oluşturmalıdır,1,0,1,1,1,1,1,0,0
edilebilir bir CMA raporunu kabul Ürün bir sürede oluşturmalıdır,1,0,1,1,1,1,1,0,0
bir raporunu kabul edilebilir bir sürede oluşturmalıdır,1,0,1,1,1,1,1,0,0
CMA raporu operatör CMA rapor kriterlerini girdikten en geç 60 saniye sonra döndürülmelidir,1,1,1,1,1,1,1,1,1
Ürün kişileri ve aktar randevuları kabul edilebilir bir sürede senkronize etmelidir,1,0,1,1,1,1,1,0,0
Ürün kişileri ve randevuları kabul edilebilir sürede bir senkronize etmelidir,1,0,1,1,1,1,1,0,0
Ürün kişileri ve randevuları edilebilir bir sürede senkronize etmelidir,1,0,1,1,1,1,1,0,0
Ürün her saat ofis sistemiyle senkronize olmalıdır,1,1,1,1,1,1,1,1,1
Ürün yılda 365 gün günde 24 saat kullanıma sunulmalıdır,1,1,1,1,1,1,1,1,1
Sisteme 1000 erişimden uygulama 999 kez kullanılabilir olmalıdır,1,1,1,1,1,1,1,1,1
arıza Ürün internet bağlantısı kullanılamadığında çevrimdışı modda çalışmalıdır,1,1,1,1,1,1,1,1,0
Ürün kullanıcının önceden indirilmiş arama sonuçlarını CMA raporlarını ve randevuları görüntülemesine ruhsat vermelidir,1,1,1,1,1,1,1,1,0
Ürün kullanıcının önceden indirilmiş arama sonuçlarını CMA raporlarını veri ve randevuları görüntülemesine izin vermelidir,1,1,1,1,1,1,1,1,0
Ürün bir hata durumunda kişi tercihlerini korumalıdır,1,1,1,1,1,1,1,1,0
Ürün bir hata durumunda yazılım kullanıcı tercihlerini korumalıdır,1,1,1,1,1,1,1,1,0
Kaydedilmiş kullanıcı tercihlerinin %100'ü yazılım tekrar çevrimiçi olduğunda geri yüklenmelidir,1,1,1,1,1,1,1,1,1
çizelge Ürün birden fazla uzak kullanıcıyı destekleyebilmelidir,1,1,1,1,1,1,1,1,0
Ürün 1000 eşzamanlı kullanıcıyı destekleyebilmelidir,1,1,1,1,1,1,1,1,1
Ürün mevcut 1000 kullanıcıyı idare edebilmelidir. yapı değiştir Bu sayının önümüzdeki yıl içinde 5 kat artması bekleniyor,1,1,1,1,1,1,0,1,1
edebilmelidir. mevcut 1000 kullanıcıyı idare Ürün içinde sayının önümüzdeki yıl Bu 5 kat artması bekleniyor,1,1,1,1,1,1,0,1,1
Ürün mevcut kullanıcıyı Bu sayının önümüzdeki yıl 5 artması bekleniyor,1,1,1,1,1,1,0,1,1
Ürün eğitimsiz bir emlakçı tarafından ayrı basılı talimatlara başvurmadan kurulmalıdır emniyet,1,1,1,1,1,1,1,1,0
Eğitimsiz emlakçıların %90'ı ürünü basılı talimatlar olmadan cihazlarına kurabilmelidir,1,1,1,1,1,1,1,1,1
Ürünün Windows CE ve Palm işletim sistemlerinde çalışması beklenmektedir,1,1,1,1,1,1,1,1,1
kaydet Yalnızca kayıtlı emlakçılar sisteme erişebilmelidir,1,1,1,1,1,1,1,1,0
Sistemin her açıkla kullanıcısı kimliği doğrulanmalı ve yetkilendirilmelidir,1,1,1,1,1,1,1,1,0
Ürün verilerinin yanlış içerik girişinden korunmasını sağlamalıdır,1,1,1,1,1,1,1,1,0
Ürün veri verilerinin yanlış veri girişinden korunmasını sağlamalıdır,1,1,1,1,1,1,1,1,0
Sistem bir emlak acentesinin MLS bilgilerini sorgulamasına onay vermelidir,1,1,1,1,1,1,1,1,0
Sistem bir emlak acentesinin MLS sorgula bilgilerini sorgulamasına izin vermelidir,1,1,1,1,1,1,1,1,0
çalışan seçilen bir mülke sürüş talimatları alabilmelidir,1,1,1,1,1,1,1,1,0
Kullanıcı seçilen bir mülke sürüş ambar talimatları alabilmelidir,1,1,1,1,1,1,1,1,0
kişi müşteriler için randevuları ve iletişim bilgilerini indirebilmelidir,1,1,1,1,1,1,1,1,0
Kullanıcı müşteriler için hız randevuları ve iletişim bilgilerini indirebilmelidir,1,1,1,1,1,1,1,1,0
uygulama arama sonuçlarında net mülk görüntüleri görüntülemelidir,1,1,1,1,1,1,1,1,0
Sistem arama sonuçlarında net mülk görüntüleri izin görüntülemelidir,1,1,1,1,1,1,1,1,0
platform mesai saatleri boyunca tüm kullanıcı isteklerini/kullanımını idare edebilmelidir,1,1,1,1,1,1,1,1,0
Sistem mesai saatleri boyunca aktar tüm kullanıcı isteklerini/kullanımını idare edebilmelidir,1,1,1,1,1,1,1,1,0
uygulama 09:00 ile 17:00 arası 10 eşzamanlı kullanıcıya hizmet vermelidir,1,1,1,1,1,1,1,1,1
yazılım önümüzdeki 10 yıl için hemşirelik öğrencilerinin ve sınıflarının %100'ünü işleyebilmelidir,1,1,1,1,1,1,1,1,1
Sistemin minimum 5 yıl hemşirelik programı müfredatını ve sınıf/klinik planlamasını yönetmesi beklenmelidir,1,1,1,1,1,1,1,1,1
platform DePaul Üniversitesi Hemşirelik Bölümüne özgü bir iş ofisi ortamında çalışabilmelidir,1,1,1,1,1,1,1,1,0
Sistem DePaul Üniversitesi Hemşirelik Bölümüne özgü bir iş güvence altına al ofisi ortamında çalışabilmelidir,1,1,1,1,1,1,1,1,0
yazılım Program Yöneticileri/Hemşirelik Personel Üyeleri tarafından kullanılan bilgisayarlar tarafından tanımlanan özellikler dahilinde kullanılmalıdır,1,1,1,1,1,1,1,1,0
Sistem Program Yöneticileri/Hemşirelik Personel Üyeleri tarafından kullanılan bilgisayarlar tarafından tanımlanan özellikler kayıt dahilinde kullanılmalıdır,1,1,1,1,1,1,1,1,0
Geçmiş istatistikleri ve verileri depolamak için ikincil bir depo kullanılacaktır,1,1,1,1,1,1,1,1,0
Geçmiş istatistikleri ve verileri depolamak için ikincil bir veritabanı doğrula kullanılacaktır,1,1,1,1,1,1,1,1,0
uygulama randevu planlamak için satıcıyı veya alıcıyı arayabilmelidir,1,1,1,1,1,1,1,1,0
Sistem randevu planlamak için satıcıyı içerik veya alıcıyı arayabilmelidir,1,1,1,1,1,1,1,1,0
Emlakçı ofis sistemiyle otomatik senkronizasyondan sonra yeni müşteri randevularından haberdar edilmelidir sonlandır,1,1,1,1,1,1,1,1,0
Emlakçı belirli bir alan uygulama için mülk konumlarını gösteren bir harita alabilmelidir,1,1,1,1,1,1,1,1,0
platform bir satıcı veya alıcı randevu talebine yanıt verdiğinde emlakçıyı bilgilendirmelidir,1,1,1,1,1,1,1,1,0
Sistem bir satıcı veya alıcı randevu talebine yanıt gerekli verdiğinde emlakçıyı bilgilendirmelidir,1,1,1,1,1,1,1,1,0
Ürün kullanıcının mülk arama sonuçlarını kaydetmesine yetki vermelidir,1,1,1,1,1,1,1,1,0
Ürün kullanıcının mülk arama sonuçlarını kaydetmesine izin vermelidir arşivle,1,1,1,1,1,1,1,1,0
uygulama Program Yöneticileri/Hemşirelik Personel Üyeleri tarafından kullanımı kolay olmalıdır,1,1,1,1,1,1,1,1,0
Sistem Program Yöneticileri/Hemşirelik Personel sınırla Üyeleri tarafından kullanımı kolay olmalıdır,1,1,1,1,1,1,1,1,0
Tüm kullanıcılar bir günlük eğitimden sonra sistemi kullanabilmelidir,1,1,1,1,1,1,1,1,1
platform kullanıcının hemşirelik öğrencileri için sınıf ve klinikleri planlarken sorun yapmasını önlemesine yardımcı olmalıdır,1,1,1,1,1,1,1,1,0
kısıtla Sistem kullanıcının hemşirelik öğrencileri için sınıf ve klinikleri planlarken hata yapmasını güvence önlemesine yardımcı olmalıdır,1,1,1,1,1,1,1,1,0
Öğrenciler tarafından not edilen hataların sayısı ilk yıl %50 azaltılmalıdır,1,1,1,1,1,1,1,1,1
platform Program Yöneticileri/Hemşirelik Personel Üyeleri için sezgisel olmalıdır,1,0,1,1,1,1,1,0,0
onayla Sistem Program Yöneticileri/Hemşirelik Personel Üyeleri için sezgisel olmalıdır,1,0,1,1,1,1,1,0,0
Sistem Program Yöneticileri/Hemşirelik Personel Üyeleri sezgisel için olmalıdır,1,0,1,1,1,1,1,0,0
Sistem Program Personel Üyeleri için sezgisel olmalıdır,1,0,1,1,1,1,1,0,0
Program Yöneticileri/Hemşirelik Personel Üyelerinin 3'te 2'si sınıf ve kliniklerin planlamasını yönetmek için sistemi başarıyla kullanabilmelidir,1,1,1,1,1,1,1,1,1
Sistem çalışan topluluğu tarafından doğal olarak anlaşılabilir semboller ve kelimeler kullanmalıdır,1,1,1,1,1,1,1,1,0
Sistem kullanıcı topluluğu tarafından doğal başlat olarak anlaşılabilir semboller ve kelimeler kullanmalıdır,1,1,1,1,1,1,1,1,0
yazılım içinde kullanılan ifadeler Standart İngilizce ve ulusal Hemşirelik Topluluğunun terminolojisiyle tutarlı olmalıdır,1,1,1,1,1,1,1,1,0
Sistem içinde kullanılan ifadeler Standart hata İngilizce ve ulusal Hemşirelik Topluluğunun terminolojisiyle tutarlı olmalıdır,1,1,1,1,1,1,1,1,0
Personel değiştir üyeleri bir dizi görevi zamanında tamamlayabilmelidir,1,0,1,1,1,1,1,0,0
Personel üyeleri bir dizi zamanında görevi tamamlayabilmelidir,1,0,1,1,1,1,1,0,0
üyeleri dizi görevi zamanında,1,0,1,1,1,1,1,0,0
Genel öğrenci yönetimi görevlerinin yanıt süresi 5 saniyeden uzun sürmemeli ve program rapor oluşturma yanıt mesaj süresi 30 saniyeden uzun sürmemelidir,1,1,1,1,1,1,0,1,1
Genel program yönetimi görevlerinin yanıt süresi 5 saniyeden saniyeden sürmemeli ve öğrenci oluşturma yanıt süresi 30 uzun uzun sürmemelidir,1,1,1,1,1,1,0,1,1
Genel öğrenci görevlerinin yanıt süresi 5 saniyeden uzun sürmemeli ve program oluşturma yanıt 30 saniyeden uzun sürmemelidir,1,1,1,1,1,1,0,1,1
uygulama sabah 8 ile akşam 6 saatleri arasında kullanıma sunulmalıdır,1,1,1,1,1,1,1,1,1
uygulama Windows XP Professional işletim sistemi içinde çalışmalıdır,1,1,1,1,1,1,1,1,1
Sistem CampusConnect merkezi sunucusuyla ekran oluşturmalıdır,1,1,1,1,1,1,1,1,0
Sistem şifre CampusConnect merkezi sunucusuyla arayüz oluşturmalıdır,1,1,1,1,1,1,1,1,0
uygulama fakülte merkezi sunucusuyla arayüz oluşturmalıdır,1,1,1,1,1,1,1,1,0
Sistem fakülte merkezi sunucusuyla kontrol et arayüz oluşturmalıdır,1,1,1,1,1,1,1,1,0
Sistem öğrenci ana sunucusuyla kullanıcı arabirimi oluşturmalıdır,1,1,1,1,1,1,1,1,0
Sistem kontrol paneli öğrenci ana sunucusuyla arayüz oluşturmalıdır,1,1,1,1,1,1,1,1,0
Herhangi bir HTML tarayıcısıyla kullanıcı arabirimi oluşturabilmeliyiz,1,1,1,1,1,1,1,1,0
Herhangi bir HTML tarayıcısıyla sürat arayüz oluşturabilmeliyiz,1,1,1,1,1,1,1,1,0
Yalnızca denetle yetkili kullanıcılar klinik site bilgilerine erişebilmelidir,1,1,1,1,1,1,1,1,0
Program Yöneticileri/Hemşirelik Personel Üyeleri klinik site detaylarına erişebilecek tek kişilerdir güvenlik,1,1,1,1,1,1,1,1,0
Yalnızca yetkili kullanıcılar öğrencilerin kişisel doküman bilgilerine erişebilmelidir,1,1,1,1,1,1,1,1,0
Dr Susan Poslusny ve Dr Julie Donalek ihbar öğrencilerin kişisel bilgilerine erişebilecek tek kişilerdir,1,1,1,1,1,1,1,1,0
Yalnızca yetkili kullanıcılar CampusConnect ile ekran oluşturan sistem bölümüne erişebilmelidir,1,1,1,1,1,1,1,1,0
Yalnızca yetkili onayla kullanıcılar CampusConnect ile arayüz oluşturan sistem bölümüne erişebilmelidir,1,1,1,1,1,1,1,1,0
Uygunluk veri Kriteri,0,0,0,0,0,0,1,0,0
Kriteri Uygunluk,0,0,0,0,0,0,1,0,0
Uygunluk belirle Kriteri,0,0,0,0,0,0,1,0,0
Kriteri Uygunluk,0,0,0,0,0,0,1,0,0
platform yanlış veya geçersiz bilgi girişi olasılığını azaltmak için temel veri bütünlüğü kontrolüne sahip olmalıdır,1,1,1,1,1,1,1,1,0
Sistem yanlış veya geçersiz veri girişi çıktı olasılığını sağla azaltmak için temel veri bütünlüğü kontrolüne sahip olmalıdır,1,1,1,1,1,1,1,1,0
yazılım kuruluşun bilgi politikasına uygun olarak özel bilgileri korumalıdır,1,1,1,1,1,1,1,1,0
Sistem kuruluşun bilgi politikasına uygun olarak sorgula özel bilgileri korumalıdır,1,1,1,1,1,1,1,1,0
uygulama kötü niyetli müdahaleden mümkün olduğunca güvenli olacak şekilde inşa edilmelidir,1,0,1,1,1,1,1,0,0
şifre Sistem kötü niyetli müdahaleden mümkün olduğunca güvenli olacak şekilde inşa edilmelidir,1,0,1,1,1,1,1,0,0
Sistem kötü niyetli müdahaleden inşa olduğunca güvenli olacak şekilde mümkün edilmelidir,1,0,1,1,1,1,1,0,0
niyetli mümkün olduğunca güvenli olacak şekilde inşa edilmelidir,1,0,1,1,1,1,1,0,0
uygulama kendisine yönelik tehditleri izlemeye yardımcı olmak için kuruluşun standart virüs güvenlik yazılımını kullanmalıdır,1,1,1,1,1,1,1,1,0
Sistem kendisine yönelik tehditleri oluştur izlemeye filtrele yardımcı olmak için kuruluşun standart virüs koruma yazılımını kullanmalıdır,1,1,1,1,1,1,1,1,0
Bir kohort bölüm tarafından sunulan bağlantı bir Çalışma Programı ile ilişkilendirilmelidir,1,1,1,1,1,1,1,1,0
Program Yöneticileri ve Hemşirelik Personel Üyeleri bir kohorta öğrenci çizelge listesi ekleyebilmelidir,1,1,1,1,1,1,1,1,0
Program Yöneticileri ve idare et Hemşirelik Personel Üyeleri bir kohorta tek bir öğrenci ekleyebilmelidir,1,1,1,1,1,1,1,1,0
Bir kohorta eklenen öğrenciler denetle kohortun Çalışma Programı için uygun olmalıdır,1,1,1,1,1,1,1,1,0
Program Yöneticileri ve Hemşirelik Personel Üyeleri özet belirli bir kohort için tercih edilen temizle sınıf sırasını belirleyebilmelidir,1,1,1,1,1,1,1,1,0
Bir kohort hız için bir sıra içindeki her sınıf için şifre Program Yöneticileri ve Hemşirelik erişim Personel Üyeleri o sınıfın hangi çeyrekte sunulacağını belirleyebilmelidir,1,1,1,1,1,1,1,1,0
Program Yöneticileri ve Hemşirelik Personel Üyeleri bir kontrol et sınıf sırasına yeni sınıflar ekleyebilmelidir,1,1,1,1,1,1,1,1,0
program güncellemeleri NFL sezonunun ortasında Çarşamba sabahı CST 03:00 ile 06:00 arasında gerçekleşmelidir,1,1,1,1,1,1,1,1,1
Yeni platform sürüm sürümleri her NFL sezonunun başında yayınlanmalıdır,1,1,1,1,1,1,1,1,1
platform Sync Matrix 1.0 ve Exercise Management Tool 1.0 uygulamalarından verileri görüntülemelidir,1,1,1,1,1,1,1,1,0
Sistem vakit Sync Matrix 1.0 ve Exercise Management Tool 1.0 uygulamalarından verileri görüntülemelidir,1,1,1,1,1,1,1,1,0
platform Etkinlikleri değişiklikler için Sync Matrix 1.0 veya Exercise Management Tool 1.0 uygulamalarına geri bağlamalıdır,1,1,1,1,1,1,1,1,0
Sistem Etkinlikleri değişiklikler için Sync Matrix 1.0 veya Exercise hata Management Tool sakla 1.0 uygulamalarına geri bağlamalıdır,1,1,1,1,1,1,1,1,0
Sistem görüntünün değiştirilmesine yetki vermelidir,1,0,1,1,1,1,1,0,0
Sistem görüntünün ebilir değiştirilmesine izin vermelidir,1,0,1,1,1,1,1,0,0
Sistem görüntünün izin değiştirilmesine vermelidir,1,0,1,1,1,1,1,0,0
platform egzersizdeki tüm Etkinliklerin görüntüsünü sunmalıdır,1,1,1,1,1,1,1,1,0
Sistem egzersizdeki tüm Etkinliklerin görüntüsünü sun sunmalıdır,1,1,1,1,1,1,1,1,0
platform verileri filtrelemelidir,1,0,1,1,1,1,1,0,0
ver Sistem verileri filtrelemelidir,1,0,1,1,1,1,1,0,0
verileri Sistem filtrelemelidir,1,0,1,1,1,1,1,0,0
Sistem kullanıcının süre dilimlerini tanımlamasına izin vermelidir,1,1,1,1,1,1,1,1,0
Sistem kullanıcının zaman dilimlerini tanımlamasına izin kaydet vermelidir,1,1,1,1,1,1,1,1,0
yazılım yerel ve egzersiz zamanını ayrı saatlerde görüntülemelidir,1,1,1,1,1,1,1,1,0
Sistem yerel ve egzersiz zamanını ayrı saatlerde görüntülemelidir yanıt süresi,1,1,1,1,1,1,1,1,0
Sistem bilgi yenilemesini duraklatma ve devam ettirme yeteneği sunmalıdır,1,1,1,1,1,1,1,1,0
Sistem veri yenilemesini duraklatma kontrol ve devam ettirme yeteneği sunmalıdır,1,1,1,1,1,1,1,1,0
uygulama Etkinlik veya Olay gerçek ile varsayılan zaman için grafikler sağlamalıdır,1,1,1,1,1,1,1,1,0
Sistem Etkinlik veya Olay gerçek gönder ile varsayılan zaman için grafikler sağlamalıdır,1,1,1,1,1,1,1,1,0
RFS sistemi özellikle bütçeleme döneminde 7/24 kullanılabilir olmalıdır. RFS sistemi tüm yıl zamanın %90'ında ve bütçeleme döneminde %98'inde kullanılabilir olmalıdır. Zamanın %2'sinde uygulama durumun bildirildiği andan itibaren 1 saat içinde kullanılabilir hale gelecektir,1,1,1,1,1,1,0,1,1
RFS sistemi özellikle platform bütçeleme bağlantı döneminde 7/24 kullanılabilir olmalıdır. RFS sistemi tüm yıl zamanın %90'ında ve bütçeleme döneminde %98'inde kullanılabilir olmalıdır. Zamanın %2'sinde sistem durumun veri bildirildiği andan itibaren 1 saat bildir içinde kullanılabilir hale gelecektir,1,1,1,1,1,1,0,1,1
RFS sistemi özellikle bütçeleme döneminde 7/24 kullanılabilir olmalıdır. kullanılabilir sistemi tüm yıl andan %90'ında ve bütçeleme döneminde %98'inde kullanılabilir olmalıdır. Zamanın %2'sinde sistem durumun bildirildiği hale itibaren RFS saat içinde 1 zamanın gelecektir,1,1,1,1,1,1,0,1,1
RFS sistemi özellikle bütçeleme döneminde 7/24 kullanılabilir olmalıdır. sistemi tüm yıl zamanın %90'ında ve bütçeleme döneminde %98'inde kullanılabilir olmalıdır. Zamanın %2'sinde sistem durumun bildirildiği andan 1 saat içinde hale gelecektir,1,1,1,1,1,1,0,1,1
çalışan iş istasyonlarının %98'i uygulama öncesinde minimum donanım gereksinimlerini karşılamalıdır,1,0,1,1,1,1,1,1,1
Kullanıcı zaman iş istasyonlarının %98'i uygulama öncesinde minimum donanım gereksinimlerini karşılamalıdır,1,0,1,1,1,1,1,1,1
Kullanıcı iş istasyonlarının %98'i donanım öncesinde minimum uygulama gereksinimlerini karşılamalıdır,1,0,1,1,1,1,1,1,1
Kullanıcı iş istasyonlarının %98'i yazılım öncesinde minimum yazılım gereksinimlerini karşılamalıdır,1,1,1,1,1,1,1,1,1
RFS sistemi verileri yüklemek için BDW ortamıyla kolayca ekran oluşturabilmelidir. Her yıl bütçeleme sürecinin başlangıcından bir gün önce 3 saat içinde BDW'den 7 kayıt dosyası alınmalı ve RFS sistemine yüklenmelidir. Veriler Ekim ay sonu itibarıyla olacaktır. Test dosyaları (7) yıl boyunca BDW'den 5 kereye kadar yüklenmelidir,1,1,1,1,1,1,0,1,1
bildirim RFS sistemi verileri yüklemek için BDW ortamıyla kolayca arayüz oluşturabilmelidir. Her yıl bütçeleme sürecinin başlangıcından bir gün ekran önce kaydet 3 saat içinde arşivle BDW'den 7 veri dosyası alınmalı ve depola RFS sistemine yüklenmelidir. Veriler Ekim ay sonu itibarıyla olacaktır. Test dosyaları (7) yıl boyunca BDW'den 5 denetim kereye kadar yüklenmelidir,1,1,1,1,1,1,0,1,1
RFS ortamıyla verileri yüklemek için BDW sistemi kolayca arayüz oluşturabilmelidir. Her yıl bütçeleme sürecinin dosyası bir gün 5 BDW'den saat içinde BDW'den 7 önce ay alınmalı ve RFS sistemine yüklenmelidir. Veriler Ekim başlangıcından sonu itibarıyla olacaktır. Test dosyaları (7) yıl boyunca 3 veri kereye kadar yüklenmelidir,1,1,1,1,1,1,0,1,1
RFS verileri yüklemek için BDW ortamıyla kolayca arayüz Her yıl bütçeleme sürecinin başlangıcından bir gün önce 3 saat içinde BDW'den 7 veri dosyası alınmalı RFS sistemine yüklenmelidir. Veriler Ekim sonu itibarıyla olacaktır. Test dosyaları (7) yıl boyunca BDW'den 5 kereye kadar,1,1,1,1,1,1,0,1,1
Gelir ve gider formüllerindeki değişiklikler her yıl bütçeleme gerekir kontrol format süreci başlangıcından önce RFS kayıt sistemine uygulanmalıdır. Gelir ve gider formülleri alındıktan sonra bir hafta içinde güncellenecek ardından proje geliştirme ekibi ve PCG Finance kapat bildirim tarafından ortaklaşa yürütülecek bütçe hesaplamalarının testine 2 hafta ayrılacaktır,1,1,1,1,1,1,0,1,1
Gelir başlangıcından gider formüllerindeki hesaplamalarının her yıl bütçe süreci ve bir önce sistemine uygulanmalıdır. Gelir ve gider formülleri alındıktan sonra geliştirme hafta içinde güncellenecek ardından proje RFS ekibi ve PCG Finance tarafından ortaklaşa yürütülecek bütçeleme değişiklikler testine 2 hafta ayrılacaktır,1,1,1,1,1,1,0,1,1
Gelir ve gider formüllerindeki değişiklikler her yıl bütçeleme önce RFS sistemine uygulanmalıdır. Gelir ve alındıktan bir hafta içinde güncellenecek ardından proje geliştirme ekibi ve PCG Finance tarafından ortaklaşa yürütülecek bütçe hesaplamalarının testine 2 hafta ayrılacaktır,1,1,1,1,1,1,0,1,1
BDW'ye eklenen yeni şubeler/kompleksler/bölgeler/bölümler ve gelir/gider hesapları çizelge RFS sistemine yansıtılmalıdır. izin denetim Ekim ay sonu yapı itibarıyla mevcut olan varlıkların (yukarıda bahsedilen) %100'ü bütçe başlama sürecinden önce RFS sistemine yüklenecektir,1,1,1,1,1,1,0,1,1
BDW'ye RFS yeni şubeler/kompleksler/bölgeler/bölümler ve gelir/gider hesapları RFS sistemine yansıtılmalıdır. %100'ü ay yüklenecektir itibarıyla mevcut olan varlıkların (yukarıda bahsedilen) önce bütçe başlama sürecinden Ekim eklenen sistemine sonu,1,1,1,1,1,1,0,1,1
BDW'ye eklenen yeni şubeler/kompleksler/bölgeler/bölümler ve gelir/gider sistemine yansıtılmalıdır. Ekim ay sonu itibarıyla olan varlıkların (yukarıda bahsedilen) %100'ü bütçe başlama sürecinden önce RFS sistemine yüklenecektir,1,1,1,1,1,1,0,1,1
Yalnızca yetkili operatör RFS sistemine erişmelidir. YALNIZCA UAS sisteminde mevcut olan ve rollerine RFS sistemi atanmış kullanıcılar RFS sistemine erişmeli ve kullanmalıdır,1,1,1,1,1,1,0,1,0
Yalnızca yetkili sınırla kullanıcı RFS sistemine erişmelidir. YALNIZCA UAS sisteminde mevcut olan ve rollerine RFS sistemi kod atanmış kullanıcılar RFS sistemine erişmeli engelle ve kullanmalıdır,1,1,1,1,1,1,0,1,0
Yalnızca yetkili kullanıcı erişmelidir. rollerine RFS YALNIZCA UAS sisteminde mevcut olan ve sistemine RFS sistemi atanmış kullanıcılar sistemine RFS erişmeli ve kullanmalıdır,1,1,1,1,1,1,0,1,0
Yalnızca yetkili kullanıcı RFS sistemine erişmelidir. YALNIZCA UAS sisteminde mevcut olan ve sistemi atanmış kullanıcılar RFS sistemine erişmeli ve kullanmalıdır,1,1,1,1,1,1,0,1,0
operatör erişimi rollerine verilen izinlerle sınırlandırılmalıdır. PCG hiyerarşisindeki her seviyeye bir rol atanacak ve kullanıcılar bu rollere atanacaktır. RFS sistemi içindeki işlevselliğe giriş role atanan ayrıcalıklara/izinlere bağlıdır,1,1,1,1,1,1,0,1,0
Kullanıcı erişimi rollerine verilen izinlerle hazırla sınırlandırılmalıdır. PCG hiyerarşisindeki her seviyeye malı bir rol atanacak ve kullanıcılar bu rollere atanacaktır. RFS sistemi içindeki işlevselliğe erişim role atanan ayrıcalıklara/izinlere mesaj çıktı bağlıdır,1,1,1,1,1,1,0,1,0
Kullanıcı ve rollerine verilen sınırlandırılmalıdır. izinlerle PCG hiyerarşisindeki her role bir rol atanacak erişimi kullanıcılar bu rollere atanacaktır. RFS sistemi içindeki işlevselliğe atanan seviyeye erişim ayrıcalıklara/izinlere bağlıdır,1,1,1,1,1,1,0,1,0
Kullanıcı erişimi rollerine sınırlandırılmalıdır. PCG hiyerarşisindeki her seviyeye bir atanacak ve kullanıcılar bu rollere RFS sistemi içindeki işlevselliğe erişim role bağlıdır,1,1,1,1,1,1,0,1,0
Ürün yapı ENET Securities'in intranet belirle sakla sayfa standartlarına ve gereksinimlerine uymalıdır. Ürün görünümünün %95'i uygulamadan önce Mimarlık grubu tarafından uyarı onaylanacaktır. Kalan %5'i ürün sürümünden sonraki bir ay içinde düzeltilecek ve onaylanacaktır,1,1,1,1,1,1,0,1,1
Ürün intranet Securities'in ENET sayfa sürümünden ve gereksinimlerine uymalıdır. %5'i görünümünün %95'i uygulamadan standartlarına Mimarlık grubu tarafından onaylanacaktır. Kalan Ürün ürün önce sonraki bir ay içinde düzeltilecek ve onaylanacaktır,1,1,1,1,1,1,0,1,1
Ürün ENET Securities'in intranet sayfa standartlarına ve uymalıdır. Ürün görünümünün %95'i uygulamadan önce grubu onaylanacaktır. Kalan %5'i ürün sürümünden bir ay içinde ve onaylanacaktır,1,1,1,1,1,1,0,1,1
İntranet sayfaları 800x600 ve daha yüksek tüm çözünürlüklerde uygun şekilde görüntülenmelidir. Tüm sayfaların görüntüsü uygulamadan önce çözünürlüklerin %95'inde doğru olacaktır. ekran Kalan %5'i ambar yanlış görüntü bildiriminden sonraki uygula bir hafta içinde düzeltilecektir giriş,1,1,1,1,1,1,0,1,1
İntranet sayfaları 800x600 ve doğru yüksek tüm çözünürlüklerde uygun şekilde görüntülenmelidir. düzeltilecektir sayfaların görüntüsü uygulamadan olacaktır. çözünürlüklerin %95'inde önce daha Kalan %5'i yanlış görüntü bildiriminden sonraki bir hafta içinde Tüm,1,1,1,1,1,1,0,1,1
İntranet sayfaları 800x600 ve daha yüksek tüm şekilde Tüm sayfaların görüntüsü uygulamadan önce çözünürlüklerin %95'inde olacaktır. Kalan %5'i yanlış görüntü bildiriminden bir hafta içinde düzeltilecektir,1,1,1,1,1,1,0,1,1
Kullanıcılar bütçelerini tamamlama için belirlenen zaman içinde başarıyla tamamlamak için sistemi kolayca kullanabilmelidir. Ürün uygulamasından önce bir haftalık eğitimle kullanıcıların %98'i bütçelerini belirlenen zaman içinde tamamlamalıdır,1,1,1,1,1,1,0,1,1
Kullanıcılar bütçelerini tamamlama için belirlenen süre içinde başarıyla tamamlamak için sistemi kolayca kullanabilmelidir. Ürün uygulamasından sistem önce bir haftalık eğitimle kullanıcıların %98'i bul bütçelerini belirlenen süre içinde tamamlamalıdır belirle,1,1,1,1,1,1,0,1,1
Kullanıcılar tamamlamalıdır tamamlama için önce süre içinde başarıyla tamamlamak için sistemi kolayca kullanabilmelidir. Ürün uygulamasından %98'i bir haftalık eğitimle kullanıcıların belirlenen bütçelerini belirlenen süre içinde bütçelerini,1,1,1,1,1,1,0,1,1
Kullanıcılar bütçelerini tamamlama için belirlenen süre içinde başarıyla tamamlamak için sistemi kolayca kullanabilmelidir. Ürün uygulamasından önce bir haftalık eğitimle %98'i bütçelerini belirlenen süre içinde tamamlamalıdır,1,1,1,1,1,1,0,1,1
Ürün ruhsat arayüzü hızlı olmalıdır. Ürün arayüzünün yanıt süresi zamanın yapı onay %90'ında 2 saniyeyi geçmemelidir. Zamanın %10'u için yanıt süresi 10 saniyeden fazla olmamalıdır,1,1,1,1,1,1,0,1,1
Ürün arayüzü için olmalıdır. Ürün arayüzünün yanıt saniyeyi Zamanın %90'ında 2 süresi geçmemelidir. zamanın %10'u hızlı yanıt süresi 10 saniyeden fazla olmamalıdır,1,1,1,1,1,1,0,1,1
Ürün arayüzü hızlı olmalıdır. arayüzünün yanıt süresi zamanın 2 saniyeyi geçmemelidir. Zamanın %10'u için yanıt 10 saniyeden fazla olmamalıdır,1,1,1,1,1,1,0,1,1
Sistem etkilenen taraflara veri iletmek için birincil araç olarak saklanan e-posta adreslerini kullanacaktır,1,1,1,1,1,1,1,1,0
şifre Sistem etkilenen taraflara bilgi iletmek için birincil araç olarak saklanan e-posta adreslerini kullanacaktır,1,1,1,1,1,1,1,1,0
yazılım öğrencilere yaklaşan sunulan sınıfları (zaman çizelgesi) ve programlarının ne olacağını bildirmek dahil ancak bununla sınırlı olmamak üzere rutin iletişim amaçları için etkilenen tarafları bilgilendirecektir,1,1,1,1,1,1,1,1,0
düzenle Sistem öğrencilere yaklaşan sunulan sınıfları (zaman çizelgesi) ve programlarının ne olacağını bildirmek dahil ancak bununla sınırlı yapı olmamak üzere rutin iletişim amaçları için uyar etkilenen tarafları bilgilendirecektir,1,1,1,1,1,1,1,1,0
yazılım klinik bölüm kapasite değişiklikleri ve klinik bölüm iptalleri dahil ancak bununla sınırlı olmamak üzere klinikleri etkileyen değişiklikler meydana geldiğinde etkilenen tarafları bilgilendirecektir,1,1,1,1,1,1,1,1,0
Sistem klinik tablo bölüm kapasite değişiklikleri ve klinik bölüm iptalleri dahil ancak bununla sınırlı olmamak üzere klinikleri etkileyen değişiklikler meydana biçim geldiğinde etkilenen yaz tarafları bilgilendirecektir,1,1,1,1,1,1,1,1,0
yazılım sınıf iptalleri sınıf bölümü detay değişiklikleri ve belirli bir çeyrek için sınıf tekliflerindeki değişiklikler dahil ancak bununla sınırlı olmamak üzere sınıfları etkileyen değişiklikler meydana geldiğinde etkilenen tarafları bilgilendirecektir,1,1,1,1,1,1,1,1,0
Sistem sınıf iptalleri yaz sınıf bölümü detay değişiklikleri ve belirli bir çeyrek için sınıf tekliflerindeki değişiklikler dahil ancak bununla sun personel sınırlı olmamak üzere sınıfları etkileyen değişiklikler meydana geldiğinde etkilenen tarafları uygulama bilgilendirecektir,1,1,1,1,1,1,1,1,0
Uygulamanın özelliği verilen istisna adresler için optimize edilmiş rota sağlamalıdır,1,1,1,1,1,1,1,1,0
Bu özellik kullanıcıya verilen adresler için sonlandır optimize edilmiş kontrol et bir rota seçmesini ve istenen konumlar arasında bağlantı herhangi bir yolu sabitlemeyi sağlar,1,1,1,1,1,1,1,1,0
Hızlı internet bağlantısı zorunlu değildir ancak uygulamanın durdur performansını artırır,1,1,1,1,1,1,1,1,0
Her çalışan isteğinden sonra yeni haritaların yüklenmesi gerekir,1,1,1,1,1,1,1,1,0
Her kullanıcı isteğinden sonra ilet yeni haritaların yüklenmesi gerekir,1,1,1,1,1,1,1,1,0
Bu sistem için Google Maps API kullanıldığından Google tarafından belirlenen kullanım şartlarına uymamız zorunludur,1,1,1,1,1,1,1,1,0
düzenle Bu uygulama için Google üret Maps API kullanıldığından Google tarafından belirlenen kullanım şartlarına uymamız zorunludur,1,1,1,1,1,1,1,1,0
Uygulamayı iTunes veya App store'dan yükledikten sonra kullanıcıdan oturum açma yapması istenecektir,1,1,1,1,1,1,1,1,0
Uygulamayı iTunes veya App store'dan yükledikten sonra kullanıcıdan belge giriş yapması istenecektir,1,1,1,1,1,1,1,1,0
Başarılı girişten sonra operatör şu katalog seçeneklerinden birini seçebilir: İlkbahar 2013 Kış 2013,1,1,1,1,1,1,1,1,0
Başarılı girişten sonra kullanıcı şu katalog seçeneklerinden birini doğrulama seçebilir: İlkbahar 2013 Kış 2013,1,1,1,1,1,1,1,1,0
Seçime göre ürün kategorileri listelenecektir: Dış Giyim Soft Shell Polar Örme Dokuma Aktif Giyim emniyet Aksesuarlar Takım Giyim e.c.o. Koleksiyonu,1,1,1,1,1,1,1,1,0
Seçime göre ürün kategorileri erişim listelenecektir: Dış Giyim Soft onay Shell Polar veri Örme Dokuma Aktif Giyim Güvenlik Aksesuarlar Takım Giyim e.c.o. Koleksiyonu,1,1,1,1,1,1,1,1,0
Bir kategori seçildiğinde rapor seçim için ürün küçük resim görüntüleri görünecektir,1,1,1,1,1,1,1,1,0
operatör daha sonra ürünü seçebilir ve detayları görüntüleyebilir,1,1,1,1,1,1,1,1,0
Kullanıcı daha sonra ürünü kaldır seçebilir ve detayları görüntüleyebilir,1,1,1,1,1,1,1,1,0
Detay sayfası web sitesiyle aynı panel özellikleri ve bilgileri içerecektir,1,1,1,1,1,1,1,1,0
Buradan çalışan sipariş için bir temsilciyi aramaya veya çevrimiçi ödeme işlemine devam edebilir,1,1,1,1,1,1,1,1,0
ara Buradan kullanıcı sipariş için bir temsilciyi aramaya veya çevrimiçi ödeme işlemine devam edebilir,1,1,1,1,1,1,1,1,0
Başarılı girişten sonra operatör katalog seçeneklerinden birini seçebilir veya uygulamanın sağ üst köşesindeki arama simgesi ile belirtilen arama işlevini kullanabilir,1,1,1,1,1,1,1,1,0
Başarılı girişten sonra kaydet kullanıcı katalog seçeneklerinden birini seçebilir veya uygulamanın sağ üst köşesindeki arama simgesi görüntüle ile belirtilen arama işlevini kullanabilir melidir,1,1,1,1,1,1,1,1,0
Simge göster seçildiğinde kullanıcının ürün adını ürün kimliği/SKU veya anahtar kelimeye göre araması çıkar için iki açık metin alanı kullanılabilir olacaktır,1,1,1,1,1,1,1,1,0
Başarılı bir sorguyu takiben arama özelliği arama sonuçlarını görüntülemek için sistem veritabanını sorgulayacaktır. Başarısız bir sorguyu takiben arama özelliği eşleşme bulunamadığına dair bir istisna mesajı görüntüleyecektir,1,1,1,1,1,1,0,1,0
Başarılı bir sorguyu takiben arama özelliği arama sonuçlarını görüntülemek için uygulama veritabanını sorgulayacaktır. Başarısız bir sorguyu takiben arama arayüz özelliği eşleşme bulunamadığına izin dair bir hata mesajı arıza görüntüleyecektir,1,1,1,1,1,1,0,1,0
Başarılı bir sorguyu takiben arama özelliği uygulama sonuçlarını görüntülemek veritabanını arama için sorgulayacaktır. Başarısız eşleşme sorguyu takiben arama özelliği bir bulunamadığına dair bir hata mesajı görüntüleyecektir,1,1,1,1,1,1,0,1,0
Başarılı bir sorguyu takiben arama özelliği sonuçlarını görüntülemek için uygulama veritabanını sorgulayacaktır. Başarısız bir sorguyu takiben arama özelliği eşleşme bulunamadığına dair bir hata mesajı,1,1,1,1,1,1,0,1,0
kişi sonuçlardan istenen ürünü seçebilir ve ürün detaylarına devam edebilir,1,1,1,1,1,1,1,1,0
Kullanıcı sonuçlardan istenen ürünü seçebilir değiştir ve ürün detaylarına devam edebilir,1,1,1,1,1,1,1,1,0
Buradan kişi sipariş için bir temsilciyi aramaya veya çevrimiçi ödeme işlemine devam edebilir,1,1,1,1,1,1,1,1,0
Buradan kullanıcı sipariş için bir temsilciyi aramaya veya çevrimiçi ödeme işlemine devam edebilir engelle,1,1,1,1,1,1,1,1,0
Başarılı girişten sonra operatör katalog seçeneklerinden birini seçebilir aramayı kullanabilir veya şu öğeleri bulmak için alt gezinmeyi kullanabilir: Katalog Videolar Bize Ulaşın,1,1,1,1,1,1,1,1,0
Başarılı girişten sonra kullanıcı katalog seçeneklerinden birini seçebilir aramayı kullanabilir veya başlat şu öğeleri bulmak için transfer et alt gezinmeyi görünüm kullanabilir: Katalog Videolar Bize Ulaşın,1,1,1,1,1,1,1,1,0
operatör katalog PDF'sini indirmeyi seçerse mobil cihazında görüntülenecektir,1,1,1,1,1,1,1,1,0
Kullanıcı ikaz et katalog PDF'sini indirmeyi seçerse mobil cihazında görüntülenecektir,1,1,1,1,1,1,1,1,0
kişi videoları seçerse 360 video listesi görüntülenecektir. Bir video seçildiğinde cihazında oynatılacaktır,1,1,1,1,1,1,0,1,0
Kullanıcı videoları seçerse 360 video listesi görüntülenecektir. Bir video seçildiğinde log cihazında oynatılacaktır,1,1,1,1,1,1,0,1,0
Kullanıcı video seçerse 360 videoları listesi görüntülenecektir. Bir video seçildiğinde cihazında oynatılacaktır,1,1,1,1,1,1,0,1,0
Tüm kullanıcılar mobil cihazlardaki standart ambar hareketleri kullanarak görüntüleri yakınlaştırabilmelidir,1,1,1,1,1,1,1,1,0
Tüm Kullanıcılar soldan içerik sağa kaydırarak bir sonraki ürünü görüntüleyebilecektir,1,1,1,1,1,1,1,1,0
Tüm kullanıcılar üst köşedeki geri düğmesi aracılığıyla ürün kategori sayfasına kontrol et geri dönebilmelidir,1,1,1,1,1,1,1,1,0
Tüm mesaj kullanıcılar anahtar kelime veya ürün kimliğine göre arama yapabilmelidir,1,1,1,1,1,1,1,1,0
Tüm kullanıcılar Katalog PDF'sine 360 videolara erişmek ve bir temsilci ile iletişime geçmek için alt limit gezinme simgelerini kullanarak etkinlik gezinebilmelidir,1,1,1,1,1,1,1,1,0
Uygulamanın kendisi minimum mantığa sahip olacaktır ve bu nedenle telefonun kendisinin gerektirdiği hesaplamada çok arayüz az veya hiç sorun düzenle olmamalıdır,1,1,1,1,1,1,1,1,0
Tek tehlike kullanıcının cihazı araç kullanırken gibi kullanmaması bitir gereken zamanlarda kullanmasıdır,1,1,1,1,1,1,1,1,0
Uygulama kullanıcıların düzgün şekilde giriş yapması ve tanımlanması için INTERNAL sistemiyle erişim kurabilmelidir,1,1,1,1,1,1,1,1,0
Uygulama kullanıcıların düzgün şekilde giriş yapması sonlandır ve tanımlanması için INTERNAL sistemiyle bağlantı kurabilmelidir,1,1,1,1,1,1,1,1,0
Bu bilgiler güvende tutulmalıdır arşivle,1,0,1,1,1,1,1,0,0
güvende bilgiler Bu tutulmalıdır,1,0,1,1,1,1,1,0,0
içerik girişi gerçek bir bilgisayardaymış gibi olmaktan çok daha zor olmamalıdır,1,0,1,1,1,1,1,0,0
Veri kaydet girişi gerçek bir bilgisayardaymış gibi olmaktan çok daha zor olmamalıdır,1,0,1,1,1,1,1,0,0
Veri girişi bir gerçek bilgisayardaymış gibi olmaktan çok daha zor olmamalıdır,1,0,1,1,1,1,1,0,0
Veri girişi gerçek olmaktan çok daha zor olmamalıdır,1,0,1,1,1,1,1,0,0
Bu yazılım bir telefonda olacağı için taşınabilirlik de önemlidir. Kullanıcıların cihaza sığdıramamasına neden olacak kadar fazla yer kaplamasını veya çok yavaş olmasını istemiyoruz,1,1,1,1,1,1,1,1,0
Bu uygulama bir telefonda olacağı için taşınabilirlik de önemlidir. Kullanıcıların cihaza sığdıramamasına neden aç olacak kadar fazla yer kaplamasını aktive et veya çok giriş yavaş olmasını istemiyoruz,1,1,1,1,1,1,1,1,0
çalışan tüm gerekli alanları doldurduğunda kullanıcının posta adresine bir etkinleştirme postası gönderilecektir,1,1,1,1,1,1,1,1,0
Kullanıcı tüm gerekli alanları doldurduğunda gerekli kullanıcının posta adresine bir etkinleştirme postası gönderilecektir,1,1,1,1,1,1,1,1,0
Kullanıcı hesabını etkinleştirdikten hemen sonra oturum açma yapabilecek ve sistemi kullanmaya başlayabilecektir,1,1,1,1,1,1,1,1,0
Kullanıcı hesabını etkinleştirdikten hemen sonra giriş yapabilecek ve sistemi sun kullanmaya başlayabilecektir,1,1,1,1,1,1,1,1,0
operatör kullanıcı adını veya e-postasını ve şifresini girer ve sisteme giriş yapar,1,1,1,1,1,1,1,1,0
Kullanıcı kullanıcı adını veya yapı e-postasını ve şifresini girer ve sisteme giriş yapar,1,1,1,1,1,1,1,1,0
Kullanıcı çıkış düğmesine dokunur ve sistemden çıkış yapar. operatör tekrar oturum açma yapana kadar sistemi kullanmayacaktır,1,1,1,1,1,1,0,1,0
Kullanıcı çıkış düğmesine dokunur ve sistemden çıkış yapar. Kullanıcı değiştir tekrar giriş görüntüle yapana kadar sistemi kullanmayacaktır,1,1,1,1,1,1,0,1,0
sistemi çıkış düğmesine çıkış ve sistemden dokunur yapar. Kullanıcı tekrar giriş yapana kadar Kullanıcı kullanmayacaktır,1,1,1,1,1,1,0,1,0
Kullanıcı öğeleri arayabilir. operatör öğeleri fiyatlarına konumlarına kategorilerine göre arayabilir,1,1,1,1,1,1,1,1,0
Kullanıcı öğeleri arayabilir. Kullanıcı öğeleri fiyatlarına konumlarına kategorilerine göre arayabilir kaldır,1,1,1,1,1,1,1,1,0
Kullanıcı diğer kullanıcıların profillerine göz atabilir. çalışan diğer kullanıcıların kişi adlarını profil fotoğraflarını ve kullanıcıların öğelerini görebilir,1,1,1,1,1,1,1,1,0
Kullanıcı diğer aktar kullanıcıların profillerine göz atabilir. Kullanıcı diğer kullanıcıların kullanıcı adlarını profil fotoğraflarını mesaj ve kullanıcıların öğelerini görebilir,1,1,1,1,1,1,1,1,0
kişi isteklerine göre kategorilere göz atabilir. çalışan ayrıca her kategorinin kaç öğeye sahip olduğunu görebilir,1,1,1,1,1,1,1,1,0
Kullanıcı isteklerine göre kategorilere göz atabilir. Kullanıcı ayrıca her kategorinin kaç öğeye sahip matris olduğunu format görebilir,1,1,1,1,1,1,1,1,0
arayüz Requirement,Appropriate,Complete,Conforming,Correct,Feasible,Necessary,Singular,Unambiguous,Verifiable
Requirement kısıtla,Appropriate,Complete,Conforming,Correct,Feasible,Necessary,Singular,Unambiguous,Verifiable
"platform, Olayları veya Aktiviteleri görüntüleyecektir.",1,0,0,1,1,1,1,0,0
"Sistem, Olayları veya vakit Aktiviteleri görüntüleyecektir.",1,0,0,1,1,1,1,0,0
"Sistem, Olayları Aktiviteleri veya görüntüleyecektir.",1,0,0,1,1,1,1,0,0
"Sistem, Olayları Aktiviteleri görüntüleyecektir.",1,0,0,1,1,1,1,0,0
"Görüntüde iki bölge olacaktır ekranın sol 2/3’ü grafiksel, sağ 1/3’ü içerik tablosudur.",1,1,0,1,1,1,1,1,1
"Görüntüde iki bölge olacaktır operatör ekranın sol 2/3’ü grafiksel, sağ 1/3’ü veri tablosudur.",1,1,0,1,1,1,1,1,1
"Görüntüde iki bölge olacaktır ekranın sol sağ grafiksel, 2/3’ü 1/3’ü veri tablosudur.",1,1,0,1,1,1,1,1,1
Görüntüde olacaktır ekranın sol 2/3’ü sağ 1/3’ü veri tablosudur.,1,1,0,1,1,1,1,1,1
Hem grafikteki düğümlerde hem de tablodaki satırlarda oturum açma görüntülenen veriler MSEL Özet verileri olacaktır.,1,1,0,1,1,1,1,1,1
Hem veriler düğümlerde hem de tablodaki satırlarda görüntülenen grafikteki MSEL Özet verileri olacaktır.,1,1,0,1,1,1,1,1,1
Hem grafikteki düğümlerde hem de tablodaki satırlarda görüntülenen veriler MSEL Özet verileri,1,1,0,1,1,1,1,1,1
Görüntünün çizelge tarafı 2 bölgeye ayrılacaktır sıralı ve zamansal.,1,1,0,1,1,1,1,1,1
Görüntünün tablo tarafı 2 bölgeye ayrılacaktır sıralı kullanıcı ve zamansal.,1,1,0,1,1,1,1,1,1
Görüntünün tablo tarafı 2 bölgeye sıralı ayrılacaktır ve zamansal.,1,1,0,1,1,1,1,1,1
Tablonun üst 1/4’ü sıralı gerçekleşecek olayları içerecektir. arıza,1,1,0,1,1,1,1,1,1
Tablonun gerçekleşecek 1/4’ü sıralı üst olayları içerecektir.,1,1,0,1,1,1,1,1,1
Tablonun üst 1/4’ü sıralı olayları,1,1,0,1,1,1,1,1,1
Tablonun alt 3/4’ü mevcut çıkar zamana göre ilişkili olayları içerecektir.,1,1,0,1,1,1,1,1,1
Tablonun alt zamana mevcut 3/4’ü göre ilişkili olayları içerecektir.,1,1,0,1,1,1,1,1,1
"uygulama, olayları mevcut zamandan sapmalarına göre renk kodlarıyla gösterecektir.",1,1,0,1,1,1,1,1,1
"Sistem, olayları mevcut giriş zamandan sapmalarına göre renk kodlarıyla gösterecektir.",1,1,0,1,1,1,1,1,1
"Sistem, olayları kodlarıyla zamandan sapmalarına göre renk mevcut gösterecektir.",1,1,0,1,1,1,1,1,1
"Sistem, olayları mevcut göre renk kodlarıyla gösterecektir.",1,1,0,1,1,1,1,1,1
"yazılım, Aktivite veya Olay verilerinde yapılan değişikliklerin geçmiş raporunu sağlayacaktır.",1,1,0,1,1,1,1,1,1
"Sistem, Aktivite veya Olay verilerinde yapılan değişikliklerin geçmiş raporunu sağlayacaktır. sun",1,1,0,1,1,1,1,1,1
"Sistem, Aktivite geçmiş Olay verilerinde yapılan değişikliklerin veya raporunu sağlayacaktır.",1,1,0,1,1,1,1,1,1
"Sistem, Aktivite veya Olay verilerinde değişikliklerin geçmiş raporunu sağlayacaktır.",1,1,0,1,1,1,1,1,1
Sistemin görünümü ve kullanılabilirliği akıllı cihazın çalışan arayüzü standartlarına uygun olacaktır.,1,1,1,1,1,1,1,1,1
operatör arayüzünde standart menüler ve gezinme butonları bulunacaktır.,1,1,1,1,1,1,1,1,1
"yazılım, MLS’deki yeni mülk ilanlarını güncelleyecek veya oluşturacaktır.",1,1,0,1,1,1,1,1,1
"Sistem, MLS’deki yeni mülk ilanlarını güncelleyecek uyarı veya oluşturacaktır.",1,1,0,1,1,1,1,1,1
"Sistem, MLS’deki oluşturacaktır. mülk ilanlarını güncelleyecek veya yeni",1,1,0,1,1,1,1,1,1
MLS’deki mülk ilanlarını güncelleyecek veya oluşturacaktır.,1,1,0,1,1,1,1,1,1
"Emlakçı, depola mülk kriterlerine dayalı bir CMA raporu oluşturabilecektir.",1,1,0,1,1,1,1,1,1
"Emlakçı, mülk kriterlerine dayalı bir raporu CMA oluşturabilecektir.",1,1,0,1,1,1,1,1,1
"Emlakçı, mülk kriterlerine dayalı bir raporu oluşturabilecektir.",1,1,0,1,1,1,1,1,1
Program Yöneticileri ve Hemşirelik Personeli üyeleri ders dizisine klinik dersler emniyet veya bölümler ekleyebilecektir.,1,1,0,1,1,1,1,1,1
Program Yöneticileri ve bölümler Personeli üyeleri ders dizisine klinik dersler veya Hemşirelik ekleyebilecektir.,1,1,0,1,1,1,1,1,1
Program Yöneticileri ve Hemşirelik Personeli üyeleri ders dizisine klinik ekleyebilecektir.,1,1,0,1,1,1,1,1,1
"Program Yöneticileri ve Hemşirelik Personeli, başlama kontrol et ayı ve yılı filtrele ile tanımlanmış yeni bir grup (cohort) ekleyebilecektir.",1,1,0,1,1,1,1,1,1
"ve Program Yöneticileri Hemşirelik Personeli, başlama ayı ve yılı ile tanımlanmış yeni bir grup (cohort) ekleyebilecektir.",1,1,0,1,1,1,1,1,1
"Program Yöneticileri ve Hemşirelik Personeli, başlama ve ile tanımlanmış yeni bir grup (cohort) ekleyebilecektir.",1,1,0,1,1,1,1,1,1
"Program Yöneticileri ve Hemşirelik Personeli, hemşirelik bölümüne yeni dersler ekleyebilecektir. uygulama",1,1,0,1,1,1,1,1,1
"Program yeni ve Hemşirelik Personeli, hemşirelik bölümüne Yöneticileri dersler ekleyebilecektir.",1,1,0,1,1,1,1,1,1
"Program Yöneticileri ve Hemşirelik Personeli, hemşirelik bölümüne dersler ekleyebilecektir.",1,1,0,1,1,1,1,1,1
"tespit et Bir ders, klinik olmayan veya klinik ders olabilir.",1,0,0,1,1,1,1,1,0
"Bir ders, klinik olmayan ders klinik veya olabilir.",1,0,0,1,1,1,1,1,0
"Bir ders, klinik olmayan veya klinik ders",1,0,0,1,1,1,1,1,0
"Klinik olmayan ders; ders adı, derslik güvenlik ihtiyaçları ve eğitmen ihtiyaçlarını belirtecektir.",1,1,0,1,1,1,1,1,1
"Klinik olmayan ders; ihtiyaçlarını adı, derslik ihtiyaçları ve eğitmen ders belirtecektir.",1,1,0,1,1,1,1,1,1
Klinik olmayan ders; derslik ihtiyaçları ve eğitmen belirtecektir.,1,1,0,1,1,1,1,1,1
"Klinik ders; ders adı, ulaşım derslik ihtiyaçları, klinik saha ihtiyaçları, ders eğitmeni ihtiyaçları sakla ve klinik laboratuvar eğitmeni ihtiyaçlarını belirtecektir.",1,1,0,1,1,1,1,1,1
"ihtiyaçlarını ders; ders adı, derslik ihtiyaçları, klinik saha ihtiyaçları, ders ve ihtiyaçları eğitmeni klinik laboratuvar eğitmeni Klinik belirtecektir.",1,1,0,1,1,1,1,1,1
"Klinik ders; ders adı, derslik ihtiyaçları, saha ihtiyaçları, ders eğitmeni ve klinik laboratuvar eğitmeni belirtecektir.",1,1,0,1,1,1,1,1,1
Program sorun Yöneticileri/Hemşirelik Personeli yeni bir Çalışma Programı (Program of Study) oluşturabilecektir.,1,1,0,1,1,1,1,1,1
Program Yöneticileri/Hemşirelik Personeli yeni bir of Programı (Program Çalışma Study) oluşturabilecektir.,1,1,0,1,1,1,1,1,1
"Çalışma Programı, program bir program adı ve tamamlanması gereken zorunlu derslerden (klinik güncelle ve klinik olmayan) oluşacaktır.",1,1,0,1,1,1,1,1,1
"Çalışma Programı, bir program adı ve tamamlanması ve zorunlu derslerden oluşacaktır. gereken klinik olmayan) (klinik",1,1,0,1,1,1,1,1,1
Çalışma program adı ve tamamlanması gereken zorunlu derslerden (klinik ve olmayan) oluşacaktır.,1,1,0,1,1,1,1,1,1
"Program Yöneticileri ve Hemşirelik Personeli, Çalışma Programı için hangi derslerin zorunlu olduğunu belirleyebilecektir.",1,1,1,1,1,1,1,1,1
platform Program Yöneticileri/Hemşirelik Personeli’nin planlama amaçları için tüm programların tüm grupları için belirli bir dönemde ihtiyaç duyulan derslerin raporunu gösterebilecektir.,1,1,1,1,1,1,0,1,1
Sistem Program Yöneticileri/Hemşirelik Personeli’nin planlama amaçları ilet için tüm programların tüm grupları için depola belirli bir dönemde ihtiyaç duyulan derslerin periyot raporunu gösterebilecektir.,1,1,1,1,1,1,0,1,1
Sistem Program Yöneticileri/Hemşirelik Personeli’nin derslerin amaçları için raporunu programların tüm grupları için belirli bir duyulan ihtiyaç dönemde planlama tüm gösterebilecektir.,1,1,1,1,1,1,0,1,1
Sistem Personeli’nin planlama amaçları tüm tüm için belirli bir dönemde ihtiyaç duyulan raporunu gösterebilecektir.,1,1,1,1,1,1,0,1,1
"Gerekli ders raporu; açılacak dersler, gereken bölüm sayısı, gereken laboratuvar sayısı ve ihtiyaç duyulan derslik türlerini içerecektir.",1,1,1,1,1,1,1,1,1
"Belirli bir grup için dersler, gün ve saat bakımından çakışmayacaktır.",1,1,1,1,1,1,1,1,1
Program Yöneticileri ve Hemşirelik Personeli sisteme yeni bir klinik saha ekleyebilecektir.,1,1,1,1,1,1,1,1,1
"Ürün, Internet Explorer 5.5 ve üzerini desteklemelidir.",1,1,1,1,1,1,1,1,1
"Ürün, Mozilla Firefox 1.0 ve üzerini desteklemelidir.",1,1,1,1,1,1,1,1,1
"Ürün, Choice Parts Sistemi ile ekran oluşturmalıdır. Bu uygulama geri dönüştürülmüş parça verilerini sağlar.",1,1,1,1,1,1,1,1,1
"Ürün, tüm ortamlarda mevcut donanım denetim üzerinde çalışmalıdır.",1,1,1,1,1,1,1,0,0
"Ürün, tüm ortamlarda mevcut donanım çalışmalıdır. üzerinde",1,1,1,1,1,1,1,0,0
"Ürün, kurumsal Mimari bildirim yönergelere uygun olmalıdır.",1,1,1,1,1,1,1,0,0
"Mimari kurumsal Ürün, yönergelere uygun olmalıdır.",1,1,1,1,1,1,1,0,0
"Ürün, kurumsal çalışan Arayüzü Yönergelerine uymalıdır.",1,1,1,1,1,1,1,0,0
"Ürün, kurumsal Kullanıcı Arayüzü doküman Yönergelerine uymalıdır.",1,1,1,1,1,1,1,0,0
"Ürün, Kullanıcı kurumsal Arayüzü Yönergelerine uymalıdır.",1,1,1,1,1,1,1,0,0
"Ürün, kurumsal renk şemasına uymalıdır.",1,1,1,1,1,1,1,1,1
Ürünün limit görünümü profesyonel olmalıdır.,0,0,0,0,1,0,1,0,0
profesyonel görünümü Ürünün olmalıdır.,0,0,0,0,1,0,1,0,0
Ürünün profesyonel olmalıdır.,0,0,0,0,1,0,1,0,0
Ürünün görünümü denetle profesyonel olmalıdır.,0,0,0,0,1,0,1,0,0
Ürünün olmalıdır. profesyonel görünümü,0,0,0,0,1,0,1,0,0
Ürünün görünümü olmalıdır.,0,0,0,0,1,0,1,0,0
program ürününün Windows veya Linux platformlarında çalışması beklenmektedir.,1,1,1,1,1,1,1,1,1
"Ürün, Ayarlayıcılar (Adjusters) ve Çarpışma Tahmincileri (Collision Estimators) tarafından kolay kullanılabilir olmalıdır. Ayarlayıcıların ve Çarpışma Tahmincilerinin %95’i ürünü kullanmayı kolay bulmalıdır.",1,1,1,1,1,1,1,1,1
"Ürün, Çarpışma Tahmincilerinin verimliliğini artırmalıdır. Çarpışma Tahmincilerinin %80’i, ürünü kullandıktan sonraki 1 ay içinde verimliliklerinin arttığını kabul etmelidir.",1,1,1,1,1,1,1,1,1
"Kullanıcılar, ürünü kullanırken memnuniyet hissetmelidir. Tüm kullanıcıların %85’i üründen memnun olmalıdır.",1,1,1,1,1,1,1,1,1
"Ürün, Ayarlayıcılar ve Çarpışma Tahmincileri tarafından kolay öğrenilebilir olmalıdır. Ürün, iki günlük yerinde eğitim ile öğrenilebilmelidir.",1,1,1,1,1,1,1,1,1
"operatör, ürünü kullanırken talimatları kolayca bulabilmelidir. Kullanıcı yardımı sistemin %90’ında bulunabilir olmalıdır.",1,1,1,1,1,1,1,0,0
"Kullanıcı, ürünü kullanırken talimatları kolayca bulabilmelidir. Kullanıcı listele yardımı sistemin %90’ında bulunabilir olmalıdır.",1,1,1,1,1,1,1,0,0
"ürünü Kullanıcı, kullanırken talimatları kolayca bulabilmelidir. Kullanıcı yardımı sistemin %90’ında bulunabilir olmalıdır.",1,1,1,1,1,1,1,0,0
Geri dönüştürülmüş parçalar için arama 15 saniyeden uzun sürmemelidir. Arama sonuçları 15 saniye içinde döndürülmelidir.,1,1,1,1,1,1,1,1,1
Tercih edilen tamir tesisi için arama 8 saniyeden uzun sürmemelidir. Tercih edilen tamir tesisi 8 saniye içinde döndürülmelidir.,1,1,1,1,1,1,1,1,1
Geri dönüştürülmüş parçalar denetim raporu kullanıcıya 10 saniye içinde döndürülmelidir. Denetim raporu 10 saniye içinde sunulmalıdır.,1,1,1,1,1,1,1,1,1
Tercih edilen tamir tesisi puanlamaları 5 saniye içinde kaydedilmelidir. veri işlemi 5 saniye içinde gerçekleşmelidir.,1,1,1,1,1,1,1,1,1
"Ürün, kurumsal çevrimiçi kullanılabilirlik planına uymalıdır. sistem, planlanan kesintilerin %98’i dahilinde kapatılmalıdır.",1,1,1,1,1,1,1,0,0
"Ürün, kurumsal çevrimiçi kullanılabilirlik planına uymalıdır. Uygulama, planlanan kesintilerin %98’i dahilinde çıkar kapatılmalıdır.",1,1,1,1,1,1,1,0,0
"Ürün, kurumsal çevrimiçi kullanılabilirlik planına uymalıdır. Uygulama, planlanan kesintilerin dahilinde %98’i kapatılmalıdır.",1,1,1,1,1,1,1,0,0
"Ürün %98 çalışma süresi sağlamalıdır. Ürün, çevrimiçi sürenin %2’sinden fazla sorun vermemelidir.",1,1,1,1,1,1,1,1,1
Ürün aynı anda 1500 kullanıcıyı destekleyebilmelidir. yazılım 1500 kullanıcıyla birlikte çalışabilmelidir.,1,1,1,1,1,1,1,1,1
Geri dönüştürülmüş parçaların günlük ortalama log sayısı 50.000 olmalıdır.,1,1,1,1,1,1,1,1,1
"Ürün, ilk lansmandan sonraki 2 yıl içinde 10.000 eşzamanlı kullanıcıyı destekleyebilmelidir.",1,1,1,1,1,1,1,1,1
"Tahminciler için ürün, kirli ve gürültülü koşullarda bir tamir tesisinde çalıştırılabilir olmalıdır. periyot",1,1,1,1,1,1,1,0,0
"Tahminciler için bir kirli ve gürültülü koşullarda ürün, tamir tesisinde çalıştırılabilir olmalıdır.",1,1,1,1,1,1,1,0,0
"Ürün, ChoiceParts sistemiyle günde bir kez yaklaşık saat 01:00’de ekran oluşturmalıdır.",1,1,1,1,1,1,1,1,1
"Ürünün bakımı, belirlenmiş kurumsal yarat bakım aralıklarında yapılacaktır.",1,1,1,1,1,1,1,0,0
"Ürünün bakımı, belirlenmiş bakım kurumsal aralıklarında yapılacaktır.",1,1,1,1,1,1,1,0,0
"Ürün, takip et kurumsal destek merkezi aracılığıyla desteklenecektir.",1,1,1,1,1,1,1,1,0
"Ürün kurulumları ve yükseltmeleri, belirlenmiş yayın periyot dilimleri içerisinde filtrele katman teknolojisi ekibi tarafından gerçekleştirilecektir.",1,1,1,1,1,1,1,0,0
"Ürün kurulumları ve yükseltmeleri, belirlenmiş sakla yayın zaman dilimleri içerisinde ara katman teknolojisi ekibi tarafından kimlik bilgisi gerçekleştirilecektir.",1,1,1,1,1,1,1,0,0
"Ürün ara ve yükseltmeleri, belirlenmiş yayın zaman dilimleri içerisinde kurulumları tarafından teknolojisi ekibi katman gerçekleştirilecektir.",1,1,1,1,1,1,1,0,0
Yalnızca ayarlayıcılar (adjusters) geri dönüştürülmüş parçalar denetim raporu talep edebilir. Ayarlayıcı rolüne sahip olmayan kullanıcılar geri dönüştürülmüş parça denetimlerini talep edemez.,1,1,1,1,1,1,1,1,1
Yalnızca süpervizör rolüne sahip ayarlayıcılar tercih edilen tamir tesisi puanlarını güncelleyebilir. Süpervizör rolüne sahip olmayan kullanıcılar bu puanlamalara erişemez.,1,1,1,1,1,1,1,1,1
Yalnızca çarpışma tahmincileri (collision estimators) geri dönüştürülmüş parçaları arayabilir. Çarpışma tahmincisi rolüne sahip olmayan kullanıcılar bu aramaya erişemez.,1,1,1,1,1,1,1,1,1
Sisteme yalnızca geçerli veriler depo girilmelidir. Geçersiz veriler sisteme girilemez.,1,1,1,1,1,1,1,0,0
Sisteme yalnızca geçerli veriler girilmelidir. veriler Geçersiz sisteme girilemez.,1,1,1,1,1,1,1,0,0
"Bir sigorta şirketi, başka bir sigorta şirketinin hasar verilerini görüntüleyemez.",1,1,1,1,1,1,1,1,1
Ürün bilgisayar virüslerinden arınmış listele olmalıdır.,1,1,1,1,0,1,1,0,0
Ürün olmalıdır. virüslerinden arınmış bilgisayar,1,1,1,1,0,1,1,0,0
bilgisayar arınmış olmalıdır.,1,1,1,1,0,1,1,0,0
Ürün bilgisayar virüslerinden arınmış kayıt olmalıdır.,1,1,1,1,0,1,1,0,0
Ürün arınmış virüslerinden bilgisayar olmalıdır.,1,1,1,1,0,1,1,0,0
"platform, hizmet reddi (DoS) dahil kötü niyetli saldırıları önlemelidir.",1,1,1,1,0,1,1,0,0
"Sistem, hizmet reddi (DoS) dahil kötü niyetli üst sınır saldırıları önlemelidir.",1,1,1,1,0,1,1,0,0
"Sistem, hizmet saldırıları (DoS) dahil kötü niyetli reddi önlemelidir.",1,1,1,1,0,1,1,0,0
"Sistem, hizmet (DoS) dahil kötü niyetli saldırıları önlemelidir.",1,1,1,1,0,1,1,0,0
"uygulama, hizmet reddi (DoS) dahil kötü niyetli saldırıları önlemelidir.",1,1,1,1,0,1,1,0,0
"etkinlik Sistem, hizmet reddi (DoS) dahil kötü niyetli saldırıları önlemelidir.",1,1,1,1,0,1,1,0,0
"Sistem, hizmet önlemelidir. (DoS) dahil kötü niyetli saldırıları reddi",1,1,1,1,0,1,1,0,0
"Sistem, reddi dahil kötü niyetli saldırıları önlemelidir.",1,1,1,1,0,1,1,0,0
Ürün Sarbanes-Oxley malıdır düzenlemelerine uymalıdır.,1,1,1,1,1,1,1,0,0
Sarbanes-Oxley Ürün düzenlemelerine uymalıdır.,1,1,1,1,1,1,1,0,0
"Ürün, geri dönüştürülmüş bitir parça kullanımıyla ilgili tahmin yasalarına uymalıdır.",1,1,1,1,1,1,1,0,0
"Ürün, parça dönüştürülmüş geri kullanımıyla ilgili tahmin yasalarına uymalıdır.",1,1,1,1,1,1,1,0,0
"Ürün, hasar işlemleriyle ilgili sigorta düzenlemelerine verim uymalıdır.",1,1,1,1,1,1,1,0,0
"Ürün, uymalıdır. işlemleriyle ilgili sigorta düzenlemelerine hasar",1,1,1,1,1,1,1,0,0
"kişi, tercih edilen tamir tesisini araç, araç konumu ve mil cinsinden yarıçap kullanarak aramalıdır.",1,1,1,1,1,1,1,1,1
"Araç verileri, araç yılı, markası ve modelini içermelidir.",1,1,1,1,1,1,1,1,1
"Araç konumu; sokak adresi, şehir, eyalet ve posta kodunu içermelidir.",1,1,1,1,1,1,1,1,1
"uygulama, posta kodu bilinmiyorsa sokak adresi, şehir ve eyalete göre posta kodunu belirlemelidir.",1,1,1,1,1,1,1,1,1
Arama yarıçapı 1 ila 30 mil arasında olmalıdır.,1,1,1,1,1,1,1,1,1
"uygulama, girilen kriterlere göre en yüksek puanlı tercih edilen tamir tesisini bulmalıdır.",1,1,1,1,1,1,1,1,1
"Ayarlayıcı (adjuster), tahmin atamasına tercih edilen tamir tesisini girmelidir.",1,1,1,1,1,1,1,1,1
"Ayarlayıcı, tahmin atamasında tercih edilen tamir tesisini geçersiz kılabilmelidir.",1,1,1,1,1,1,1,1,1
Tercih edilen tamir tesisi kullanıcıya döndürülmelidir.,1,1,1,1,1,1,1,1,1
"Tercih edilen tamir tesisi belirlenemiyorsa yazılım, yarıçap içindeki tamir tesislerinin bir listesini döndürmelidir.",1,1,1,1,1,1,1,1,1
"Tahminci (estimator), hasarlı araç parça bilgilerini kullanarak mevcut geri dönüştürülmüş parçaları aramalıdır.",1,1,1,1,1,1,1,1,1
"Tahminci, tercih edilen parça tedarikçileri listesini kullanarak mevcut geri dönüştürülmüş parçaları aramalıdır.",1,1,1,1,1,1,1,1,1
"platform, sağlanan araç parçaları ve tedarikçiler için mevcut geri dönüştürülmüş parçaları aramalıdır.",1,1,1,1,1,1,1,1,1
"Tercih edilen parça tedarikçileri için parça bulunamazsa tahminci, posta kodu ve 30 millik yarıçap ile arama yapmalıdır.",1,1,1,1,1,1,1,1,1
"yazılım, aramadan döndürülen mevcut geri dönüştürülmüş parçaları ve tedarikçileri saklamalıdır.",1,1,1,1,1,1,1,1,1
Mevcut geri dönüştürülmüş parçaların bilgileri ve bunların tedarikçileri kullanıcıya döndürülmelidir.,1,1,1,1,1,1,1,1,1
"Tahminci, seçilen geri dönüştürülmüş parçaları çarpışma tahminine uygulamalıdır.",1,1,1,1,1,1,1,1,1
Hiçbir mevcut parça döndürülmezse tahminci geri dönüştürülmüş parçaları çarpışma tahminine uygulamamalıdır.,1,1,1,1,1,1,1,1,1
"Ayarlayıcı, çarpışma tahminini gözden geçirmelidir.",1,1,1,1,1,1,1,1,1
"Ayarlayıcı, çarpışma tahmininin geri dönüştürülmüş parça denetimini talep etmelidir.",1,1,1,1,1,1,1,1,1
Tahminciye sağlanan geri dönüştürülmüş parça arama sonuçları uygulama tarafından alınmalıdır.,1,1,1,1,1,1,1,0,1
Tahminciye sağlanan geri dönüştürülmüş parça arama çizelge sonuçları sistem tarafından alınmalıdır.,1,1,1,1,1,1,1,0,1
Tahminciye sağlanan dönüştürülmüş geri parça arama sonuçları sistem tarafından alınmalıdır.,1,1,1,1,1,1,1,0,1
"platform, mevcut geri dönüştürülmüş parçalar ve çarpışma tahmini baz alınarak bir denetim raporu oluşturmalıdır.",1,1,1,1,1,1,1,1,1
"Denetim raporu, tahminde kullanılan geri dönüştürülmüş parça toplamını içermelidir.",1,1,1,1,1,1,1,1,1
"Denetim raporu, orijinal arama sonuçlarından dönen mevcut geri dönüştürülmüş parça sayısını içermelidir.",1,1,1,1,1,1,1,1,1
"Denetim raporu, kısıtla tahminde kullanılan mevcut geri dönüştürülmüş parçaların yüzdesini içermelidir.",1,1,1,1,1,1,1,0,1
"Denetim raporu, tahminde kullanılan mevcut dönüştürülmüş geri parçaların yüzdesini içermelidir.",1,1,1,1,1,1,1,0,1
"Denetim raporu, bireysel satır öğelerinin toplamından oluşan aktar denetimin toplam puanını içermelidir.",1,1,1,1,1,1,1,0,0
"Denetim raporu, bireysel toplamından öğelerinin satır oluşan denetimin toplam puanını içermelidir.",1,1,1,1,1,1,1,0,0
Denetim raporu kullanıcıya görüntülenmelidir.,1,1,1,1,1,1,1,1,1
Denetim raporu daha erişim sonraki zamanlarda diğer ayarlayıcıların erişimine açık olmalıdır.,1,1,1,1,1,1,1,0,0
Denetim raporu diğer sonraki zamanlarda daha ayarlayıcıların erişimine açık olmalıdır.,1,1,1,1,1,1,1,0,0
"operatör, tercih edilen tamir tesisi puanlarını görüntülemeyi seçmelidir.",1,1,1,1,1,1,1,1,1
Güncel tamir tesisi puanları kullanıcıya gösterilmelidir.,1,1,1,1,1,1,1,1,1
Sistemde henüz puan tanımlanmamışsa platform boş bir puan seti gösterecektir.,1,1,1,1,1,1,1,1,1
"çalışan, denetim raporuna dayanarak yeni puanlar girmelidir.",1,1,1,1,1,1,1,1,1
Puanlamalar 1-10 ölçeğinde olmalıdır.,1,1,1,1,1,1,1,1,1
"Puanlamalar, geri dönüştürülmüş parçaların kaydet denenmiş kullanımı ve fiili kullanımı için kategorileri içermelidir.",1,1,1,1,1,1,1,0,1
"Puanlamalar, dönüştürülmüş geri parçaların denenmiş kullanımı ve fiili kullanımı için kategorileri içermelidir.",1,1,1,1,1,1,1,0,1
"kişi, tercih edilen tamir tesisi puanlarını kaydetmeyi seçmelidir.",1,1,1,1,1,1,1,1,1
Tercih edilen tamir tesisi puanları yazılım tarafından kaydedilmelidir.,1,1,1,1,1,1,1,1,1
"Ürün, piyasadaki çoğu depo yönetim sistemi (DBMS) ile çalışabilmelidir; DBMS ürünle aynı makinede olabileceği gibi aynı bilgisayar ağındaki farklı bir makinede de yer alabilir.",1,0,1,1,1,1,1,0,0
"Ürün, piyasadaki çoğu veritabanı yönetim sistemi (DBMS) hesapla ile liste çalışabilmelidir; DBMS ürünle aynı makinede olabileceği gibi aynı bilgisayar ağındaki farklı bir makinede de yer alabilir. denetle",1,0,1,1,1,1,1,0,0
"Ürün, piyasadaki çoğu veritabanı yönetim farklı (DBMS) ile çalışabilmelidir; DBMS ürünle aynı makinede olabileceği gibi aynı bilgisayar ağındaki bir makinede sistemi de yer alabilir.",1,0,1,1,1,1,1,0,0
"Ürün, piyasadaki veritabanı yönetim sistemi (DBMS) ile çalışabilmelidir; DBMS ürünle aynı makinede olabileceği gibi aynı ağındaki bir de yer",1,0,1,1,1,1,1,0,0
"Ürün, Java çalışma zamanı kurulabilen herhangi kayıt bir işletim sisteminde sunucu yazılımlarıyla birlikte çalışacaktır.",1,1,1,1,1,1,1,0,1
"Ürün, Java çalışma zamanı kurulabilen herhangi bir birlikte sisteminde sunucu yazılımlarıyla işletim çalışacaktır.",1,1,1,1,1,1,1,0,1
"Ürün, bir veri tabanı yönetim sistemi (DBMS) ile birlikte çalışmayı gerektirecektir. DBMS, ürünle aynı makinede ya da aynı bilgisayar ağında ayrı bir makinede bulunabilir.",1,1,1,1,1,1,1,1,1
"Ürün, web/uygulama sunucusu teknolojisini kullanmalıdır. Açık kaynak örnekleri: Apache, Tomcat ve JBoss.",1,1,1,1,1,1,1,1,1
"Oracle, DB2, MySQL veya HSQL gibi bir depo yönetim sistemi ürünle entegre edilmelidir.",1,1,1,1,1,1,1,1,1
"Ürünün görünüm ve hissi (look and feel), sistem müşterinin organizasyonuna ait logo, marka ve kimlik gibi unsurları sil içerebilecek şekilde yapılandırılabilmelidir.",1,0,1,1,1,1,1,0,0
"kimlik görünüm ve hissi feel), and (look müşterinin organizasyonuna ait logo, marka ve Ürünün gibi unsurları içerebilecek şekilde yapılandırılabilmelidir.",1,0,1,1,1,1,1,0,0
"Ürünün görünüm ve (look and feel), müşterinin organizasyonuna ait logo, ve kimlik gibi unsurları içerebilecek yapılandırılabilmelidir.",1,0,1,1,1,1,1,0,0
Ürünün görünümü muhafazakâr ve profesyonel göster olmalıdır.,1,0,1,1,1,1,1,0,0
Ürünün görünümü profesyonel ve muhafazakâr olmalıdır.,1,0,1,1,1,1,1,0,0
görünümü muhafazakâr ve profesyonel olmalıdır.,1,0,1,1,1,1,1,0,0
"Ürün, kullanıcıların kullanmak istemesini sağlamalıdır. Anket edilen kullanıcıların %80’i, lansmandan sonraki ilk 2 haftadan sonra ürünü düzenli olarak kullandıklarını bildirmelidir.",1,1,1,1,1,1,1,1,1
Ürün kolay kullanılmalıdır. Kullanıcıların %90’ı ürünü kullanmaya başladıktan sonraki 5 dakika içinde başarılı biçimde toplantı odası ayırtabilmelidir.,1,1,1,1,1,1,1,1,1
"Ürün, gerekli olduğunda kullanıcılara geri ihbar vermelidir. Anket edilen kullanıcıların %80’i ürünün eylemlerini doğru şekilde onayladığını bildirmelidir.",1,1,1,1,1,1,1,0,1
"Ürün, verim gerekli olduğunda kullanıcılara geri bildirim vermelidir. Anket edilen kullanıcıların temizle %80’i ürünün eylemlerini doğru şekilde onayladığını bildirmelidir.",1,1,1,1,1,1,1,0,1
"Ürün, kullanıcılara olduğunda gerekli geri bildirim vermelidir. Anket edilen kullanıcıların %80’i bildirmelidir. eylemlerini doğru şekilde onayladığını ürünün",1,1,1,1,1,1,1,0,1
"Ürün, kullanıcıya hedef pazar ülkelerinden göster birinin dilini seçme olanağı sunmalıdır.",1,0,1,1,1,1,1,0,0
"seçme kullanıcıya hedef pazar ülkelerinden birinin dilini Ürün, olanağı sunmalıdır.",1,0,1,1,1,1,1,0,0
"Ürün, kullanıcıya hedef ülkelerinden birinin dilini seçme sunmalıdır.",1,0,1,1,1,1,1,0,0
"Ürün, başlangıç sayfası ve görünüm tercihlerinin özelleştirilmesine ruhsat vermelidir.",1,1,1,1,1,1,1,1,1
Bir çalışan ürünü birkaç dakika içinde başarılı biçimde kullanabilir olacaktır. Üründe 15 dakikadan daha kısa bir interval içinde gayri resmi gezinme sonrası kullanıcılar toplantı kurma ve toplantı odası ayırtmayı başarıyla gerçekleştirebilmelidir.,1,1,1,1,1,1,0,0,1
Bir çalışan ürünü birkaç dakika içinde başarılı biçimde kullanabilir olacaktır. Üründe 15 dakikadan daha inceleme kısa bir malıdır süre içinde gayri resmi gezinme sonlandır sonrası kullanıcılar toplantı operatör kurma ve toplantı odası ayırtmayı başarıyla gerçekleştirebilmelidir.,1,1,1,1,1,1,0,0,1
Bir kullanabilir 15 birkaç dakika içinde başarılı biçimde çalışan olacaktır. Üründe kısa dakikadan daha ürünü süre bir içinde gayri resmi gezinme sonrası kullanıcılar toplantı kurma ve toplantı odası ayırtmayı başarıyla gerçekleştirebilmelidir.,1,1,1,1,1,1,0,0,1
Bir ürünü birkaç dakika içinde başarılı biçimde kullanabilir olacaktır. Üründe dakikadan daha bir süre içinde resmi gezinme sonrası kullanıcılar toplantı kurma ve toplantı odası başarıyla gerçekleştirebilmelidir.,1,1,1,1,1,1,0,0,1
"sorun Ürün, çoğu web kullanıcısına tanıdık gelen standart bir gezinme menüsü kullanmalıdır.",1,0,1,1,1,1,1,0,0
"Ürün, çoğu web tanıdık kullanıcısına gelen standart bir gezinme menüsü kullanmalıdır.",1,0,1,1,1,1,1,0,0
çoğu web kullanıcısına tanıdık gelen standart bir gezinme menüsü kullanmalıdır.,1,0,1,1,1,1,1,0,0
"Ürün, mevcut toplantı odalarının sezgisel (intuitive) şekilde aranmasına kısıt imkan vermelidir.",1,1,1,1,1,1,1,0,0
"Ürün, mevcut toplantı odalarının sezgisel (intuitive) şekilde vermelidir. imkan aranmasına",1,1,1,1,1,1,1,0,0
"Ürün, Amerika Engelliler Yasası (Americans with Disabilities Act - aç ADA) ile uyumlu olmalıdır.",1,1,1,1,1,1,1,0,0
"Ürün, Amerika (Americans Yasası Engelliler with Disabilities Act - ADA) ile uyumlu olmalıdır.",1,1,1,1,1,1,1,0,0
"Yanıtlar kullanıcının düşünce akışını kesmeyecek kadar hızlı olmalıdır. Görevlerin %90’ı 5 saniye içinde, %98’i ise 8 saniye içinde tamamlanmalıdır.",1,1,1,1,1,1,1,1,1
Sunucu arızaları dışında uygulama ürünü %99.99 çalışma süresi (uptime) sağlamalıdır.,1,1,1,1,1,1,1,0,1
Sunucu arızaları dışında yazılım erişim ürünü %99.99 çalışma süresi (uptime) sağlamalıdır.,1,1,1,1,1,1,1,0,1
Sunucu arızaları dışında süresi ürünü %99.99 çalışma yazılım (uptime) sağlamalıdır.,1,1,1,1,1,1,1,0,1
"Ürün, karşılaşılan sorunların bir istisna kaydını oluşturacak ve analiz ve çözüm için şirketimize iletecektir.",1,1,1,1,1,1,1,1,1
"Ürün, aynı anda 1.000 kaydet isteği işleyebilecek kapasitede olmalıdır. belirle Bu temin et sayı, Sürüm 2’de 2.000’e çıkarılacaktır. Eşzamanlılık kapasitesi, sabah erken ve öğleden sonra geç saatler gibi yoğun zamanları emniyet karşılayabilmelidir.",1,1,1,1,1,1,0,0,1
"Ürün, aynı anda 1.000 isteği sayı, kapasitede olmalıdır. Bu öğleden Sürüm 2’de 2.000’e çıkarılacaktır. işleyebilecek kapasitesi, sabah saatler ve Eşzamanlılık sonra geç erken gibi yoğun zamanları karşılayabilmelidir.",1,1,1,1,1,1,0,0,1
"Ürün, aynı anda 1.000 isteği işleyebilecek olmalıdır. sayı, Sürüm 2’de çıkarılacaktır. Eşzamanlılık kapasitesi, sabah erken ve öğleden sonra geç gibi yoğun karşılayabilmelidir.",1,1,1,1,1,1,0,0,1
"Ürün, piyasaya sürülmesinden iki yıl içinde saatte 10.000 işlemi sorun gerçekleştirebilecektir. kişi Bu sayı Sürüm 2’de 20.000’e çıkarılacaktır.",1,1,1,1,1,1,0,0,1
"Ürün, piyasaya sürülmesinden iki yıl içinde saatte 10.000 işlemi Sürüm Bu sayı gerçekleştirebilecektir. 2’de çıkarılacaktır. 20.000’e",1,1,1,1,1,1,0,0,1
"Ürün, piyasaya iki yıl içinde saatte 10.000 işlemi Bu sayı Sürüm 2’de 20.000’e",1,1,1,1,1,1,0,0,1
"Ürün, her müşteri kurulumunda en az 5 yıl çalışacak şekilde tasarlanmalıdır.",1,1,1,1,1,1,1,1,1
"Ürün, ofis ortamlarında kullanılacaktır.",1,1,1,1,1,1,1,1,1
"Ürün, herhangi bir HTML tarayıcısıyla etkileşim kurabilmelidir. Ürün, operatör ile ürün arasında verileri sorunsuz iletecek ve test edilen tüm HTML tarayıcıların %80’inde HTML’i doğru şekilde gösterecektir (minimum 8 tarayıcı test edilecektir).",1,1,1,1,1,1,0,0,1
"Ürün, incele herhangi bir HTML tarayıcısıyla etkileşim kurabilmelidir. Ürün, kullanıcı ile ürün arasında ekran verileri belge sorunsuz iletecek depo ve test edilen tüm HTML tarayıcıların %80’inde HTML’i doğru şekilde gösterecektir (minimum 8 tarayıcı test edilecektir).",1,1,1,1,1,1,0,0,1
"Ürün, herhangi test HTML tarayıcısıyla etkileşim kurabilmelidir. Ürün, kullanıcı ile ürün arasında verileri sorunsuz 8 ve edilen bir tüm HTML tarayıcıların edilecektir). HTML’i doğru şekilde gösterecektir (minimum iletecek tarayıcı test %80’inde",1,1,1,1,1,1,0,0,1
"Ürün, herhangi bir HTML etkileşim kurabilmelidir. Ürün, kullanıcı ile arasında verileri sorunsuz iletecek ve test edilen tüm HTML tarayıcıların %80’inde HTML’i doğru şekilde gösterecektir (minimum tarayıcı test edilecektir).",1,1,1,1,1,1,0,0,1
"Ürün, çeşitli bilgi tabanı yönetim sistemleriyle etkileşim kurabilmelidir. Ürün, tüm işlemlerin %100’ünde içerik tabanı yönetim sistemiyle başarılı şekilde iletişim kuracaktır.",1,1,1,1,1,1,1,0,1
"çıkar Ürün, çeşitli veri tabanı yönetim sistemleriyle etkileşim kurabilmelidir. Ürün, tüm işlemlerin %100’ünde koruma veri tabanı yönetim sistemiyle başarılı şekilde haber ver iletişim kuracaktır.",1,1,1,1,1,1,1,0,1
"Ürün, çeşitli veri tabanı yönetim şekilde etkileşim kurabilmelidir. tabanı tüm işlemlerin %100’ünde veri Ürün, iletişim sistemiyle başarılı sistemleriyle yönetim kuracaktır.",1,1,1,1,1,1,1,0,1
"Ürün, karşılaşılan sorunları içeren bir istisna kaydı oluşturacak ve analiz ve çözüm için şirketimize iletilecektir.",1,1,1,1,1,1,1,1,1
"Ürün, aynı anda 1.000 koruma denetim isteği işleyebilecektir. Bu sayı, Sürüm 2’de eşik 2.000’e yükselecektir. Ürün, yoğun zamanlarda (sabah erken ve öğleden sonra geç saatler) bu kapasiteyi karşılayabilmelidir.",1,1,1,1,1,1,1,0,1
"Ürün, (sabah anda 1.000 isteği işleyebilecektir. Bu sayı, Sürüm öğleden 2.000’e yükselecektir. Ürün, yoğun zamanlarda aynı erken 2’de ve sonra geç saatler) bu kapasiteyi karşılayabilmelidir.",1,1,1,1,1,1,1,0,1
"Ürün, piyasaya sürülmesinden iki yıl içinde saatte 10.000 işlemi gerçekleştirebilecektir. Bu sayı, Sürüm 2’de belge 20.000’e aç yükselecektir.",1,1,1,1,1,1,1,0,1
"sürülmesinden piyasaya 10.000 iki yıl içinde saatte Ürün, işlemi gerçekleştirebilecektir. Bu sayı, Sürüm 2’de 20.000’e yükselecektir.",1,1,1,1,1,1,1,0,1
"Ürün, yalnızca şirket çalışanlarının veya şirket tarafından onaylanmış kişi kimliklerine sahip dış kullanıcıların ürün erişimine sahip olmasını sağlayacaktır. Tüm girişlerin %100'ü yalnızca şirket çalışanları veya onaylı çalışan kimlikleri ile gerçekleşecektir.",1,1,1,1,1,1,1,1,1
Sadece yöneticiler kullanıcıya göre rezervasyon sorgusu yapabilir. Tüm rezervasyon sorgularının %100'ü yalnızca yönetici girişlerinden yapılacaktır.,1,1,1,1,1,1,1,1,1
"Ürün, veritabanındaki verilerin operatör tarafından girilen bilgilerle eşleşmesini sağlayacaktır. platform üzerindeki her konferans odası rezervasyonu, çalışan tarafından girilen aynı bilgileri içerecektir.",1,1,1,1,1,1,1,1,1
"Ürün, kötü amaçlı kayıt girişini engelleyecektir. Ürün ve/veya bağlantılı donanım/yazılım sistemlerinin verileri, her kötü amaçlı bilgi girişi sırasında %100 bozulmadan kalacaktır.",1,1,1,1,1,1,1,1,1
"Ürün ve/veya bağlı veritabanları/dosyalar, kötü amaçlı içerik girişine rağmen çalışmaya devam edecektir. Kötü amaçlı içerik girişleri sırasında ürün ve/veya bağlı veritabanları/dosyalar %100 çökmeden çalışacaktır.",1,1,1,1,1,1,1,1,1
"Ürünün dili, hedef pazarlardaki tüm ülkeleri kapsayacaktır. Her hedef pazar ülkesinden katılımcıların %90'ı, ürünün dilinin kabul edilebilir olduğunu belirleyecektir.",1,1,1,1,1,1,1,1,1
"Ürün, J2SE/J2EE programlama dili kütüphaneleri ile geliştirilecektir.",1,1,1,1,1,1,1,1,1
"Ürün, toplantı kayıtlarını tutacaktır.",1,1,1,1,1,1,1,1,1
"Ürün, çalışanlara toplantı davetlerini bildirecektir.",1,1,1,1,1,1,1,1,1
"Ürün, çalışanlara toplantı hatırlatmaları gönderebilecektir.",1,1,1,1,1,1,1,1,1
"Ürün, her toplantıyı oluşturan organizatörün iletişim bilgilerini toplantıya atayacaktır.",1,1,1,1,1,1,1,1,1
"Ürün, toplantı onaylarını kaydedecektir.",1,1,1,1,1,1,1,1,1
"Ürün, yeni konferans odalarını depolayabilecektir.",1,1,1,1,1,1,1,1,1
"Ürün, mevcut konferans odalarını güncelleyebilecektir.",1,1,1,1,1,1,1,1,1
"Ürün, konferans odalarını silebilecektir.",1,1,1,1,1,1,1,1,1
"Ürün, yeni oda ekipmanlarını depolayabilecektir.",1,1,1,1,1,1,1,1,1
"Ürün, mevcut oda ekipmanlarını güncelleyebilecektir.",1,1,1,1,1,1,1,1,1
Son 30 gün için Envanter Miktarı Düzeltme işleminin tamamlanması 30 dakikadan fazla sürmeyecektir.,1,1,1,1,1,1,1,1,1
Sistem aynı anda en az 6 kullanıcının çalışmasına yetki verecektir.,1,1,1,1,1,1,1,1,1
uygulama mevcut bilgisayar ekipmanlarını kullanacaktır.,1,1,1,1,1,1,1,1,0
Sistem mevcut savunma bilgisayar ekipmanlarını kullanacaktır.,1,1,1,1,1,1,1,1,0
yazılım iş verilerini otomatik olarak yedekleyip talep üzerine geri yükleyebilecektir.,1,1,1,1,1,1,1,1,1
platform tutarlı güvenliği sağlayacaktır. çalışan şifreleri ve/veya izinlerde yapılan değişiklikler sistemin tüm bölümlerinde geçerli olacaktır.,1,1,1,1,1,1,1,1,1
"platform, tüm ana alt sistemler için bağlantı haklarını detaylı şekilde kontrol edebilecektir. Tüm alt sistemler için bağlantı hakları bağımsız olarak atanabilir olmalıdır.",1,1,1,1,1,1,1,1,1
"platform, tüm geçerli muhasebe standartlarına uyacaktır. uygulama nihai sürümü, bağımsız bir denetçi tarafından yapılan denetimi başarıyla geçmelidir.",1,1,1,1,1,1,1,1,1
"yazılım, telif ücreti gerektiren ek üçüncü taraf lisanslarına ihtiyaç duymayacaktır.",1,1,1,1,1,1,1,1,1
"Sistem, Envanter Miktarı Düzeltme belgelerinin talep üzerine oluşturulmasına onay verecektir.",1,1,1,1,1,1,1,1,1
"uygulama, belirli bir zamandan itibaren tüm Envanter Miktarı Düzeltme belgelerinin talep üzerine oluşturulmasına ruhsat verecektir.",1,1,1,1,1,1,1,1,1
IQA alt sistemi mevcut envanter durumunu dikkate alacak ve ikame edilebilir malzemelerin envanterini buna göre ayarlayacaktır.,1,1,1,1,1,1,1,1,1
"Sistem, ürün formüllerinin girilmesine, depolanmasına ve değiştirilmesine onay verecektir.",1,1,1,1,1,1,1,1,1
"Ürün formülleri, kendi formüllerine sahip yarı ürünlerin kullanılmasına onay verecektir.",1,1,1,1,1,1,1,1,1
"Ürün formülü bileşenleri, ikame edilebilir malzemelerin tanımlanmasına ruhsat verecektir.",1,1,1,1,1,1,1,1,1
"Formül ikame edilebilir bileşenler, kalıcı sırayla saklanacaktır.",1,1,1,1,1,1,1,1,1
"Ürün, POS terminalleri tarafından kullanılan ürün menülerinin girilmesine, depolanmasına ve değiştirilmesine yetki verecektir.",1,1,1,1,1,1,0,0,1
"Ürün, POS açıkla terminalleri tarafından kullanılan ürün menülerinin girilmesine, depolanmasına ve değiştirilmesine izin verecektir.",1,1,1,1,1,1,0,0,1
"kullanılan POS terminalleri tarafından Ürün, ürün menülerinin girilmesine, depolanmasına ve değiştirilmesine izin verecektir.",1,1,1,1,1,1,0,0,1
"Ürün, POS terminalleri kullanılan ürün girilmesine, depolanmasına ve değiştirilmesine izin verecektir.",1,1,1,1,1,1,0,0,1
"PME alt sistemi, muhasebe sisteminde saklanan ürün listesine dayalı olarak ürün menüleri oluşturulmasına onay verecektir.",1,1,1,1,1,1,1,1,1
"PME alt sistemi, menüler içinde alt menülerin ve alt menüler içinde ürünlerin yönetilen ve kalıcı sırayla saklanmasına ruhsat verecektir.",1,1,1,1,1,1,0,0,1
"PME alt sistemi, menüler içinde alt menülerin ve alt link menüler erişim içinde ürünlerin yönetilen ve kalıcı sırayla saklanmasına izin verecektir.",1,1,1,1,1,1,0,0,1
"PME alt sistemi, izin içinde alt menülerin ve alt menüler içinde verecektir. yönetilen ve kalıcı sırayla saklanmasına menüler ürünlerin",1,1,1,1,1,1,0,0,1
"PME sistemi, menüler içinde alt menülerin alt menüler içinde ürünlerin yönetilen ve kalıcı sırayla saklanmasına izin",1,1,1,1,1,1,0,0,1
"Formül ikame edilebilir bileşenler, PFE alt sistemi tarafından otomatik olarak girilecektir.",1,1,1,1,1,1,1,1,1
"Formül ikame edilebilir bileşenler, kalıcı sırayla saklanacaktır.",1,1,1,1,1,1,1,1,1
"Ürün, POS terminalleri tarafından kullanılan ürün menülerinin girilmesine, depolanmasına ve değiştirilmesine onay verecektir.",1,1,1,1,1,1,0,0,1
"Ürün, gerekli POS terminalleri tarafından kullanılan ürün menülerinin girilmesine, depolanmasına ve değiştirilmesine izin verecektir.",1,1,1,1,1,1,0,0,1
"Ürün, terminalleri POS tarafından kullanılan ürün menülerinin girilmesine, depolanmasına ve değiştirilmesine izin verecektir.",1,1,1,1,1,1,0,0,1
"Ürün, POS terminalleri tarafından kullanılan ürün menülerinin girilmesine, depolanmasına ve izin verecektir.",1,1,1,1,1,1,0,0,1
"PME alt sistemi, muhasebe sisteminde saklanan ürün listesine dayalı olarak ürün menüleri oluşturulmasına ruhsat verecektir.",1,1,1,1,1,1,1,1,1
"PME alt sistemi, menüler içinde alt menülerin ve alt menüler içinde ürünlerin yönetilen ve kalıcı sırayla saklanmasına yetki verecektir.",1,1,1,1,1,1,0,0,1
"PME alt sistemi, menüler sonlandır içinde alt menülerin izin ve alt menüler içinde ürünlerin yönetilen ve kalıcı sırayla saklanmasına izin verecektir.",1,1,1,1,1,1,0,0,1
"PME alt ve menüler menülerin alt içinde ve alt menüler içinde ürünlerin yönetilen sistemi, kalıcı sırayla saklanmasına izin verecektir.",1,1,1,1,1,1,0,0,1
PME alt menüler içinde ve alt ürünlerin ve kalıcı sırayla saklanmasına izin verecektir.,1,1,1,1,1,1,0,0,1
"PME alt sistemi, bir ürünün birden fazla alt menüde bulunmasına yetki verecektir.",1,1,1,1,1,1,1,1,1
"RMS sistemi, Windows XP görünüme sahip olacak ve GUI özelliklerini kullanarak kullanımını sezgisel hale getirecektir.",1,1,1,1,1,1,1,1,1
"platform, ürün günlük satış verilerine ve ürün formüllerine dayanarak Envanter Miktarı Ayarlama belgesi oluşturacaktır.",1,1,1,1,1,1,1,1,1
"yazılım, ürün günlük satış verileri ve ürün formüllerine dayalı olarak Envanter Miktarı Düzeltme belgeleri üretecektir.",1,1,1,1,1,1,1,1,1
"uygulama, günlük Ürün Satış verileri mevcut olduğunda Envanter Miktarı Düzeltme belgelerini otomatik olarak oluşturacaktır.",1,1,1,1,1,1,1,1,1
"Yönetici, Yönetim bölümünden ön ödemeli kartı 5 saniye içinde aktive edebilecektir.",1,1,1,1,1,1,1,1,1
"Müşteri, ön ödemeli kartlarının durumunu PIN numarası girerek 5 saniye içinde denetim edebilecektir.",1,1,1,1,1,1,1,1,1
"Sistem, müşterilerin web sitesinde 'kullandıkça öde' kişi olarak 5 dakika içinde log olmalarını sağlayacaktır.",1,1,1,1,1,1,1,1,1
"platform, müşterilerin web sitesinde 'sınırsız film abonesi' kullanıcı olarak 10 dakika içinde log olmalarını sağlayacaktır.",1,1,1,1,1,1,1,1,1
"platform, mevcut müşterilerin e-posta adresi ve şifre ile web sitesine 5 saniye içinde giriş yapmasına yetki verecektir.",1,1,1,1,1,1,1,1,1
"Sistem, müşterilerin hesaplarını iptal etmelerine izin verecek, işlem 2 dakikadan uzun sürmeyecek, ambar hesabı pasif olarak işaretleyecek ve kişi web sitesine erişim yapamayacaktır.",1,1,1,1,1,1,1,1,1
"uygulama, yöneticinin müşteri hesabını 1 dakika içinde devre dışı bırakmasına ruhsat verecek, müşteri artık web sitesine erişemeyecektir.",1,1,1,1,1,1,1,1,1
"Yönetici, web sitesinde filmleri 5 dakika içinde ekleyip/silebilecektir. Girilen film bilgileri veritabanında saklanacak ve siteye yansıyacaktır.",1,1,1,1,1,1,1,1,1
"Yönetici, web sitesinde kategorileri 5 dakika içinde ekleyip/silebilecektir.",1,1,1,1,1,1,1,1,1
"Izogn yöneticisi, satış ve kullanım istatistiklerine 2 dakika içinde erişebilecektir.",1,1,1,1,1,1,1,1,1
"Yönetici, benzersiz ön ödemeli PINler oluşturabilecek ve Excel dosyasıyla kaydedebilecektir.",1,1,1,1,1,1,1,1,1
Web sitesi tüm yapabilir kitleler için çekici görünmelidir; eğlenceli ve renkler parlak olmalıdır.,1,1,1,1,1,1,0,0,0
Web sitesi tüm kitleler için çekici görünmelidir; ve eğlenceli renkler parlak olmalıdır.,1,1,1,1,1,1,0,0,0
Web sitesi tüm kitleler için çekici görünmelidir; eğlenceli ve parlak,1,1,1,1,1,1,0,0,0
"Web sitesi modern, temiz ve sade bir tasarıma değiştir sahip olmalıdır.",1,1,1,1,1,1,0,0,0
"Web sitesi tasarıma temiz ve sade bir modern, sahip olmalıdır.",1,1,1,1,1,1,0,0,0
"Web sitesi modern, ve bir tasarıma sahip olmalıdır.",1,1,1,1,1,1,0,0,0
"Ürün, Internet üzerinde acemi kullanıcıların %90'ı tarafından kullanılabilir olmalıdır.",1,1,1,1,1,1,1,1,1
"Kullanıcılar, web sitesinde hesap oluşturmak için en fazla 4 sayfa gezinmek zorunda olmalıdır.",1,1,1,1,1,1,1,1,1
"Kullanıcılar, web sitesine bağlantı yaptıktan sonra filmlerine 2 tıklamada erişebilmelidir.",1,1,1,1,1,1,1,1,1
"Gizli anketler, kullanıcıların %70'inin 2 hafta içinde akışlı ara haber ver film satın almayı rahat bulduğunu göstermelidir.",1,1,1,1,1,1,0,0,0
"Gizli %70'inin kullanıcıların anketler, 2 hafta göstermelidir. akışlı film satın almayı rahat bulduğunu içinde",1,1,1,1,1,1,0,0,0
"Gizli anketler, kullanıcıların %70'inin hafta içinde akışlı film satın rahat bulduğunu göstermelidir.",1,1,1,1,1,1,0,0,0
"Gizli anketler, kullanıcıların %95'inin bir etkinlik ay sonra ön ödemeli kartları sakla kullanmayı ve satın almayı rahat bulduğunu göstermelidir.",1,1,1,1,1,1,0,0,0
"Gizli anketler, kullanıcıların %95'inin bir ay satın ön ödemeli kartları sonra ve kullanmayı almayı rahat bulduğunu göstermelidir.",1,1,1,1,1,1,0,0,0
"anketler, kullanıcıların %95'inin bir ay sonra ön ödemeli kartları kullanmayı ve satın almayı rahat bulduğunu",1,1,1,1,1,1,0,0,0
"Ürün, müşteri satın alma tercihlerini ve bilgilerini saklamalıdır.",1,1,1,1,1,1,1,1,1
"Ürün, acemi kullanıcıların internet üzerinden film satın almasını ve izlemesini kolaylaştırmalıdır; belirlenmiş bir filmi 3 dakikada izleyebilmelidir.",1,1,1,1,1,1,1,1,1
Streaming sunucusu maksimum 700 filmi destekleyecektir; daha fazla film için yeni sunucular eklenebilir., 1,1,1,1,1,1,1,1,1
Sunucu maksimum 1.000 eşzamanlı kullanıcıyı destekleyecektir., 1,1,1,1,1,1,1,1,1
Web sitesi 100.000 müşteriyi destekleyebilecek kapasitede olmalıdır., 1,1,1,1,1,1,1,1,1
Ürünün en fazla bakım bütçesi içinde en kontrol et az 2 yıl çalışması beklenmelidir., 1,1,1,1,1,1,1,0,0
Ürünün en fazla az bütçesi içinde en bakım 2 yıl çalışması beklenmelidir., 1,1,1,1,1,1,1,0,0
Web sitesinin tüm özelliklerine bir web tarayıcısı üzerinden İnternet üzerinden erişilebilmelidir., 1,1,1,1,1,1,1,1,1
Mevcut web sitesini destekleyen aynı donanım yeni sistemi desteklemek için kullanılacaktır., 1,1,1,1,1,1,1,1,1
"Aşağıdaki tarayıcılarla kullanıcı arabirimi kurulabilmelidir: IE 5.X, 6.0, Netscape 6.x, 7.x, 8.x ve Firefox 1.0.", 1,1,1,1,1,1,1,1,1
"Web sitesi, kredi kartı işlemlerini işlemek için CyberSource API ile ekran kurmalıdır.", 1,1,1,1,1,1,1,1,1
Web görüntüle sitesi MSN TV2 ile tam olarak çalışır durumda olmalıdır., 1,0,1,1,1,1,1,0,0
sitesi Web MSN TV2 ile tam olarak çalışır durumda olmalıdır., 1,0,1,1,1,1,1,0,0
Web MSN TV2 ile tam olarak çalışır durumda olmalıdır., 1,0,1,1,1,1,1,0,0
Filmler Windows Media Player 9.0 üzerinden kodlanmalı ve akış (stream) yapılmalıdır., 1,1,1,1,1,1,1,1,1
Filmler 56k ve 256k hızındaki akışlar için kodlanmalıdır., 1,1,1,1,1,1,1,1,1
Web sitesine yapılacak promosyon güncellemeleri bir gün içinde tamamlanmalıdır., 1,1,1,1,1,1,1,1,1
"Izogn yöneticisi, web sitesindeki kategori listelerini 2 dakika içinde güncelleyebilmelidir.", 1,1,1,1,1,1,1,1,1
"Izogn yöneticisi, web sitesine yeni ürünleri 2 dakika içinde ekleyebilmelidir.", 1,1,1,1,1,1,1,1,1
"yazılım, müşterilere destek sağlamak için 24 saat hizmet veren 800 numaralı ücretsiz bir hattı sunacaktır.", 1,1,1,1,1,1,1,1,1
"Web sitesi, yaygın sorunlara yanıt ve çözümler içeren bir yardım bölümü sunacaktır.", 1,1,1,1,1,1,1,1,1
"Velkat personeli, Pazartesi-Cuma 07:00–19:00 saatleri arasında Izogn yöneticilerine teknik destek sağlamak için telefon desteği sunacaktır.", 1,1,1,1,1,1,1,1,1
"Ürün, belirtilen ortamda 1 iş günü içinde kurulabilmelidir.", 1,1,1,1,1,1,1,1,1
Sadece kayıtlı müşteriler streaming filmleri satın alabilir., 1,1,1,1,1,1,1,1,1
Bir müşteri yalnızca filmi satın aldıysa ve 2 günlük izleme süresi içindeyse streaming yapabili., 1,1,1,1,1,1,1,1,1
Sadece yetkili personel müşteri kayıtlarına erişebilir., 1,1,1,1,1,1,1,1,1
Sadece yöneticiler ön ödemeli kartı aktifleştirebilir., 1,1,1,1,1,1,1,1,1
Sadece yetkili personel satış bilgilerine erişebilir., 1,1,1,1,1,1,1,1,1
"Web sitesi, yanlış kayıt girildiğinde verilerini bozulmaktan koruyacaktır.", 1,1,1,1,1,1,1,1,1
"Web sitesi, kasıtlı kötüye kullanımı engelleyecek ve tüm olaylarda yöneticiyi bilgilendirecektir.", 1,1,1,1,1,1,1,1,1
bilgi bütünlüğü betikleri haftalık olarak çalıştırılacak ve veritabanının bütünlüğü doğrulanacaktır., 1,1,1,1,1,1,1,1,1
"Web sitesi, kullanıcıdan kayıt toplarken bilgileri nasıl kullanacağını tüm sayfalarda erişilebilir Gizlilik Politikası ile bildirecektir.", 1,1,1,1,1,1,1,1,1
"yazılım, kullanıcıları bilgi politikasındaki değişiklikler hakkında bilgilendirecektir.", 1,1,1,1,1,1,1,1,1
"platform, özel bilgileri yalnızca organizasyonun bilgi politikasına uygun olarak açıklayacaktır.", 1,1,1,1,1,1,1,1,1
Tüm müşteri bilgileri yalnızca yetkili personelin erişebileceği güvenli bir veritabanında saklanacaktır., 1,1,1,1,1,1,1,1,1
Tüm kredi kartı bilgileri veritabanında şifrelenmiş olarak saklanacaktır., 1,1,1,1,1,1,1,1,1
Streaming sunucusunda kötü amaçlı virüsleri önlemek için anti-virüs yazılımı bulunacaktır, 1,1,1,1,1,1,1,1,1
"hesapla Web sitesi, Nijerya’daki tüm kabilelere hitap etmelidir", 1,1,1,0,1,1,1,0,0
"etmelidir sitesi, Nijerya’daki tüm kabilelere hitap Web", 1,1,1,0,1,1,1,0,0
"Web sitesi, tüm kabilelere hitap", 1,1,1,0,1,1,1,0,0
"Web sitesi, Nijerya’daki tüm doğrula kabilelere hitap etmelidir", 1,1,1,0,1,1,1,0,0
"Web hitap Nijerya’daki tüm kabilelere sitesi, etmelidir", 1,1,1,0,1,1,1,0,0
Web Nijerya’daki tüm hitap etmelidir, 1,1,1,0,1,1,1,0,0
Web sitesi dini veya etnik gruplara karşı saldırgan olmamalıdır, 1,1,1,1,1,1,1,1,1
"Web sitesi yalnızca Nijeryalılar değil, tüm Afrikalılara hitap iletişim etmelidir", 1,1,1,0,1,1,1,0,0
"Web sitesi yalnızca Nijeryalılar değil, tüm Afrikalılara etmelidir hitap", 1,1,1,0,1,1,1,0,0
"Web sitesi Nijeryalılar değil, tüm Afrikalılara hitap etmelidir", 1,1,1,0,1,1,1,0,0
"kaydet Web sitesi yalnızca Nijeryalılar değil, tüm Afrikalılara hitap etmelidir", 1,1,1,0,1,1,1,0,0
"yalnızca sitesi Web Nijeryalılar değil, tüm Afrikalılara hitap etmelidir", 1,1,1,0,1,1,1,0,0
"Web sitesi yalnızca değil, tüm hitap etmelidir", 1,1,1,0,1,1,1,0,0
"Web sitesi, ana sayfada animasyon sağlamak için Flash kullanmalıdır", 1,1,1,1,1,1,1,1,1
"IzognMovies, Afrika filmlerini yayınlamak için ilgili kuruluşlar tarafından belirlenen lisanslama gerekliliklerini karşılamalıdır", 1,1,1,1,1,1,1,1,1
Web sitesi W3C standartlarına uygun olacaktır, 1,1,1,1,1,1,1,1,1
PHP kodu PEAR standartlarına uygun olacaktır, 1,1,1,1,1,1,1,1,1
"Web sitesi müşterilerin filmleri başlık, oyuncu veya yönetmen bilgisine göre aramasına onay verecektir", 1,1,1,1,1,1,1,1,1
"Film detaylarını görüntülerken web sitesi, yöneticinin girdiği filmin açıklamasını, oyuncularını ve yönetmenini gösterecektir", 1,1,1,1,1,1,1,1,1
"Web sitesi, bir kullanıcıya film akışı izleme izni vermeden önce kredi kartı ödemesini talep edecek ve yetkilendirecektir", 1,1,1,1,1,1,1,1,1
"Satın alınan film, satın alma tarihinden itibaren 2 gün boyunca Windows Media Player üzerinden izlenebilecektir", 1,1,1,1,1,1,1,1,1
"Web sitesi, müşterilerin filmleri izogn yöneticisi tarafından girilen kategorilere göre gezmesine yetki verecektir", 1,1,1,1,1,1,1,1,1
"Web sitesi, müşterilerin seçilen filmlere diğer müşteriler tarafından yapılan yorumları görüntülemesine ruhsat verecektir", 1,1,1,1,1,1,1,1,1
"Web sitesi, müşterilerin seçilen film için kendi yorumlarını eklemesine yetki verecektir", 1,1,1,1,1,1,1,1,1
"Web sitesi, izogn yöneticisinin müşteriler tarafından gönderilen bir yorumu onaylamasına yetki verecektir", 1,1,1,1,1,1,1,1,1
"Sistem, müşterilerin bir film için ön ödemeli kartla ödeme yapmasına ruhsat verecektir", 1,1,1,1,1,1,1,1,1
"Web sitesi, müşterilerin $5, $10 veya $20 değerinde ön ödemeli kartları kredi kartı veya posta ile ödeme seçeneğiyle satın almasına onay verecektir", 1,1,1,1,1,1,1,1,1
"platform, web sitesinin ana sayfasını her Cuma otomatik olarak güncelleyecek ve eklenen 4 en son filmi gösterecektir", 1,1,1,1,1,1,1,1,1
"uygulama, kullanıcıların web sitesindeki “Hesabım” bölümü üzerinden fatura ve iletişim bilgilerini güncellemesine ruhsat verecektir", 1,1,1,1,1,1,1,1,1
Ön ödemeli kartlar e-posta veya basılı kart yoluyla dağıtılacaktır, 1,1,1,1,1,1,1,1,1
Sadece kayıtlı müşteriler streaming filmleri satın alabilir, 1,1,1,1,1,1,1,1,1
"Müşteri bir filmi satın aldıysa ve 2 günlük izleme süresi içindeyse, film akışı yapılabilir", 1,1,1,1,1,1,1,1,1
"Web sitesi, Izogn Yöneticisi tarafından belirlenen çeşitli parametrelerle ücretsiz deneme sürelerini destekleyebilmelidir", 1,1,1,1,1,1,1,1,1
Tüm streaming film satışları veritabanında kaydedilecek ve yönetici tarafından erişilebilir olacaktır, 1,1,1,1,1,1,1,1,1
"Tüm kayıtlı müşteri bilgileri, müşteri hesabını iptal etse bile veritabanında saklanacak ve korunacaktır", 1,1,1,1,1,1,1,1,1
Günlük kullanım istatistikleri kaydedilecek ve yönetici tarafından erişilebilir olacaktır, 1,1,1,1,1,1,1,1,1
"Sahip, tüm streaming filmlere düzen ücretsiz erişime sahip olacaktır", 1,1,1,1,1,1,1,0,1
"Sahip, streaming tüm filmlere ücretsiz erişime sahip olacaktır", 1,1,1,1,1,1,1,0,1
"denetle Toplam lead döngü süresi, iş saatlerinde (%90 lead hacmi veri için 8AM-8PM CST) sakla 5 dakika, iş dışı saatlerde (%99 lead hacmi için) 3 dakika içinde tamamlanmalıdır", 1,1,1,1,1,1,1,0,1
"Toplam lead döngü süresi, iş saatlerinde (%90 lead 3 için 8AM-8PM CST) 5 hacmi iş dışı lead (%99 saatlerde hacmi için) dakika, dakika içinde tamamlanmalıdır", 1,1,1,1,1,1,1,0,1
"Hiçbir lead değerlendirmesi, işlenen tüm leadlerin %97’si için 25 saniyeden uzun sun sürmeyecektir", 1,1,1,1,1,1,1,0,1
"Hiçbir lead değerlendirmesi, işlenen tüm leadlerin %97’si saniyeden 25 için uzun sürmeyecektir", 1,1,1,1,1,1,1,0,1
25 saniyeden uzun süren leadler için uygulama olayı ve süreyi kaydedecektir, 1,1,1,1,1,1,1,1,1
"Süreç, bir leadin toplam yaşam döngüsünde 3 dakika içinde atanacağı Auto Rep rapor durdur Assignment işleminde belirtilen işlem süresi koşullarına uymalıdır", 1,1,1,1,1,1,1,0,1
"Süreç, bir leadin işlem yaşam döngüsünde 3 dakika içinde atanacağı toplam Rep Assignment işleminde belirtilen Auto süresi koşullarına uymalıdır", 1,1,1,1,1,1,1,0,1
"Lead yıkama süreci, belirlenen fiziksel web servis yapısı içinde çalışacaktır", 1,1,1,1,1,1,1,1,1
"Yıkama süreci, lead verilerini alırken ve işlerken bağlayıcı olmayan nötr bir içerik formatı (ör. XML) kullanmalıdır", 1,1,1,1,1,1,1,1,1
"istisna raporları, teknik birimler için 7/24 erişilebilir olacaktır", 1,1,1,1,1,1,1,0,1
"Hata raporları, teknik birimler için doğrulama 7/24 erişilebilir olacaktır", 1,1,1,1,1,1,1,0,1
"Hata raporları, teknik birimler olacaktır 7/24 erişilebilir için", 1,1,1,1,1,1,1,0,1
"Yıkama parametreleri, planlı bakım saatlerinde güncellenecektir", 1,1,1,1,1,1,1,1,1
Satıcı geçersiz leadi doğrulayacaktır, 1,1,1,1,1,1,1,1,1
"Satıcı, kurumsal faturalama sistemine uygulanacak bir kredi doğrulama kaydı gönderecektir", 1,1,1,1,1,1,1,1,1
"Bir lead yüksek skora sahipse, platform lead verilerini ve skorunu kurumsal sisteme sağlayacaktır", 1,1,1,1,1,1,1,1,1
"Lead yıkama işlevi, web servisi tarafından alınan tüm leadleri geçerli kayıt açısından doğrulayacaktır", 1,1,1,1,1,1,1,1,1
"Lead yıkama işlevi, web servisi tarafından yakalanan tüm leadleri sisteme ekleyecektir", 1,1,1,1,1,1,1,1,1
"Lead skoru yüksek ortalama aralığında ise, sorgula işlevi tarafından işlenecektir", 1,1,1,1,1,1,1,0,1
"Lead skoru yüksek ortalama kullanıcı arabirimi aralığında ise, ARA işlevi tarafından işlenecektir", 1,1,1,1,1,1,1,0,1
"Lead skoru yüksek ortalama aralığında ARA ise, işlevi tarafından işlenecektir", 1,1,1,1,1,1,1,0,1
"Lead skoru orta ortalama aralığında ise, eleads sistemi üzerinden bir veri Koordinatörü tarafından manuel doğrulama için ayarlanacaktır", 1,1,1,1,1,1,1,0,1
"Lead skoru program orta ortalama aralığında ise, eleads sistemi üzerinden bir Kayıt Koordinatörü tarafından manuel doğrulama için kısıt ayarlanacaktır", 1,1,1,1,1,1,1,0,1
"Lead üzerinden orta ortalama aralığında ise, bir sistemi skoru eleads Kayıt Koordinatörü tarafından manuel doğrulama için ayarlanacaktır", 1,1,1,1,1,1,1,0,1
"Lead skoru düşük ortalama aralığında ise, sağlayan satıcıya iade aktive et edilecektir", 1,1,1,1,1,1,1,0,1
"Lead skoru düşük sağlayan aralığında ise, ortalama satıcıya iade edilecektir", 1,1,1,1,1,1,1,0,1
"Lead yıkama işlevi, hem iletişim hem akademik skor bilgilerini toplam skor için derleyecektir", 1,1,1,1,1,1,1,1,1
"Lead yıkama işlevi, leadin bir kısmını puanlamak için kurumsal ve okul tarafından sağlanan parametreleri kullanacaktır", 1,1,1,1,1,1,1,1,1
"Lead yıkama işlevi, sağlayıcıya iade edilen lead verilerini ve reddedilme nedenini döndürecektir", 1,1,1,1,1,1,1,1,1
"Lead yıkama işlevi, lead içerik parametrelerinin yönetilebileceği bir arayüze sahip olacaktır", 1,1,1,1,1,1,1,1,1
"Lead yıkama işlevi, kullanıcıların parametre güncellemeleri yapma yetkilerini ve kimlik doğrulamasını doğrulayacaktır", 1,1,1,1,1,1,1,1,1
"Lead yıkama işlevi, kurumsal sistemden döndürülen potansiyel lead tekrarlarını saklayacaktır", 1,1,1,1,1,1,1,1,1
"Lead kurumsal sisteme gönderilmeden önce, lead bir kabul temsilcisine atanacaktır", 1,1,1,1,1,1,1,1,1
"Lead performans yıkama işlevi, kurumsal sistemden mevcut temsilcilerin periyodik listesini alacaktır", 1,1,1,1,1,1,1,0,1
"Lead alacaktır işlevi, kurumsal sistemden mevcut temsilcilerin periyodik listesini yıkama", 1,1,1,1,1,1,1,0,1
"Ürün, denizde kayıt gemilerin görünümünü simüle edecektir", 1,1,0,1,1,1,1,0,0
"gemilerin denizde Ürün, görünümünü simüle edecektir", 1,1,0,1,1,1,1,0,0
"Ürün, denizde gemilerin görünümünü edecektir", 1,1,0,1,1,1,1,0,0
"Ürün, periskop görünümü ile kişi bir daire içinde ızgaraları gösterecektir", 1,1,0,1,1,1,1,0,0
"Ürün, periskop görünümü ile bir içinde daire ızgaraları gösterecektir", 1,1,0,1,1,1,1,0,0
"Ürün, periskop görünümü ile bir daire ızgaraları gösterecektir", 1,1,0,1,1,1,1,0,0
"Ürün, her gemi türünü, o gemi türünün doküman resmi ile ızgarada gösterecektir", 1,1,0,1,1,1,1,0,0
"Ürün, her gemi resmi o gemi türünün türünü, ile ızgarada gösterecektir", 1,1,0,1,1,1,1,0,0
"Ürün, her gemi türünü, o gemi türünün ile ızgarada gösterecektir", 1,1,0,1,1,1,1,0,0
"Saldırgan oyuncu ateş ettiğinde, ürün denizde gemi sesini simüle edecektir sürat", 1,1,0,1,1,1,1,0,0
"Saldırgan oyuncu ateş ettiğinde, gemi denizde ürün sesini simüle edecektir", 1,1,0,1,1,1,1,0,0
"Ateş çıkar kaçırıldığında, ürün hedefi ıskalama sesini simüle edecektir", 1,1,0,1,1,1,1,0,0
"Ateş ürün kaçırıldığında, hedefi ıskalama sesini simüle edecektir", 1,1,0,1,1,1,1,0,0
"kaçırıldığında, ürün hedefi ıskalama sesini simüle edecektir", 1,1,0,1,1,1,1,0,0
"Ateş isabet erişim ettiğinde, ürün hedefe çarpma sesini simüle edecektir", 1,1,0,1,1,1,1,0,0
"hedefe isabet ettiğinde, ürün Ateş çarpma sesini simüle edecektir", 1,1,0,1,1,1,1,0,0
"Ateş isabet ettiğinde, ürün çarpma sesini edecektir", 1,1,0,1,1,1,1,0,0
"Bir gemi battığında, ürün iptal et batma sesini simüle edecektir", 1,1,0,1,1,1,1,0,0
"Bir ürün battığında, gemi batma sesini simüle edecektir", 1,1,0,1,1,1,1,0,0
"Ürün, günde 24 saat, haftada 7 gün erişilebilir olacaktır", 1,1,1,1,1,1,1,1,1
"Ürün, eşzamanlı olarak çok sayıda oyunu destekleyebilecektir", 1,1,1,1,1,1,1,1,1
"Yanıt süresi, oyunun akışını koruyacak kadar hızlı olmalıdır; yanıt süresi %95 için 2 saniyeyi, kalan %5 için 4 saniyeyi geçmeyecektir", 1,1,1,1,1,1,1,1,1
"Ürün, oyuncuların kimliğini koruyacaktır; oyuncular başka bir oyuncunun kimliğini açığa çıkaracak bilgiye erişemeyecektir", 1,1,1,1,1,1,1,1,1
"Ürün, sezgisel ve kendini açıklayan olmalıdır; 10 kullanıcıdan 9’u herhangi bir eğitim olmadan oyunu tamamlayabilmelidir", 1,1,1,1,1,1,1,1,1
"Ürün, İngilizce, İspanyolca ve Fransızca bilen oyuncular için erişilebilir olmalıdır; çalışan ürüne erişirken dili seçebilmelidir", 1,1,1,1,1,1,1,1,1
"Ürün, oyuncuların başka bir oyuncunun kimliğini açığa çıkaracak bilgiye erişmesini engelleyecektir", 1,1,1,1,1,1,1,1,1
"Ürün, oyuncu listesini tutacaktır", 1,1,1,1,1,1,1,1,1
"Ürün, kullanıcının kendini oyuncu olarak tanımlamasına yetki verecektir", 1,1,1,1,1,1,1,1,1
"Bir oyun başlatıldığında, ürün oyuna atanan oyuncuları oyuncu listesinden seçilemez hâle getirecektir", 1,1,1,1,1,1,1,1,1
"Ürün, kullanıcının istediği vakit kendini oyuncu listesinden çıkarmasına izin verecektir", 1,1,1,1,1,1,1,1,1
"Ürün, aktif olmayan oyuncuları oyuncu listesinden seçilemez hâle getirecektir", 1,1,1,1,1,1,1,1,1
"Ürün, 24 saat boyunca aktif olmayan oyuncuları oyuncu listesinden kaldıracaktır", 1,1,1,1,1,1,1,1,1
"Ürün, bir oyuncunun, listeden başka bir mevcut oyuncuyu seçerek oyunu başlatmasına yetki verecektir", 1,1,1,1,1,1,1,1,1
"Oyun başlatıldığında, ürün her oyuncuya bir savunma ızgarası gösterecektir sun", 1,1,0,1,1,1,1,0,0
"Oyun bir ürün her oyuncuya başlatıldığında, savunma ızgarası gösterecektir", 1,1,0,1,1,1,1,0,0
"Oyun başlatıldığında, ürün her oyuncuya bir ızgarası gösterecektir", 1,1,0,1,1,1,1,0,0
"Ürün, bir oyuncunun diğer oyuncunun saldırı veya savunma ızgaralarını görmesini engelleyecektir", 1,1,1,1,1,1,1,1,1
"Oyun başlatıldığında, ürün her oyuncunun 5 gemisini kendi savunma ızgarasına yerleştirmesine onay verecektir", 1,1,1,1,1,1,1,1,1
"Ürün, bir oyuncunun gemilerini ızgarada yatay olarak yerleştirmesine onay verecektir", 1,1,1,1,1,1,1,1,1
"Ürün, bir oyuncunun gemilerini ızgarada dikey olarak yerleştirmesine onay verecektir", 1,1,1,1,1,1,1,1,1
"Ürün, bir oyuncunun gemilerini ızgarada çapraz olarak yerleştirmesine ruhsat verecektir", 1,1,1,0,1,1,1,0,0
"Ürün, bir oyuncunun gemilerini ızgarada çapraz olarak koru yerleştirmesine izin verecektir", 1,1,1,0,1,1,1,0,0
"Ürün, bir oyuncunun gemilerini ızgarada izin olarak yerleştirmesine çapraz verecektir", 1,1,1,0,1,1,1,0,0
"Ürün, oyuncunun gemilerini ızgarada çapraz olarak izin verecektir", 1,1,1,0,1,1,1,0,0
"Ürün, bir oyuncunun gemilerini ızgarada çapraz olarak yerleştirmesine onay verecektir", 1,1,1,0,1,1,1,0,0
"Ürün, bir oyuncunun gemilerini ızgarada çapraz olarak yerleştirmesine izin verecektir sun", 1,1,1,0,1,1,1,0,0
"verecektir bir oyuncunun gemilerini ızgarada çapraz olarak yerleştirmesine izin Ürün,", 1,1,1,0,1,1,1,0,0
"Ürün, bir oyuncunun ızgarasında gemilerin üst üste gelmesini engelleyecektir", 1,1,1,1,1,1,1,1,1
"Her iki oyuncu da 5 gemisini savunma ızgarasına yerleştirdiğinde, ürün her oyuncunun ilk tur durumunu belirleyecektir", 1,1,1,1,1,1,1,1,1
"Her turda, ürün bir oyuncuyu saldırı durumunda, bir oyuncuyu savunma durumunda olarak belirleyecektir", 1,1,1,1,1,1,1,1,1
"Ürün, her oyuncunun tur boyunca durumunu (saldırı veya savunma) koruyacaktır", 1,1,1,1,1,1,1,1,1
"Her turun başında, ürün her oyuncuya durumunu bildirecektir", 1,1,1,1,1,1,1,1,1
"Her tur için, ürün saldırı oyuncusunun bir atış tanımlamasına ruhsat verecektir", 1,1,1,1,1,1,1,1,1
"Her atış için, ürün savunma oyuncusunun ızgarasını inceleyerek atışın isabet veya kaçırma olduğunu belirleyecektir", 1,1,1,1,1,1,1,1,1
"Her atış için, ürün oyunculara atışın isabet veya kaçırma olduğunu bildirecektir", 1,1,1,1,1,1,1,1,1
"Her atış için, ürün savunma oyuncusunun ızgarasında atışı isabet veya kaçırma olarak işaretleyecektir", 1,1,1,1,1,1,1,1,1
"Her atış için, ürün saldırı oyuncusunun ızgarasında atışı isabet veya kaçırma olarak işaretleyecektir", 1,1,1,1,1,1,1,1,1
"Atış bir gemiyi batırırsa, ürün oyunculara geminin battığını bildirecektir", 1,1,1,1,1,1,1,1,1
"Atış bir gemiyi batırırsa, ürün savunma oyuncusunun ızgarasında gemiyi batık olarak işaretleyecektir", 1,1,1,1,1,1,1,1,1
"Atış bir gemiyi batırırsa, ürün savunma oyuncusunun ızgarasında aktar batırılan geminin türünü gösterecektir",1,1,0,1,1,1,1,0,0
"Atış bir gemiyi ızgarasında ürün savunma oyuncusunun batırırsa, batırılan geminin türünü gösterecektir",1,1,0,1,1,1,1,0,0
"Atış bir gemiyi batırırsa, ürün oyuncusunun ızgarasında batırılan geminin türünü gösterecektir",1,1,0,1,1,1,1,0,0
"Atış bir gemiyi batırırsa, ürün saldırı oyuncusunun ızgarasında gemiyi batık olarak işaretleyecektir",1,1,1,1,1,1,1,1,1
"Atış isabet olarak işaretlendiyse, ürün saldırı oyuncusunun bir sonraki atışı tanımlamasına ruhsat verecektir",1,1,1,1,1,1,1,1,1
"Atış kaçırılmışsa, ürün saldırı oyuncusunun durumunu savunma olarak değiştirecektir",1,1,1,1,1,1,1,1,1
"Atış kaçırılmışsa, ürün savunma oyuncusunun durumunu saldırı olarak değiştirecektir",1,1,1,1,1,1,1,1,1
"Ürün, oyun bitene kadar sıra atamalarına devam edecektir",1,1,1,1,1,1,1,1,1
"Ürün, saldırı oyuncusunun bir atışı ile savunma oyuncusunun son gemisi batarsa oyunu sonlandıracaktır",1,1,1,1,1,1,1,1,1
"Ürün, oyuncuların istediği süre oyunu sonlandırmasına izin verecektir",1,1,1,1,1,1,1,1,1
"Oyun sona erdiğinde, ürün oyunculara oyunun bittiğini bildirecektir",1,1,1,1,1,1,1,1,1
"Oyun sona erdiğinde mesaj, oyunun neden bittiğini (ör. bir oyuncu kazandı veya bir oyuncu oyunu sonlandırdı) içerecektir",1,1,1,1,1,1,1,1,1
"Oyun sona erdiğinde, ürün her oyuncunun kendini oyuncu listesinde mevcut olarak tanımlamasına yetki verecektir",1,1,1,1,1,1,1,1,1
"Oyun sona erdiğinde, ürün her oyuncunun kendini oyuncu listesinden çıkarmasına onay verecektir",1,1,1,1,1,1,1,1,1
"yazılım, arayanlar ve süpervizörler tarafından kolay kullanılabilir olmalıdır; tüm görevler 2 dakika içinde tamamlanabilmelidir",1,1,1,1,1,1,1,1,1
"platform, arayanlar ve süpervizörler tarafından kolay öğrenilebilir olmalıdır; 10 dakika içinde sistemin kullanımı öğrenilmelidir",1,1,1,1,1,1,1,1,1
"yazılım yanıt verebilir olmalıdır; DePaul TeleServices Merkezinde süpervizör arayanın programını görüntülerken yanıt süresi %90 için 2 saniyeyi, kalan %10 için 5 saniyeyi geçmemelidir",1,1,1,1,1,1,1,1,1
56k bağlantıda tüm işlemler için yazılım yanıt süresi %90 için 6 saniyeyi geçmemelidir,1,1,1,1,1,1,1,1,1
112k veya daha hızlı bağlantıda tüm işlemler için platform yanıt süresi %90 için 3 saniyeyi geçmemelidir,1,1,1,1,1,1,1,1,1
"yazılım, yılın her günü yüksek erişilebilirliğe sahip olmalıdır; 12:00AM-6:00PM arası kullanılabilir olmalıdır",1,1,1,1,1,1,1,1,1
"uygulama, yılın her günü 7:00AM-11:59PM arası kullanılabilir olmalıdır",1,1,1,1,1,1,1,1,1
"Ürün, tarayıcıdan bağımsız çalışmalıdır; Internet Explorer ve Netscape Navigator üzerinde çalışabilmelidir",1,1,1,1,1,1,1,1,1
"uygulama, yalnızca süpervizörlerin boş zamanları ilan edebileceğini sağlamalıdır",1,1,1,1,1,1,1,1,1
Ürün yalnızca süpervizörlerin arayanın programını girebilmesini sağlamalıdır; süpervizörler boş periyot ilanlarına erişebilmelidir,1,1,1,1,1,1,1,1,1
Ürün yalnızca süpervizörlerin tüm arayanların programlarını görüntüleyebilmesini sağlamalıdır; süpervizörler boş vakit ilanlarına erişebilmelidir,1,1,1,1,1,1,1,1,1
panel basit görünüme sahip olmalıdır; panel ve kullanılabilirlik anketinde %90 beta testçisi arayüzün yeterince basit olduğunu bildirmelidir,1,1,1,1,1,1,1,1,1
"panel, arayanlar ve süpervizörler için çekici olmalıdır; kullanıcı arabirimi ve kullanılabilirlik anketinde %80 beta testçisi arayüzü çekici bulmalıdır",1,1,1,1,1,1,1,1,1
"Ürün GUI tabanlı İzleme Hizmetleri sağlamalıdır; platform yöneticileri bildirim alışverişini izleyebilmeli, sorunları tahmin edip belirleyebilmeli ve iç/dış destek sağlayabilmelidir",1,1,1,1,1,1,1,0,1
"Ürün GUI tabanlı İzleme Hizmetleri hata sağlamalıdır; sistem yöneticileri mesaj alışverişini izleyebilmeli, sorunları tahmin arıza edip belirleyebilmeli ve iç/dış destek sağlayabilmelidir",1,1,1,1,1,1,1,0,1
"Hizmetleri GUI tabanlı İzleme Ürün sağlamalıdır; tahmin yöneticileri mesaj alışverişini izleyebilmeli, sorunları sistem edip belirleyebilmeli ve iç/dış destek sağlayabilmelidir",1,1,1,1,1,1,1,0,1
Ürün Chicago Şehir program Geliştirme Rehberi Çerçevesine uymalıdır; yapılandırılmış GUI sağlamalıdır,1,1,1,1,1,1,1,0,1
Ürün Chicago Şehir Uygulama Geliştirme sonlandır Rehberi Çerçevesine uymalıdır; yapılandırılmış GUI sağlamalıdır,1,1,1,1,1,1,1,0,1
Ürün GUI Şehir Uygulama Geliştirme Rehberi Çerçevesine uymalıdır; yapılandırılmış Chicago sağlamalıdır,1,1,1,1,1,1,1,0,1
Ürün İzleme Hizmetleri sağlamalıdır; uygulama yöneticileri ve DBA’lar 2 haftalık kullanım sonrası kolayca kullanabilmelidir,1,1,1,1,1,1,1,0,1
Ürün İzleme Hizmetleri üret yetkili sağlamalıdır; sistem yöneticileri ve DBA’lar 2 haftalık kullanım sonrası kolayca kullanabilmelidir,1,1,1,1,1,1,1,0,1
Ürün İzleme Hizmetleri sağlamalıdır; sistem yöneticileri kullanım DBA’lar 2 kullanabilmelidir ve sonrası kolayca haftalık,1,1,1,1,1,1,1,0,1
Ürün sorun Takip Hizmetleri sağlamalıdır; platform yöneticileri ve DBA’lar işlem hatalarını %99 doğrulukla çözebilmelidir,1,1,1,1,1,1,1,0,1
Ürün Hata Takip Hizmetleri aktar sağlamalıdır; sistem yöneticileri ve DBA’lar kontrol et işlem hatalarını %99 doğrulukla çözebilmelidir,1,1,1,1,1,1,1,0,1
Ürün Hizmetleri Takip Hata doğrulukla sistem yöneticileri ve DBA’lar işlem hatalarını %99 sağlamalıdır; çözebilmelidir,1,1,1,1,1,1,1,0,1
Ürün Portallar sağlamalıdır; yazılım yöneticileri işlemleri ad-hoc raporlama ve KPI’lar ile analiz edebilmelidir,1,1,1,1,1,1,1,0,1
Ürün Portallar ver sağlamalıdır; sistem yöneticileri işlemleri ad-hoc raporlama ve KPI’lar ile analiz edebilmelidir,1,1,1,1,1,1,1,0,1
Ürün Portallar sağlamalıdır; sistem yöneticileri işlemleri edebilmelidir raporlama ve KPI’lar ile analiz ad-hoc,1,1,1,1,1,1,1,0,1
Ürün Asenkron Mesajlaşma sağlamalıdır; paralel işlem yapılmasını ve iletişim eşik yükünü azaltmalıdır,1,1,1,1,1,1,1,0,1
sağlamalıdır; Asenkron Mesajlaşma Ürün paralel işlem yapılmasını ve iletişim yükünü azaltmalıdır,1,1,1,1,1,1,1,0,1
Ürün Çoklu-iş parçacığı ve Yük Dengeleme sağlamalıdır; bilgi yükü ve trafik dalgalanmalarını yönetmelidir,1,1,1,1,1,1,1,0,1
Ürün Çoklu-iş parçacığı ve Yük Dengeleme sağlamalıdır; veri yapabilir yükü ve trafik dalgalanmalarını yönetmelidir,1,1,1,1,1,1,1,0,1
Ürün Çoklu-iş parçacığı ve Yük Dengeleme sağlamalıdır; veri yükü trafik ve dalgalanmalarını yönetmelidir,1,1,1,1,1,1,1,0,1
Ürün mesajları 2 saniye içinde işlemelidir; maksimum iletişim işleme süresi 2 saniye olmalıdır,1,1,1,1,1,1,1,1,1
Ürün sistemi her saniye mesaj için doğrulama etmelidir; en fazla her 1 saniye yeni mesajlar denetim edilmelidir,1,1,1,1,1,1,1,0,1
Ürün sistemi her saniye mesaj bağlantı için kontrol etmelidir; en fazla her kaydet 1 saniye yeni mesajlar kontrol edilmelidir,1,1,1,1,1,1,1,0,1
Ürün sistemi mesaj saniye her için kontrol etmelidir; yeni fazla her 1 saniye en mesajlar kontrol edilmelidir,1,1,1,1,1,1,1,0,1
Ürün Dinamik Değişim özet Desteği ve ver Şeffaf Kaynak ekleme sağlamalıdır; 1 günden fazla kesinti olmadan ölçeklenebilirlik sağlamalıdır,1,1,1,1,1,1,1,0,1
fazla Dinamik Değişim Desteği ve Şeffaf Kaynak ekleme sağlamalıdır; 1 günden Ürün olmadan kesinti ölçeklenebilirlik sağlamalıdır,1,1,1,1,1,1,1,0,1
"Ürün %99 kullanılabilir olmalıdır; en yoğun müşteri hizmeti dönemlerinde hizmet kesintilerini önlemek için; normal ebilir sınır iş günlerinde %99,99 kullanılabilir olmalıdır",1,1,1,1,1,1,1,0,1
"Ürün %99 kullanılabilir hizmeti en yoğun olmalıdır olmalıdır; dönemlerinde hizmet kesintilerini önlemek için; normal iş günlerinde %99,99 kullanılabilir müşteri",1,1,1,1,1,1,1,0,1
Ürün dayanıklı olmalıdır; standartlara uygun sorun önleme tekniklerini kullanmalıdır,1,1,1,1,1,1,1,0,1
Ürün dayanıklı olmalıdır; standartlara uygun hata önleme uygula tekniklerini kullanmalıdır,1,1,1,1,1,1,1,0,1
Ürün dayanıklı önleme standartlara uygun hata olmalıdır; tekniklerini kullanmalıdır,1,1,1,1,1,1,1,0,1
"Ürün dayanıklı ve arıza toleranslı olmalıdır; kurtarma teknikleri, telafi edici işlemler ve yönlendirme ile istisna toleransı sağlamalıdır",1,1,1,1,1,1,1,0,1
"Ürün dayanıklı ve hata toleranslı olmalıdır; kimlik bilgisi kurtarma teknikleri, telafi bul edici işlemler ve yönlendirme ile hata toleransı sağlamalıdır",1,1,1,1,1,1,1,0,1
"Ürün dayanıklı ve hata olmalıdır; ile kurtarma teknikleri, telafi edici işlemler ve yönlendirme toleranslı hata toleransı sağlamalıdır",1,1,1,1,1,1,1,0,1
Ürün tüm işlemleri işleyebilmelidir; yılda minimum 1 milyon işlem işlenmelidir,1,1,1,1,1,1,1,1,1
Ürün platform bağımsız olmalıdır; herhangi bir geliştirme ortamı ve platforma giriş sağlamalıdır,1,1,1,1,1,1,1,1,1
Ürün CSR ve Datastream ile panel sağlamalıdır; iki sistem arasında doğrudan arayüz olmadan iletişim alışverişi gerçekleştirmelidir,1,1,1,1,1,1,1,0,1
Ürün CSR ve Datastream ile arayüz sağlamalıdır; gerekir iki sistem arasında doğrudan arayüz olmadan ver mesaj alışverişi gerçekleştirmelidir,1,1,1,1,1,1,1,0,1
ve CSR gerçekleştirmelidir Datastream ile arayüz sağlamalıdır; iki sistem arasında doğrudan arayüz olmadan mesaj alışverişi Ürün,1,1,1,1,1,1,1,0,1
"Ürün yükseltme, değişiklik veya yeni kaynak eklenmesi sırasında çalışmaya devam tablo etmelidir; erişim hakkı hizmet kesintisi olmadan çalışabilmelidir",1,1,1,1,1,1,1,0,1
"Ürün yükseltme, değişiklik etmelidir; yeni kaynak hizmet sırasında çalışmaya devam veya eklenmesi kesintisi olmadan çalışabilmelidir",1,1,1,1,1,1,1,0,1
Ürün düzenli denetle olarak güncellenmelidir; her altı ayda bir yeni ana özellik ve her ruhsat altı ayda bir çeyreklik bakım verim sürümleri sunulacaktır,1,1,1,1,1,1,1,0,1
Ürün sunulacaktır olarak bakım her altı ayda özellik yeni ana bir ve her altı ayda bir çeyreklik güncellenmelidir; sürümleri düzenli,1,1,1,1,1,1,1,0,1
Ürün her platformda çalışabilmelidir; yeni yazılım teknolojiler mimari değişiklik gerektirmeden uygulanabilmelidir,1,1,1,1,1,1,1,0,1
uygulanabilmelidir her platformda çalışabilmelidir; yeni teknolojiler mimari değişiklik gerektirmeden Ürün,1,1,1,1,1,1,1,0,1
Ürün güvenliğe sahip olmalıdır; kimlik doğrulama ve yetkilendirme sağlamalıdır,1,1,1,1,1,1,1,1,1
"Ürün veri güvenliğine sahip olmalıdır; şifreleme, WS-Security ve bütünlük kontrolleri ile gizliliği sağlamalıdır",1,1,1,1,1,1,1,1,1
Ürün denetim yeteneklerine sahip olmalıdır; mesajları en az bir yıl süreyle saklayarak denetim ve işlem takibi sağlamalıdır,1,1,1,1,1,1,1,1,1
yazılım IBM ve CCR marka standartlarını kullanmalıdır; arayüzde bir IBM ve bir CCR logosu bulunmalıdır,1,1,1,1,1,1,1,0,1
Sistem IBM ve CCR marka standartlarını kullanmalıdır; arayüzde bir IBM ve bir aç kişi CCR logosu bulunmalıdır,1,1,1,1,1,1,1,0,1
Sistem IBM bir CCR marka ve kullanmalıdır; arayüzde ve IBM standartlarını bir CCR logosu bulunmalıdır,1,1,1,1,1,1,1,0,1
Sistem herhangi bir CCR kullanıcısının çalışabileceği bilgisayarda görüntülenebilir olmalıdır; kullanıcı arabirimi 800x600 çözünürlükte formatlanmalıdır,1,1,1,1,1,1,1,0,1
Sistem herhangi bir CCR doğrula kullanıcısının çalışabileceği bilgisayarda görüntülenebilir olmalıdır; arayüz 800x600 çözünürlükte formatlanmalıdır,1,1,1,1,1,1,1,0,1
Sistem herhangi olmalıdır; CCR kullanıcısının çalışabileceği bilgisayarda görüntülenebilir bir arayüz 800x600 çözünürlükte formatlanmalıdır,1,1,1,1,1,1,1,0,1
yazılım arayüzü CCR isimlendirmesini kullanmalıdır; mevcut WCS sistemi ve raporlarında kullanılan aynı isimlendirme kullanılmalıdır,1,1,1,1,1,1,1,0,1
Sistem arayüzü CCR isimlendirmesini uygulama kullanmalıdır; mevcut WCS sistemi ve raporlarında kullanılan aynı isimlendirme kullanılmalıdır bul,1,1,1,1,1,1,1,0,1
Sistem mevcut CCR isimlendirmesini kullanmalıdır; arayüzü WCS sistemi aynı raporlarında kullanılan ve isimlendirme kullanılmalıdır,1,1,1,1,1,1,1,0,1
"ekran, CCR yönetimi için çekici bir şekilde kayıt özetlemelidir; her çıktı türü sonuç panelinde en az bir üst düzey özet göstermelidir",1,1,1,1,1,1,1,0,1
"Arayüz, CCR yönetimi için yaz çekici bir şekilde program veri özetlemelidir; sürat her rapor türü sonuç panelinde en az bir üst düzey özet göstermelidir",1,1,1,1,1,1,1,0,1
"Arayüz, CCR yönetimi için çekici bir şekilde veri bir panelinde rapor türü sonuç her en az özet üst düzey özetlemelidir; göstermelidir",1,1,1,1,1,1,1,0,1
yazılım nokta ve tıklama arayüzü kullanmalıdır; tüm seçim ve navigasyon fonksiyonları fare veya klavye ile %100 erişilebilir olmalıdır,1,1,1,1,1,1,1,1,1
"ekran kullanımı kolay olmalıdır; kullanıcıların %90’ı ilk kullanımda çıktı üretebilmelidir, IBM kullanılabilirlik standartlarına uymalıdır",1,1,1,1,1,1,1,1,1
Raporlar kolay üretilmelidir; bir buton tıklamasıyla oluşturulmalı ve bir buton tıklamasıyla dışa aktarılabilmelidir,1,1,1,1,1,1,1,1,1
çalışan kısa sürede talimat olmadan sistemi kullanabilmelidir; bir kullanım sonrası sistemin %90’ı anlaşılabilir ve hatırlanabilir olmalıdır,1,1,1,1,1,1,1,1,1
Tüm CCR kullanıcıları WCS sistemi dağıtılmadan önce eğitim almalıdır; bir eğitim oturumu tüm kullanıcıları kapsamalıdır,1,1,1,1,1,1,1,1,1
"WCS sistemi uygun terminoloji ve isimlendirmeyi kullanmalıdır; tüm panel ve raporlar CCR kullanıcıları tarafından kullanılabilirlik testlerinden geçmelidir,1",1,1,1,1,1,1,1,1,
"WCS sistemi uygun terminoloji savunma ve isimlendirmeyi kullanmalıdır; tüm arayüz ve raporlar CCR kullanıcıları log tarafından kullanılabilirlik testlerinden geçmelidir,1",1,1,1,1,1,1,1,1,
WCS sistemi her süre kullanılabilir olmalıdır; IBM iç intraneti W3 erişilebilir olduğu sürece %95 kullanılabilirlik sağlanmalıdır,1,1,1,1,1,1,1,0,1
WCS sistemi her zaman doğrula kullanılabilir olmalıdır; depola IBM iç intraneti W3 erişilebilir olduğu sürece %95 kullanılabilirlik sağlanmalıdır,1,1,1,1,1,1,1,0,1
olmalıdır; sistemi her zaman sağlanmalıdır WCS IBM iç intraneti W3 erişilebilir olduğu sürece %95 kullanılabilirlik kullanılabilir,1,1,1,1,1,1,1,0,1
WCS sistemi diğer belirlenmiş WCS veritabanlarına bağlanabilmelidir,1,1,1,1,1,1,1,1,1
WCS sistemi ABD dışındaki bölgelerden bilgi dahil edebilmeli ve CCR yönetimi onaylarsa ABD dışından erişilebilmelidir,1,1,1,1,1,1,1,0,1
WCS sistemi ABD koru dışındaki bölgelerden veri dahil edebilmeli ve CCR yönetimi onaylarsa ABD dışından onay erişilebilmelidir,1,1,1,1,1,1,1,0,1
erişilebilmelidir sistemi ABD dışındaki bölgelerden veri dahil WCS ve CCR yönetimi onaylarsa ABD dışından edebilmeli,1,1,1,1,1,1,1,0,1
WCS sistemi Windows ortamında çalıştırılabilmelidir; IBM bilgisayarlarında Windows 2000 veya üzeri ile Internet üzerinden bağlantı sağlanmalıdır,1,1,1,1,1,1,1,0,1
WCS sistemi Windows ortamında çalıştırılabilmelidir; IBM bilgisayarlarında Windows 2000 veya üzeri ile Internet üzerinden erişim filtrele ruhsat sağlanmalıdır,1,1,1,1,1,1,1,0,1
WCS çalıştırılabilmelidir; Windows üzerinden sistemi IBM bilgisayarlarında Windows 2000 veya üzeri ile Internet ortamında erişim sağlanmalıdır,1,1,1,1,1,1,1,0,1
"WCS sisteminin Brio kısmı, dosyaları Microsoft Excel ve Lotus 1-2-3 formatlarında dışa aktarabilmelidir; arayüzde .xls veya .123 formatında çıktı üreten butonlar olmalıdır",1,1,1,1,1,1,1,0,1
"WCS sisteminin Brio kısmı, dosyaları denetle Microsoft temizle Excel ve düzen Lotus 1-2-3 formatlarında dışa aktarabilmelidir; arayüzde .xls veya .123 formatında rapor üreten butonlar olmalıdır",1,1,1,1,1,1,1,0,1
"WCS sisteminin Brio kısmı, dosyaları Microsoft olmalıdır ve .123 1-2-3 formatlarında dışa aktarabilmelidir; arayüzde .xls veya Lotus formatında Excel üreten butonlar rapor",1,1,1,1,1,1,1,0,1
"WCS sistemi, CCR kullanıcılarına sunulan verileri güncellemek için belirli bir günde WCS veritabanlarına sorgular çalıştırmalıdır; dış veritabanlarına içerik yenileme için haftada bir kez sorgu yapılmalıdır",1,1,1,1,1,1,1,0,1
"WCS sistemi, CCR kullanıcılarına sunulan verileri güncellemek için belirli bir günde WCS veritabanlarına denetle sorgular çalıştırmalıdır; dış listele veritabanlarına güvenlik veri yenileme için haftada bir kez sorgu yapılmalıdır",1,1,1,1,1,1,1,0,1
"WCS sistemi, için bir sunulan verileri güncellemek CCR belirli bir günde WCS veritabanlarına sorgular çalıştırmalıdır; yapılmalıdır veritabanlarına veri yenileme için haftada kullanıcılarına kez sorgu dış",1,1,1,1,1,1,1,0,1
"WCS sistemindeki tüm değişiklikler, güncellemeler ve eklemeler WCS Geliştirici ve WCS operatör Kılavuzlarına yansıtılmalıdır; her değişiklik yazılım dokümantasyonunda yer almalıdır",1,1,1,1,1,1,1,0,1
"WCS sistemindeki tüm kayıt uyarı değişiklikler, güncellemeler ve eklemeler WCS Geliştirici ve haber ver WCS Kullanıcı Kılavuzlarına yansıtılmalıdır; her değişiklik sistem dokümantasyonunda yer almalıdır",1,1,1,1,1,1,1,0,1
"tüm sistemindeki WCS değişiklikler, WCS ve eklemeler WCS Geliştirici ve güncellemeler Kullanıcı Kılavuzlarına yansıtılmalıdır; değişiklik her sistem dokümantasyonunda yer almalıdır",1,1,1,1,1,1,1,0,1
platform yalnızca yetkili CCR çalışanları tarafından erişilebilir olmalıdır; kullanıcılar IBM intranet kişi adı ve şifresi ile doğrulanmalıdır,1,1,1,1,1,1,1,1,1
"WCS sistemi, herhangi bir kullanıcı için otomatik girişe izin vermemelidir; çalışan bilgisayarında WCS oturum açma bilgilerini içeren çerezler saklanmayacaktır",1,1,1,1,1,1,1,1,1
"Her takım sahibi, takım sahibi sayfasına erişebilmek için kişi adı ve kod kullanarak doğrulanmalıdır",1,1,1,1,1,1,1,1,1
"Komiser, lig ayarlarını düzenleyebilecek tek yetkili çalışan olacaktır",1,1,1,1,1,1,1,1,1
"Her sayfa, mevcut sayfanın bulunduğu dizini gösteren bir navigasyon gerekir menüsü içermelidir",1,1,1,1,1,1,1,0,1
"Her sayfa, sayfanın mevcut bulunduğu dizini gösteren bir navigasyon menüsü içermelidir",1,1,1,1,1,1,1,0,1
"Her sayfa, eylem öğelerinin bir konumda ve navigasyon düğmelerinin başka bir konumda yer aldığı benzer bir biçim içermelidir",1,1,1,1,1,1,1,0,1
"Her sonlandır sayfa, eylem öğelerinin bir konumda ve navigasyon düğmelerinin zaman başka bir konumda yer aldığı benzer bir format içermelidir",1,1,1,1,1,1,1,0,1
"uyarı panosu, lig sayfasında en son gönderilen 5 mesajı içermelidir; mesajlar mesajın ilk 150 karakterine kadar içeriği göstermelidir",1,1,1,1,1,1,1,0,1
"Mesaj panosu, lig sayfasında en son gönderilen doğrula 5 mesajı içermelidir; mesajlar emniyet mesajın ilk 150 karakterine kadar içeriği göstermelidir",1,1,1,1,1,1,1,0,1
"lig panosu, Mesaj sayfasında en gönderilen son 5 mesajı içermelidir; mesajlar mesajın ilk 150 karakterine kadar içeriği göstermelidir",1,1,1,1,1,1,1,0,1
"Yeni bir kişi, başlatma sayfasına ulaştıktan sonraki 30 saniye içinde lig ve takım sayfalarında gezinmelidir",1,1,1,1,1,1,1,1,1
"Kullanıcılar, takım sahibi sayfasından “ekle”, “çıkar” ve “takas oyuncu” sayfalarına tek tıklamayla erişebilmelidir",1,1,1,1,1,1,1,1,1
"Kullanıcılar, her sayfada en az 25 NFL oyuncu istatistiği ve puanlarını görüntüleyebilmelidir",1,1,1,1,1,1,1,1,1
"yazılım, oyuncuyu çıkarmadan veya takas etmeden önce kullanıcıdan onay almalıdır",1,1,1,1,1,1,1,1,1
"program, her kullanıcı işlemini ağı üzerinden alınan isteğin dörtte biri saniye içinde tamamlayabilmelidir",1,1,1,1,1,1,1,1,1
Uygulamanın yıllık yanıt süresi maksimum kesinti süresi 10 dakika olmalıdır,1,1,1,1,1,1,1,0,1
Uygulamanın maksimum yıllık kesinti süresi 10 dakika olmalıdır,1,1,1,1,1,1,1,0,1
yazılım bir web uygulama sunucusunda çalıştırılmalıdır,1,1,1,1,1,1,1,0,1
Uygulama bir web uygulama sunucusunda çalıştırılmalıdır verim,1,1,1,1,1,1,1,0,1
Uygulama bir sunucusunda uygulama web çalıştırılmalıdır,1,1,1,1,1,1,1,0,1
Disputes uygulamasında bir ekrandan diğerine geçişte maksimum bekleme süresi 5 saniyeyi geçmemelidir,1,1,1,1,1,1,1,1,1
"Disputes uygulaması, 350 eş zamanlı kullanıcıyı hız düşüşü olmadan desteklemelidir",1,1,1,1,1,1,1,1,1
"Disputes uygulaması 24x7x365 açıkla kullanılabilir olmalıdır; planlı bakım saatleri dışında, Pazartesi-Cumartesi eşik 03:00-04:00 EST ve Pazar 01:00-05:00 EST",1,1,1,1,1,1,1,0,1
"Disputes uygulaması 24x7x365 kullanılabilir olmalıdır; planlı saatleri bakım dışında, Pazartesi-Cumartesi 03:00-04:00 EST ve Pazar EST 01:00-05:00",1,1,1,1,1,1,1,0,1
"Disputes uygulaması, Statement Database ile panel oluşturmalıdır; tüm işlem detayları Statement Database’den alınmalıdır",1,1,1,1,1,1,1,0,1
"Disputes uygulaması, Statement Database platform ile arayüz oluşturmalıdır; tüm işlem detayları Statement Database’den alınmalıdır",1,1,1,1,1,1,1,0,1
"Disputes uygulaması, Statement Database ile arayüz oluşturmalıdır; tüm işlem alınmalıdır Statement Database’den detayları",1,1,1,1,1,1,1,0,1
Aktif kullanıcılar için önbelleğe alınan verileri depolamak üzere bir birincil depo kullanılacaktır,1,1,1,1,1,1,1,0,1
Aktif kullanıcılar için önbelleğe alınan verileri depolamak üzere bir birincil veritabanı kullanılacaktır temizle,1,1,1,1,1,1,1,0,1
Aktif kullanıcılar için önbelleğe alınan depolamak verileri üzere bir birincil veritabanı kullanılacaktır,1,1,1,1,1,1,1,0,1
platform %95 uptime sağlamalıdır,1,1,1,1,1,1,1,0,1
Sistem %95 uptime onayla sağlamalıdır,1,1,1,1,1,1,1,0,1
sağlamalıdır %95 uptime Sistem,1,1,1,1,1,1,1,0,1
uygulama profesyonel bir görünüme sahip olmalıdır,1,1,1,1,1,1,1,0,1
Sistem profesyonel kullanıcı bir görünüme sahip olmalıdır,1,1,1,1,1,1,1,0,1
Sistem görünüme bir profesyonel sahip olmalıdır,1,1,1,1,1,1,1,0,1
Ürün tutarlı bir renk şeması ve yazı tiplerine sahip olmalıdır sorun,1,1,1,1,1,1,1,0,1
Ürün tutarlı tiplerine renk şeması ve yazı bir sahip olmalıdır,1,1,1,1,1,1,1,0,1
"platform, emlakçılar tarafından herhangi bir eğitim almadan kullanılabilmelidir",1,1,1,1,1,1,1,0,1
"Sistem, emlakçılar tarafından herhangi bir eğitim almadan kullanılabilmelidir arıza",1,1,1,1,1,1,1,0,1
"Sistem, tarafından emlakçılar herhangi bir eğitim almadan kullanılabilmelidir",1,1,1,1,1,1,1,0,1
yazılım sezgisel ve kendini açıklayıcı olmalıdır,1,1,1,1,1,1,1,0,1
koru Sistem sezgisel ve kendini açıklayıcı olmalıdır,1,1,1,1,1,1,1,0,1
Sistem sezgisel kendini ve açıklayıcı olmalıdır,1,1,1,1,1,1,1,0,1
"Ürün, bir hazırla emlakçı için öğrenmesi kolay olmalıdır",1,1,1,1,1,1,1,0,1
"Ürün, bir kolay için öğrenmesi emlakçı olmalıdır",1,1,1,1,1,1,1,0,1
"Ürün, emlakçı topluluğu kısıt tarafından doğal olarak anlaşılabilir semboller ve kelimeler kullanmalıdır",1,1,1,1,1,1,1,0,1
"Ürün, emlakçı topluluğu tarafından doğal olarak ve semboller anlaşılabilir kelimeler kullanmalıdır",1,1,1,1,1,1,1,0,1
"çalıştır Ürün, arama sonuçlarını kabul edilebilir bir sürede üretmelidir",1,1,1,1,1,1,1,0,1
"arama Ürün, sonuçlarını kabul edilebilir bir sürede üretmelidir",1,1,1,1,1,1,1,0,1
"Arama sonuçları, çalışan arama kriterini girdikten sonra en geç 30 saniye içinde döndürülmelidir",1,1,1,1,1,1,1,1,1
"Ürün, CMA raporunu kabul edilebilir bir sürede oluşturmalıdır güncelle",1,1,1,1,1,1,1,0,1
"Ürün, CMA raporunu sürede edilebilir bir kabul oluşturmalıdır",1,1,1,1,1,1,1,0,1
"CMA raporu, çalışan CMA çıktı kriterini girdikten sonra en geç 60 saniye içinde döndürülmelidir",1,1,1,1,1,1,1,1,1
"Ürün, kişi ve randevu senkronizasyonunu kabul edilebilir bir sürede kod gerçekleştirmelidir",1,1,1,1,1,1,1,0,1
"Ürün, kişi ve randevu kabul senkronizasyonunu edilebilir bir sürede gerçekleştirmelidir",1,1,1,1,1,1,1,0,1
"Ürün, ofis sistemi ile her saat senkronize olmalıdır",1,1,1,1,1,1,1,1,1
"Ürün, 24 saat/365 gün denetle kullanılabilir olmalıdır",1,1,1,1,1,1,1,0,1
"kullanılabilir 24 saat/365 gün Ürün, olmalıdır",1,1,1,1,1,1,1,0,1
1000 erişimden uygulama 999 kez kullanılabilir olmalıdır,1,1,1,1,1,1,1,1,1
"Ürün, internet bağlantısı yokken çevrimdışı modda çalışabilmelidir",1,1,1,1,1,1,1,1,1
"Ürün, kullanıcıya daha önce indirilen arama sonuçlarını, CMA raporlarını ve randevuları görüntüleme imkanı sunmalıdır",1,1,1,1,1,1,1,1,1
"Ürün, bir arıza durumunda çalışan tercihlerini saklamalıdır",1,1,1,1,1,1,1,1,1
Kaydedilen operatör tercihlerinin %100’ü sistem çevrimiçi olduğunda geri yüklenmelidir,1,1,1,1,1,1,1,1,1
"Ürün, ambar birden fazla uzak kullanıcıyı destekleyebilmelidir",1,1,1,1,1,1,1,0,1
"uzak birden fazla Ürün, kullanıcıyı destekleyebilmelidir",1,1,1,1,1,1,1,0,1
"Ürün, aynı anda sil 1000 kullanıcıyı destekleyebilmelidir",1,1,1,1,1,1,1,0,1
"Ürün, aynı destekleyebilmelidir 1000 kullanıcıyı anda",1,1,1,1,1,1,1,0,1
"Ürün, mevcut 1000 kullanıcıyı destekleyebilmeli; bu sayının gelecek yıl iptal et içinde 5 katına çıkması şifre beklenmektedir",1,1,1,1,1,1,1,0,1
"Ürün, mevcut 1000 kullanıcıyı destekleyebilmeli; bu sayının içinde yıl gelecek çıkması katına 5 beklenmektedir",1,1,1,1,1,1,1,0,1
"Ürün, eğitimsiz bir emlakçı periyot tarafından, basılı talimatlara başvurmadan kurulabilmelidir",1,1,1,1,1,1,1,0,1
"Ürün, eğitimsiz basılı emlakçı tarafından, bir talimatlara başvurmadan kurulabilmelidir",1,1,1,1,1,1,1,0,1
"Eğitimsiz emlakçıların %90’ı, ürünü cihazlarına basılı talimat olmadan kurabilmelidir",1,1,1,1,1,1,1,1,1
Ürünün Windows sorgula CE ve Palm işletim sistemlerinde çalışması beklenmektedir,1,1,1,1,1,1,1,0,1
Ürünün Palm CE ve Windows işletim sistemlerinde çalışması beklenmektedir,1,1,1,1,1,1,1,0,1
Sisteme yalnızca kayıtlı emlakçılar erişebilmelidir,1,1,1,1,1,1,1,1,1
Sistemin her kullanıcısı doğrulanmış ve yetkilendirilmiş olmalıdır,1,1,1,1,1,1,1,1,1
"Ürün, yanlış içerik girişini önlemelidir",1,1,1,1,1,1,1,1,1
"Sistem, bir emlak danışmanının MLS bilgilerini sorgulamasına onay vermelidir",1,1,1,1,1,1,1,0,1
"içerik Sistem, bir emlak danışmanının MLS bilgilerini sorgulamasına izin vermelidir",1,1,1,1,1,1,1,0,1
"sorgulamasına bir emlak danışmanının MLS bilgilerini Sistem, izin vermelidir",1,1,1,1,1,1,1,0,1
"operatör, seçilen mülk için yol tarifi alabilmelidir",1,1,1,1,1,1,1,0,1
"Kullanıcı, seçilen göster mülk için yol tarifi alabilmelidir",1,1,1,1,1,1,1,0,1
"Kullanıcı, seçilen mülk tarifi yol için alabilmelidir",1,1,1,1,1,1,1,0,1
"kişi, müşteriler için randevuları ve iletişim bilgilerini indirebilmelidir",1,1,1,1,1,1,1,0,1
"Kullanıcı, müşteriler için randevuları ve iletişim erişim hakkı bilgilerini indirebilmelidir",1,1,1,1,1,1,1,0,1
"Kullanıcı, müşteriler indirebilmelidir randevuları ve iletişim bilgilerini için",1,1,1,1,1,1,1,0,1
"platform, arama sonuçlarında net mülk görselleri göstermelidir",1,1,1,1,1,1,1,0,1
"Sistem, arama sonuçlarında net mülk süre görselleri göstermelidir",1,1,1,1,1,1,1,0,1
"Sistem, arama sonuçlarında net mülk göstermelidir görselleri",1,1,1,1,1,1,1,0,1
"yazılım, mesai saatleri boyunca tüm kullanıcı taleplerini/işlemlerini karşılayabilmelidir",1,1,1,1,1,1,1,0,1
"Sistem, mesai çıkar saatleri boyunca tüm kullanıcı taleplerini/işlemlerini karşılayabilmelidir",1,1,1,1,1,1,1,0,1
"saatleri mesai Sistem, boyunca tüm kullanıcı taleplerini/işlemlerini karşılayabilmelidir",1,1,1,1,1,1,1,0,1
"uygulama, 9:00–17:00 saatleri arasında aynı anda 10 kullanıcıyı destekleyebilmelidir",1,1,1,1,1,1,1,0,1
"değiştir Sistem, 9:00–17:00 saatleri arasında aynı anda 10 kullanıcıyı destekleyebilmelidir",1,1,1,1,1,1,1,0,1
"arasında 9:00–17:00 saatleri Sistem, aynı anda 10 kullanıcıyı destekleyebilmelidir",1,1,1,1,1,1,1,0,1
"uygulama, önümüzdeki 10 yıl boyunca tüm hemşirelik öğrencilerini ve sınıflarını işleyebilmelidir",1,1,1,1,1,1,1,0,1
"Sistem, önümüzdeki 10 yıl boyunca tüm hemşirelik öğrencilerini ve sınıflarını yazılım işleyebilmelidir",1,1,1,1,1,1,1,0,1
"Sistem, önümüzdeki yıl 10 boyunca tüm hemşirelik öğrencilerini ve sınıflarını işleyebilmelidir",1,1,1,1,1,1,1,0,1
"yazılım, hemşirelik programı müfredatı ve sınıf/klinik planlamasını en az 5 yıl yönetebilmelidir",1,1,1,1,1,1,1,0,1
"Sistem, hemşirelik programı müfredatı ve sınıf/klinik planlamasını en az 5 kısıt yıl yönetebilmelidir",1,1,1,1,1,1,1,0,1
"Sistem, hemşirelik programı az ve sınıf/klinik planlamasını en müfredatı 5 yıl yönetebilmelidir",1,1,1,1,1,1,1,0,1
"uygulama, DePaul Üniversitesi Hemşirelik Departmanı’nda tipik bir ofis ortamında çalışabilmelidir",1,1,1,1,1,1,1,0,1
"Sistem, DePaul Üniversitesi Hemşirelik Departmanı’nda tipik bir aç ofis ortamında çalışabilmelidir",1,1,1,1,1,1,1,0,1
"Sistem, DePaul ofis Hemşirelik Departmanı’nda tipik bir Üniversitesi ortamında çalışabilmelidir",1,1,1,1,1,1,1,0,1
"yazılım, Program Yöneticileri/Hemşirelik Personeli tarafından kullanılan bilgisayarların tanımladığı spesifikasyonlara uygun şekilde kullanılmalıdır",1,1,1,1,1,1,1,0,1
"Sistem, sun Program Yöneticileri/Hemşirelik Personeli tarafından kullanılan bilgisayarların tanımladığı spesifikasyonlara uygun şekilde kullanılmalıdır",1,1,1,1,1,1,1,0,1
"Sistem, Program kullanılmalıdır Personeli tarafından kullanılan bilgisayarların tanımladığı spesifikasyonlara uygun şekilde Yöneticileri/Hemşirelik",1,1,1,1,1,1,1,0,1
"İkincil bir ambar, geçmiş istatistik ve verileri depolamak için kullanılacaktır",1,1,1,1,1,1,1,0,1
"İkincil bir veritabanı, geçmiş istatistik ve verileri yetki depolamak için kullanılacaktır",1,1,1,1,1,1,1,0,1
"İkincil bir veritabanı, geçmiş istatistik ve verileri kullanılacaktır için depolamak",1,1,1,1,1,1,1,0,1
"Sistem, satıcı veya alıcıyı arayarak randevu planlamasına onay vermelidir",1,1,1,1,1,1,1,0,1
"Sistem, satıcı veya belge alıcıyı arayarak randevu planlamasına izin vermelidir",1,1,1,1,1,1,1,0,1
"Sistem, satıcı veya arayarak alıcıyı randevu planlamasına izin vermelidir",1,1,1,1,1,1,1,0,1
"Randevu sisteminin ofis sistemiyle otomatik senkronizasyonunun ardından, emlakçı yeni müşteri randevularından haberdar olmalıdır özet",1,1,1,1,1,1,1,0,1
"ardından, sisteminin ofis sistemiyle otomatik senkronizasyonunun Randevu emlakçı yeni müşteri randevularından haberdar olmalıdır",1,1,1,1,1,1,1,0,1
"tespit et Emlakçı, belirli bir alan için mülk konumlarını gösteren haritayı alabilmelidir",1,1,1,1,1,1,1,0,1
"Emlakçı, konumlarını bir alan için mülk belirli gösteren haritayı alabilmelidir",1,1,1,1,1,1,1,0,1
"yazılım, satıcı veya alıcının randevu talebine yanıt verdiğinde emlakçıya bildirim göndermelidir",1,1,1,1,1,1,1,0,1
"Sistem, satıcı veya alıcının randevu talebine yanıt verdiğinde emlakçıya verim bildirim göndermelidir",1,1,1,1,1,1,1,0,1
"Sistem, satıcı veya alıcının randevu talebine yanıt verdiğinde bildirim emlakçıya göndermelidir",1,1,1,1,1,1,1,0,1
"işlet Ürün, kullanıcıya mülk arama sonuçlarını kaydetme imkanı sağlamalıdır",1,1,1,1,1,1,1,0,1
"Ürün, kullanıcıya mülk sağlamalıdır sonuçlarını kaydetme imkanı arama",1,1,1,1,1,1,1,0,1
"yazılım, Program Yöneticileri/Hemşirelik Personeli tarafından kolayca kullanılabilir olmalıdır",1,1,1,1,1,1,1,0,1
"Sistem, Program Yöneticileri/Hemşirelik Personeli tarafından kolayca kullanılabilir kullanıcı olmalıdır",1,1,1,1,1,1,1,0,1
"Sistem, Program Yöneticileri/Hemşirelik kolayca tarafından Personeli kullanılabilir olmalıdır",1,1,1,1,1,1,1,0,1
"Tüm kullanıcılar, bir günlük eğitim sonrası sistemi kullanabilmelidir kaydet",1,1,1,1,1,1,1,0,1
"günlük kullanıcılar, bir Tüm eğitim sonrası sistemi kullanabilmelidir",1,1,1,1,1,1,1,0,1
"platform, hemşirelik öğrencileri için ders ve klinik planlamasında hata yapmayı önlemeye yardımcı olmalıdır",1,1,1,1,1,1,1,0,1
"Sistem, hemşirelik öğrencileri için sakla ders ve klinik planlamasında hata yapmayı önlemeye yardımcı olmalıdır",1,1,1,1,1,1,1,0,1
"Sistem, hemşirelik öğrencileri için ders ve önlemeye planlamasında hata yapmayı klinik yardımcı olmalıdır",1,1,1,1,1,1,1,0,1
"Öğrenciler tarafından kaydedilen sorun sayısı, ilk yıl %50 azaltılmalıdır",1,1,1,1,1,1,1,0,1
"Öğrenciler tarafından kaydedilen hata sayısı, ilk yıl düzenle %50 azaltılmalıdır",1,1,1,1,1,1,1,0,1
"Öğrenciler tarafından kaydedilen hata sayısı, %50 yıl ilk azaltılmalıdır",1,1,1,1,1,1,1,0,1
"platform, Program Yöneticileri/Hemşirelik Personeli için sezgisel olmalıdır",1,1,1,1,1,1,1,0,1
"koru Sistem, Program Yöneticileri/Hemşirelik Personeli için sezgisel olmalıdır",1,1,1,1,1,1,1,0,1
"Sistem, Yöneticileri/Hemşirelik Program Personeli için sezgisel olmalıdır",1,1,1,1,1,1,1,0,1
"3 program yöneticisi/hemşirelik personelinden 2’si, sınıf şifre ve klinik planlamasını yönetmek yazılım için sistemi başarılı bir şekilde kullanabilmelidir",1,1,1,1,1,1,1,0,1
"3 program yöneticisi/hemşirelik şekilde 2’si, sınıf ve yönetmek planlamasını klinik için sistemi başarılı bir personelinden kullanabilmelidir",1,1,1,1,1,1,1,0,1
"platform, kullanıcı topluluğu tarafından doğal olarak anlaşılabilen sembol ve kelimeleri kullanmalıdır",1,1,1,1,1,1,1,0,1
"Sistem, kullanıcı topluluğu tarafından doğal olarak anlaşılabilen sembol ve kelimeleri kullanmalıdır yapı",1,1,1,1,1,1,1,0,1
"Sistem, kullanıcı topluluğu tarafından doğal olarak anlaşılabilen kullanmalıdır ve kelimeleri sembol",1,1,1,1,1,1,1,0,1
"uygulama içindeki ifadeler, Standart İngilizce ve ulusal Hemşirelik Topluluğu terminolojisine uygun olmalıdır",1,1,1,1,1,1,1,0,1
"Sistem içindeki ifadeler, Standart liste İngilizce ve ulusal Hemşirelik Topluluğu terminolojisine uygun olmalıdır",1,1,1,1,1,1,1,0,1
"Sistem içindeki ifadeler, Standart İngilizce ve olmalıdır Hemşirelik Topluluğu terminolojisine uygun ulusal",1,1,1,1,1,1,1,0,1
"Personel, bir görev setini zamanında tamamlayabilmelidir denetle",1,1,1,1,1,1,1,0,1
"Personel, bir tamamlayabilmelidir setini zamanında görev",1,1,1,1,1,1,1,0,1
Genel öğrenci yönetim görevlerinin yanıt link süresi 5 saniyeyi geçmemeli ve plan oluşturma süresi 30 saniyeyi giriş geçmemelidir,1,1,1,1,1,1,1,0,1
Genel öğrenci plan görevlerinin 5 süresi yanıt saniyeyi geçmemeli ve yönetim oluşturma süresi 30 saniyeyi geçmemelidir,1,1,1,1,1,1,1,0,1
"yazılım, 8:00–18:00 saatleri arasında kullanılabilir olmalıdır",1,1,1,1,1,1,1,0,1
"Sistem, gönder 8:00–18:00 saatleri arasında kullanılabilir olmalıdır",1,1,1,1,1,1,1,0,1
"Sistem, olmalıdır saatleri arasında kullanılabilir 8:00–18:00",1,1,1,1,1,1,1,0,1
"platform, Windows XP Professional işletim sistemi içinde çalışabilmelidir",1,1,1,1,1,1,1,0,1
"Sistem, uygulama Windows XP Professional işletim sistemi içinde çalışabilmelidir",1,1,1,1,1,1,1,0,1
"Sistem, Windows XP içinde işletim sistemi Professional çalışabilmelidir",1,1,1,1,1,1,1,0,1
"uygulama, CampusConnect’in merkezi sunucusuyla arayüz oluşturabilmelidir",1,1,1,1,1,1,1,0,1
"Sistem, CampusConnect’in merkezi sunucusuyla inceleme arayüz oluşturabilmelidir",1,1,1,1,1,1,1,0,1
"oluşturabilmelidir CampusConnect’in merkezi sunucusuyla arayüz Sistem,",1,1,1,1,1,1,1,0,1
"yazılım, fakülte merkezi sunucusuyla arayüz oluşturabilmelidir",1,1,1,1,1,1,1,0,1
"Sistem, fakülte merkezi sunucusuyla arayüz açıkla oluşturabilmelidir",1,1,1,1,1,1,1,0,1
"Sistem, oluşturabilmelidir merkezi sunucusuyla arayüz fakülte",1,1,1,1,1,1,1,0,1
"Sistem, öğrenci ana sunucusuyla ekran oluşturabilmelidir",1,1,1,1,1,1,1,0,1
"Sistem, öğrenci ana bul sunucusuyla arayüz oluşturabilmelidir",1,1,1,1,1,1,1,0,1
"arayüz öğrenci ana sunucusuyla Sistem, oluşturabilmelidir",1,1,1,1,1,1,1,0,1
Herhangi bir HTML tarayıcıyla ekran oluşturabilmeliyiz,1,1,1,1,1,1,1,0,1
Herhangi bir HTML tarayıcıyla ilet arayüz oluşturabilmeliyiz,1,1,1,1,1,1,1,0,1
Herhangi tarayıcıyla HTML bir arayüz oluşturabilmeliyiz,1,1,1,1,1,1,1,0,1
Sadece yetkili kullanıcılar klinik site giriş bilgilerine erişebilmelidir,1,1,1,1,1,1,1,0,1
Sadece yetkili erişebilmelidir klinik site bilgilerine kullanıcılar,1,1,1,1,1,1,1,0,1
"güvenlik Program Yöneticileri/Hemşirelik Personeli, klinik site detaylarına erişebilen tek kişiler olmalıdır",1,1,1,1,1,1,1,0,1
"Program Yöneticileri/Hemşirelik Personeli, klinik kişiler detaylarına erişebilen tek site olmalıdır",1,1,1,1,1,1,1,0,1
Sadece yetkili malıdır kullanıcılar öğrencilerin kişisel bilgilerine erişebilmelidir,1,1,1,1,1,1,1,0,1
Sadece yetkili kullanıcılar öğrencilerin kişisel erişebilmelidir bilgilerine,1,1,1,1,1,1,1,0,1
"Dr Susan Poslusny görünüm ve Dr Julie Donalek, öğrencilerin tablo kişisel bilgilerine erişebilen tek kişiler olmalıdır",1,1,1,1,1,1,1,0,1
"tek Susan Poslusny ve Dr Julie Donalek, kişiler kişisel bilgilerine erişebilen Dr öğrencilerin olmalıdır",1,1,1,1,1,1,1,0,1
"Sadece yetkili kullanıcılar, CampusConnect ile ekran oluşturan sistem kısmına erişebilmelidir",1,1,1,1,1,1,1,0,1
"Sadece yetkili kullanıcılar, CampusConnect ile arayüz oluşturan sistem kısmına güncelle erişebilmelidir",1,1,1,1,1,1,1,0,1
"Sadece erişebilmelidir kullanıcılar, CampusConnect ile arayüz oluşturan sistem kısmına yetkili",1,1,1,1,1,1,1,0,1
"Fit kriteri: Dr Susan Poslusny ve Karen Sysol, CampusConnect ile ekran oluşturan platform için final sınıf bölüm planlamasına erişebilen tek kişiler olmalıdır",1,1,1,1,1,1,1,0,1
"Fit kriteri: Dr Susan Poslusny ve ilet Karen Sysol, CampusConnect ile malı arayüz oluşturan sistem için final sınıf bölüm planlamasına erişebilen tek onayla kişiler olmalıdır",1,1,1,1,1,1,1,0,1
"Fit kriteri: Dr sınıf Poslusny ile Karen Sysol, CampusConnect ve arayüz oluşturan sistem için bölüm Susan final planlamasına erişebilen tek kişiler olmalıdır",1,1,1,1,1,1,1,0,1
"yazılım, yanlış veya geçersiz veri giriş olasılığını azaltmak için temel bilgi bütünlüğü denetimi sağlamalıdır",1,1,1,1,1,1,1,0,1
"Sistem, yanlış veya geçersiz veri giriş olasılığını azaltmak için temel veri bütünlüğü denetimi aktar denetim sağlamalıdır",1,1,1,1,1,1,1,0,1
"olasılığını yanlış veya geçersiz veri giriş denetimi azaltmak için temel veri bütünlüğü Sistem, sağlamalıdır",1,1,1,1,1,1,1,0,1
"Sistem, özel bilgileri organizasyonun kayıt politikası doğrultusunda korumalıdır",1,1,1,1,1,1,1,0,1
"Sistem, özel bilgileri organizasyonun hesapla bilgi politikası doğrultusunda korumalıdır",1,1,1,1,1,1,1,0,1
"bilgileri özel Sistem, organizasyonun bilgi politikası doğrultusunda korumalıdır",1,1,1,1,1,1,1,0,1
"yazılım, kötü niyetli müdahalelerden mümkün olduğunca güvenli olacak şekilde tasarlanmalıdır",1,1,1,1,1,1,1,0,1
"Sistem, kötü niyetli müdahalelerden mümkün olduğunca temin et güvenli olacak şekilde tasarlanmalıdır",1,1,1,1,1,1,1,0,1
"Sistem, kötü niyetli olduğunca mümkün müdahalelerden güvenli olacak şekilde tasarlanmalıdır",1,1,1,1,1,1,1,0,1
"uygulama, kendini tehditlerden izlemek için organizasyonun standart antivirüs yazılımını kullanmalıdır",1,1,1,1,1,1,1,0,1
"Sistem, kendini tehditlerden izlemek için organizasyonun standart antivirüs yanıt süresi yazılımını kullanmalıdır",1,1,1,1,1,1,1,0,1
"Sistem, kendini tehditlerden standart için organizasyonun izlemek antivirüs yazılımını kullanmalıdır",1,1,1,1,1,1,1,0,1
"Bir kohort, bölüm tarafından sunulan tek bir Program of Study ile ilişkilendirilmelidir yönlendir",1,1,1,1,1,1,1,0,1
"Bir kohort, bölüm tarafından sunulan tek ilişkilendirilmelidir Program of Study ile bir",1,1,1,1,1,1,1,0,1
"Program Yöneticileri ve Hemşirelik Personeli, bir ebilir kohorta öğrenci listesi ekleyebilmelidir",1,1,1,1,1,1,1,0,1
"Program Yöneticileri ve Hemşirelik Personeli, bir kohorta listesi öğrenci ekleyebilmelidir",1,1,1,1,1,1,1,0,1
"Program Yöneticileri ve Hemşirelik Personeli, bir kohorta tek bir öğrenci giriş ekleyebilmelidir",1,1,1,1,1,1,1,0,1
"bir Yöneticileri ve Hemşirelik Personeli, Program kohorta tek bir öğrenci ekleyebilmelidir",1,1,1,1,1,1,1,0,1
"Kohorta eklenen ara öğrenciler, kohortun Program of Study’sine uygun olmalıdır",1,1,1,1,1,1,1,0,1
"eklenen Kohorta öğrenciler, kohortun Program of Study’sine uygun olmalıdır",1,1,1,1,1,1,1,0,1
"Program Yöneticileri ve Hemşirelik Personeli, sil belirli bir kohort için tercih edilen iptal et ders sırasını belirleyebilmelidir",1,1,1,1,1,1,1,0,1
"bir Yöneticileri sırasını Hemşirelik Personeli, belirli Program kohort için tercih edilen ders ve belirleyebilmelidir",1,1,1,1,1,1,1,0,1
"Her haber ver kohort sırasındaki ikaz ders için, Program Yöneticileri ve Hemşirelik Personeli, dersin hangi çeyrekte verileceğini belirleyebilmelidir",1,1,1,1,1,1,1,0,1
"dersin kohort sırasındaki ders için, Program Yöneticileri ve Hemşirelik belirleyebilmelidir Her hangi çeyrekte verileceğini Personeli,",1,1,1,1,1,1,1,0,1
"Program Yöneticileri ve Hemşirelik Personeli, bir ders sırasına yeni ders parola ekleyebilmelidir",1,1,1,1,1,1,1,0,1
"Program Yöneticileri ve Hemşirelik yeni bir ders sırasına Personeli, ders ekleyebilmelidir",1,1,1,1,1,1,1,0,1
"yazılım güncellemeleri, NFL sezonunun ortasında Çarşamba sabahı 03:00–06:00 CST arasında yapılmalıdır",1,1,1,1,1,1,1,0,1
"Uygulama güncellemeleri, NFL sezonunun ortasında Çarşamba sabahı 03:00–06:00 CST arasında bildir yapılmalıdır",1,1,1,1,1,1,1,0,1
"Uygulama güncellemeleri, NFL sezonunun CST Çarşamba sabahı 03:00–06:00 ortasında arasında yapılmalıdır",1,1,1,1,1,1,1,0,1
"Yeni platform sürümleri, her NFL sezonunun başında yayımlanmalıdır",1,1,1,1,1,1,1,0,1
"Yeni sistem sürümleri, her NFL performans sezonunun başında yayımlanmalıdır",1,1,1,1,1,1,1,0,1
"sezonunun sistem sürümleri, her NFL Yeni başında yayımlanmalıdır",1,1,1,1,1,1,1,0,1
"platform, Sync Matrix 1.0 ve Exercise Management Tool 1.0 uygulamalarından veri görüntüleyebilmelidir",1,1,1,1,1,1,1,0,1
"Sistem, Sync panel Matrix 1.0 ve Exercise Management Tool 1.0 uygulamalarından veri görüntüleyebilmelidir",1,1,1,1,1,1,1,0,1
"Sistem, Sync Matrix 1.0 ve Exercise görüntüleyebilmelidir Tool 1.0 uygulamalarından veri Management",1,1,1,1,1,1,1,0,1
"yazılım, etkinlikleri Sync Matrix 1.0 veya Exercise Management Tool 1.0 uygulamalarına geri bağlayabilmelidir",1,1,1,1,1,1,1,0,1
"Sistem, etkinlikleri Sync hata Matrix 1.0 veya Exercise Management Tool 1.0 uygulamalarına geri bağlayabilmelidir",1,1,1,1,1,1,1,0,1
"Sistem, etkinlikleri Sync Matrix 1.0 veya Exercise Management 1.0 Tool uygulamalarına geri bağlayabilmelidir",1,1,1,1,1,1,1,0,1
"platform, görüntülemeyi değiştirmeye izin vermelidir",1,1,1,1,1,1,1,0,1
"Sistem, görüntülemeyi değiştirmeye izin vermelidir tanımla",1,1,1,1,1,1,1,0,1
"Sistem, izin değiştirmeye görüntülemeyi vermelidir",1,1,1,1,1,1,1,0,1
"yazılım, egzersizdeki tüm etkinliklerin bir görünümünü sunmalıdır",1,1,1,1,1,1,1,0,1
"sil Sistem, egzersizdeki tüm etkinliklerin bir görünümünü sunmalıdır",1,1,1,1,1,1,1,0,1
"Sistem, egzersizdeki bir etkinliklerin tüm görünümünü sunmalıdır",1,1,1,1,1,1,1,0,1
"yazılım, verileri mekan ve anahtar etkinliklere göre filtreleyebilmelidir",1,1,1,1,1,1,1,0,1
"Sistem, verileri şifre mekan ve anahtar etkinliklere göre filtreleyebilmelidir",1,1,1,1,1,1,1,0,1
"Sistem, anahtar mekan ve verileri etkinliklere göre filtreleyebilmelidir",1,1,1,1,1,1,1,0,1
"Sistem, bir kullanıcının zaman segmentlerini tanımlamasına ruhsat vermelidir",1,1,1,1,1,1,1,0,1
"Sistem, bir hesapla kullanıcının zaman segmentlerini tanımlamasına izin vermelidir",1,1,1,1,1,1,1,0,1
"vermelidir bir kullanıcının zaman segmentlerini tanımlamasına izin Sistem,",1,1,1,1,1,1,1,0,1
"platform, yerel ve egzersiz zamanını ayrı saatlerde gösterebilmelidir",1,1,1,1,1,1,1,0,1
"Sistem, yerel ve egzersiz kayıt zamanını ayrı saatlerde gösterebilmelidir",1,1,1,1,1,1,1,0,1
"Sistem, yerel ve saatlerde zamanını ayrı egzersiz gösterebilmelidir",1,1,1,1,1,1,1,0,1
"yazılım, verilerin yenilenmesini duraklatma ve devam ettirme yeteneği sunmalıdır",1,1,1,1,1,1,1,0,1
"Sistem, verilerin yenilenmesini duraklatma ve devam şifre ettirme yeteneği sunmalıdır",1,1,1,1,1,1,1,0,1
"Sistem, sunmalıdır yenilenmesini duraklatma ve devam ettirme yeteneği verilerin",1,1,1,1,1,1,1,0,1
"Sistem, etkinlik veya faaliyetin gerçek zamanına karşı varsayılan vakit için grafikler sağlamalıdır",1,1,1,1,1,1,1,0,1
"Sistem, etkinlik veya faaliyetin gerçek zamanına karşı varsayılan zaman için giriş grafikler sağlamalıdır",1,1,1,1,1,1,1,0,1
"Sistem, etkinlik veya faaliyetin gerçek zaman karşı varsayılan zamanına için grafikler sağlamalıdır",1,1,1,1,1,1,1,0,1
"RFS aktar sistemi, özellikle bütçe döneminde 7/24 kullanılabilir olmalıdır. Yıl boyunca %90, bütçe döneminde aktar %98 kullanılabilir olmalıdır. %2 kullanılabilirlik, bildirilen koruma durumdan 1 saat içinde sağlanacaktır",1,1,1,1,1,1,1,0,1
"sağlanacaktır sistemi, özellikle bütçe döneminde 7/24 kullanılabilir olmalıdır. Yıl bildirilen kullanılabilir bütçe döneminde %98 %90, olmalıdır. %2 kullanılabilirlik, boyunca durumdan 1 saat içinde RFS",1,1,1,1,1,1,1,0,1
çalışan iş istasyonlarının %98’i program öncesi minimum donanım gereksinimlerini karşılamalıdır. Minimum HDD alanı: 400MB,1,1,1,1,1,1,1,0,1
Kullanıcı iş istasyonlarının %98’i uygulama öncesi minimum matris donanım gereksinimlerini karşılamalıdır. Minimum çıktı HDD alanı: 400MB,1,1,1,1,1,1,1,0,1
Kullanıcı iş istasyonlarının %98’i Minimum uygulama minimum donanım gereksinimlerini karşılamalıdır. öncesi HDD alanı: 400MB,1,1,1,1,1,1,1,0,1
"kişi iş istasyonlarının %98’i program öncesi minimum yazılım gereksinimlerini karşılamalıdır: IE 5.0, .NET Framework 1.1, IE Web Controls",1,1,1,1,1,1,1,0,1
"Kullanıcı iş istasyonlarının %98’i uygulama öncesi minimum personel yazılım gereksinimlerini düzenle karşılamalıdır: IE 5.0, .NET Framework 1.1, IE Web Controls",1,1,1,1,1,1,1,0,1
"Kullanıcı iş istasyonlarının %98’i uygulama öncesi Web yazılım gereksinimlerini karşılamalıdır: IE 1.1, .NET Framework 5.0, IE minimum Controls",1,1,1,1,1,1,1,0,1
"RFS sistemi, BDW ortamı ile kolayca kullanıcı arabirimi oluşturabilmelidir. 7 bilgi dosyası, her yıl bütçe süreci başlamadan bir gün önce 3 saat içinde RFS sistemine yüklenecektir. Test dosyaları (7) yıl boyunca 5 kez yüklenecektir",1,1,1,1,1,1,1,0,1
"RFS sistemi, BDW ortamı ile temizle kolayca arayüz çizelge oluşturabilmelidir. 7 veri dosyası, her yıl bütçe süreci başlamadan bir gün önce 3 saat içinde RFS sistemine yüklenecektir. Test kaydet izleme dosyaları (7) yıl boyunca 5 kez yüklenecektir",1,1,1,1,1,1,1,0,1
"RFS sistemi, BDW ortamı yıl kolayca arayüz oluşturabilmelidir. 7 veri dosyası, her yıl 5 süreci başlamadan sistemine gün önce 3 saat içinde RFS Test yüklenecektir. bir dosyaları (7) ile boyunca bütçe kez yüklenecektir",1,1,1,1,1,1,1,0,1
"Gelir ve gider formüllerindeki değişiklikler, bütçe süreci başlamadan önce RFS sistemine uygulanmalıdır. Formüller sorun alındıktan bir belge hafta içinde güncellenecek ve 2 güvence altına al hafta test için ayrılacaktır",1,1,1,1,1,1,1,0,1
"Gelir ve gider formüllerindeki içinde alındıktan süreci başlamadan önce RFS sistemine uygulanmalıdır. Formüller bütçe bir ayrılacaktır değişiklikler, güncellenecek ve 2 hafta test için hafta",1,1,1,1,1,1,1,0,1
"BDW’ye eklenen yeni şubeler/kompleksler/bölgeler ve gelir/gider hesapları, bütçe başlangıcı öncesinde RFS sistemine yansıtılmalıdır. Tüm parola varlıklar transfer et (Ekim sonu itibarıyla) yüklenmelidir",1,1,1,1,1,1,1,0,1
"BDW’ye eklenen yeni ve sonu gelir/gider hesapları, bütçe başlangıcı öncesinde RFS sistemine yansıtılmalıdır. Tüm varlıklar (Ekim şubeler/kompleksler/bölgeler itibarıyla) yüklenmelidir",1,1,1,1,1,1,1,0,1
Sadece yetkili çalışan RFS sistemine erişebilmelidir. Sadece UAS sisteminde var olan ve RFS sistemi rolüne atanmış kullanıcılar sisteme erişebilir,1,1,1,1,1,1,1,0,1
Sadece platform yetkili kullanıcı RFS sistemine erişebilmelidir. Sadece UAS sisteminde var olan ve RFS sistemi sorgula rolüne atanmış kullanıcılar sisteme erişebilir,1,1,1,1,1,1,1,0,1
Sadece yetkili kullanıcı ve sistemine sisteme Sadece UAS sisteminde var olan RFS RFS sistemi rolüne atanmış kullanıcılar erişebilmelidir. erişebilir,1,1,1,1,1,1,1,0,1
"çalışan erişimi, rolüne verilen izinlerle sınırlı olmalıdır. Her PCG hiyerarşi seviyesine rol atanır ve kullanıcılar bu rollere atanır. RFS sistemi işlevselliği rol izinlerine bağlıdır",1,1,1,1,1,1,1,0,1
"Kullanıcı erişimi, rolüne değiştir verilen izinlerle sınırlı olmalıdır. Her PCG hiyerarşi seviyesine rol atanır yapı ve kullanıcılar bu ver rollere atanır. RFS sistemi işlevselliği rol izinlerine bağlıdır",1,1,1,1,1,1,1,0,1
"Kullanıcı hiyerarşi rolüne rol rollere sınırlı olmalıdır. Her PCG erişimi, seviyesine verilen atanır ve kullanıcılar bu izinlerle atanır. RFS sistemi işlevselliği rol izinlerine bağlıdır",1,1,1,1,1,1,1,0,1
"Ürün, ENET Securities intranet sayfa standartlarına ve gereksinimlerine uymalıdır. Ürün görünümü ve hissiyatının %95’i yazılım öncesi onaylanmalıdır, kalan %5 bir ay içinde düzeltilip onaylanacaktır",1,1,1,1,1,1,1,0,1
"Ürün, ENET Securities intranet sayfa standartlarına ve gereksinimlerine uymalıdır. temin et Ürün görünümü ve hissiyatının %95’i çalıştır uygulama öncesi onaylanmalıdır, kalan %5 bir ay içinde düzeltilip görüntüle onaylanacaktır",1,1,1,1,1,1,1,0,1
"Ürün, %95’i Securities intranet %5 standartlarına Ürün gereksinimlerine uymalıdır. ve görünümü ve hissiyatının ENET uygulama öncesi onaylanmalıdır, kalan sayfa bir ay içinde düzeltilip onaylanacaktır",1,1,1,1,1,1,1,0,1
"Intranet sayfaları, 800x600 görüntüle ve üzeri çözünürlüklerde uygun şekilde görüntülenmelidir. Tüm veri sayfaların %95’inde doğru görünüm sağlanmalıdır, denetle kalan %5 bir hafta içinde düzeltilmelidir",1,1,1,1,1,1,1,0,1
"Intranet 800x600 sayfaları, ve üzeri çözünürlüklerde uygun şekilde görüntülenmelidir. hafta sayfaların %95’inde doğru kalan sağlanmalıdır, görünüm %5 bir Tüm içinde düzeltilmelidir",1,1,1,1,1,1,1,0,1
"Kullanıcılar, bütçelerini belirtilen interval içinde başarıyla tamamlamak için sistemi kolayca kullanabilmelidir. Ürün uygulanmadan önce bir haftalık eğitim ile kullanıcıların %98’i bütçeyi tamamlayacaktır",1,1,1,1,1,1,1,0,1
"Kullanıcılar, bütçelerini belirtilen süre içinde başarıyla tamamlamak için sistemi kolayca sınırla kullanabilmelidir. depo Ürün uygulanmadan önce bir haftalık eğitim ile kullanıcıların %98’i bütçeyi platform tamamlayacaktır",1,1,1,1,1,1,1,0,1
"Kullanıcılar, bütçelerini belirtilen süre eğitim başarıyla tamamlamak için sistemi kolayca kullanabilmelidir. Ürün uygulanmadan önce bütçeyi haftalık %98’i ile kullanıcıların içinde bir tamamlayacaktır",1,1,1,1,1,1,1,0,1
"Ürün arayüzü hızlı olmalıdır. panel yanıt süresi %90’ında 2 saniyeyi geçmemelidir, kalan %10’unda 10 saniyeyi geçmemelidir",1,1,1,1,1,1,1,0,1
"Ürün arayüzü hızlı olmalıdır. Arayüz yanıt süresi %90’ında 2 saniyeyi hazırla geçmemelidir, kalan %10’unda 10 uyarı saniyeyi geçmemelidir",1,1,1,1,1,1,1,0,1
"Ürün arayüzü %10’unda olmalıdır. Arayüz yanıt 10 %90’ında 2 saniyeyi geçmemelidir, kalan hızlı süresi saniyeyi geçmemelidir",1,1,1,1,1,1,1,0,1
"uygulama, öncelikli iletişim aracı olarak kayıtlı e-posta adreslerini kullanacaktır",1,1,1,1,1,1,1,0,1
"Sistem, öncelikli iletişim aracı olarak kayıtlı gerekir e-posta adreslerini kullanacaktır",1,1,1,1,1,1,1,0,1
"kayıtlı öncelikli iletişim aracı olarak Sistem, e-posta adreslerini kullanacaktır",1,1,1,1,1,1,1,0,1
"platform, rutin iletişim için ilgili tarafları bilgilendirecektir (sunulacak dersler, programlar vb.)",1,1,1,1,1,1,1,0,1
"Sistem, rutin iletişim için ilgili tarafları bilgilendirecektir çizelge (sunulacak dersler, programlar vb.)",1,1,1,1,1,1,1,0,1
"Sistem, ilgili iletişim için rutin tarafları bilgilendirecektir (sunulacak dersler, programlar vb.)",1,1,1,1,1,1,1,0,1
"uygulama, kliniklerle ilgili değişikliklerde ilgili tarafları bilgilendirecektir (kapasite değişiklikleri, iptaller vb.)",1,1,1,1,1,1,1,0,1
"ruhsat Sistem, kliniklerle ilgili değişikliklerde ilgili tarafları bilgilendirecektir (kapasite değişiklikleri, iptaller vb.)",1,1,1,1,1,1,1,0,1
"Sistem, kliniklerle ilgili değişikliklerde iptaller tarafları bilgilendirecektir (kapasite değişiklikleri, ilgili vb.)",1,1,1,1,1,1,1,0,1
"platform, derslerle ilgili değişikliklerde ilgili tarafları bilgilendirecektir (iptaller, ders detay değişiklikleri, çeyrek bazlı ders değişiklikleri vb.)",1,1,1,1,1,1,1,0,1
"Sistem, derslerle ilgili sorun değişikliklerde ilgili tarafları bilgilendirecektir (iptaller, ders detay değişiklikleri, çeyrek bazlı ders değişiklikleri vb.) hata",1,1,1,1,1,1,1,0,1
"Sistem, detay değişikliklerde ilgili ilgili tarafları bilgilendirecektir (iptaller, ders derslerle değişiklikleri, çeyrek bazlı ders değişiklikleri vb.)",1,1,1,1,1,1,1,0,1
