Requirement,Appropriate,Complete,Conforming,Correct,Feasible,Necessary,Singular,Unambiguous,Verifiable
"Sistem ekranı her 60 saniyede bir yenilemelidir",1,1,1,1,1,1,1,1,1
"Uygulama İç Güvenlik Bakanlığı tarafından belirlenen şema rengini eşleştirmelidir",1,1,1,1,1,1,1,1,0
"Yansıtıldığında veri okunabilir olmalıdır. 10x10 projeksiyon ekranında izleyicilerin %90'ı 30 metre mesafeden Etkinlik/Aktivite verilerini okuyabilmelidir",1,1,1,1,1,1,0,1,1
"Ürün normal mesai saatleri boyunca kullanılabilir olmalıdır. Kullanıcı istemci PC'ye erişebildiği sürece sistem ilk altı ay boyunca zamanın %99'unda kullanılabilir olacaktır",1,1,1,1,1,1,0,1,1
"Yansıtıldığında veri anlaşılabilir olmalıdır. 10x10 projeksiyon ekranında izleyicilerin %90'ı 100 metre mesafeden Etkinliklerin gerçek zamanlı olduğunu anlayabilmelidir",1,1,1,1,1,1,1,1,1
"Ürün yalnızca yetkili kullanıcılar tarafından erişilebilir olmalıdır. Ürün tüm erişim denemelerinde yetkili ve yetkisiz kullanıcıları ayırt edebilmelidir",1,1,1,1,1,1,0,1,0
"Ürün sezgisel ve kendini açıklayıcı olmalıdır",1,0,1,1,1,1,1,0,0
"Ürün ekranda güncel verileri korumak için hızlı yanıt vermelidir",1,0,1,1,1,1,1,0,0
"Sistem grafik ve veri tablosunun görüntülenmesine olanak sağlayan MDI formu içermelidir",1,1,1,1,1,1,1,1,0
"Sistem Etkinlikleri zamana göre dikey tabloda görüntülemelidir",1,1,1,1,1,1,1,1,0
"Sistem Etkinlikleri zamana göre grafikte görüntülemelidir",1,1,1,1,1,1,1,1,0
"Uyuşmazlık Sisteminde belirtilen tüm iş kuralları E Düzenlemesi ve Z Düzenlemesi yönergelerine uygun olmalıdır",1,1,1,1,1,1,1,1,0
"Uyuşmazlık uygulaması kullanıcının bir uyuşmazlık vakasında yaptığı her eylemin detaylı geçmişini tutmalıdır. Bu daha sonra belirli bir uyuşmazlık vakasıyla ilgili sorular ortaya çıkarsa tam denetim izi sağlar",1,1,1,1,1,1,0,1,1
"Mevcut bir uyuşmazlık vakasını değiştiren tüm eylemler vaka geçmişine kaydedilmelidir",1,1,1,1,1,1,1,1,0
"Uyuşmazlık Sistemi hem iç hem de dış kullanıcılar tarafından erişilebilir olmalıdır",1,1,1,1,1,1,1,1,0
"Uyuşmazlık Sistemi kullanıcıların kendi kart sahibi tabanlarına ait olmayan uyuşmazlık vakalarına erişmesini engellemelidir",1,1,1,1,1,1,1,1,0
"Uyuşmazlık Sistemi kullanıcılara gerçek zamanlı yanıt veren kullanıcı arayüzü aracılığıyla uyuşmazlık vakasının doğrudan veri girişini kolaylaştırmalıdır",1,1,1,1,1,1,1,1,0
"Uyuşmazlık Sistemi uyuşmazlık vakası başlatma ve takip işlemleriyle ilgili olarak farklı erişim seviyeleri sağlamalıdır",1,1,1,1,1,1,1,1,0
"Uyuşmazlık Sistemi uygulamanın yetkili kullanıcıları için görüntüleme erişim yeteneği sağlamalıdır",1,1,1,1,1,1,1,1,0
"Uyuşmazlık Sistemi uygulamanın yetkili kullanıcıları için güncelleme erişim yeteneği sağlamalıdır",1,1,1,1,1,1,1,1,0
"Uyuşmazlık Sistemi kullanıcıların bir kullanıcı arayüzünden tartışmalı işlemleri (işlemin yaşına göre) seçmesine ve seçilen işlem üzerinde bir uyuşmazlık (fiş alma talebi veya ters ibraz bildirimi) başlatmasına izin vermelidir",1,1,1,1,1,1,0,1,0
"Uyuşmazlık Sistemi kullanıcıya tek bir satıcıya ait birden fazla işlem üzerinde tek bir uyuşmazlık vakası başlatma yeteneği sağlamalıdır",1,1,1,1,1,1,1,1,0
"Uyuşmazlık Sistemi kullanıcıya fiş alma talebi oluşturma veya başlatma yeteneği sağlamalıdır. Fiş alma oluşturma sürecinin bir parçası olarak sistem kullanıcıdan fiş alma talebi oluşturmak için gereken tüm bilgileri girmesini istemelidir. Fiş alma talebi bir işlemin geçerliliğini sorgulayan satıcıya gönderilen bir belgedir",1,1,1,1,1,1,0,1,0
"Uyuşmazlık Sistemi kullanıcının üç benzersiz fiş alma talebi türü oluşturmasına izin vermelidir. Üç fiş alma talebi türü şunlardır (1) Orijinal fiş talebi (2) Fişin kopyası talebi veya (3) Portföy talebi. Bir portföy satış fişinden daha fazlası olan bir araç kiralama kuruluşundan alınan belgeler gibi bir satın alma kanıtı sağlayacak belgelerden oluşur",1,1,1,1,1,1,0,1,1
"Uyuşmazlık Sistemi harici kullanıcıların orijinal fiş talep etmesini engellemelidir. Orijinal fiş talepleri dahili kullanıcılarla sınırlıdır",1,1,1,1,1,1,1,1,0
"Uyuşmazlık Sistemi fiş alma talebi oluşturulduktan sonra kullanıcıya şu bilgileri içeren bir onay sağlamalıdır; uyuşmazlık vaka numarası talep edilen alma türü (kopya orijinal veya portföy) ve satıcı yanıtının son tarihi",1,0,1,1,1,1,1,1,1
"Uyuşmazlık Sistemi kullanıcının ters ibraz talebi oluşturmasına veya başlatmasına izin vermelidir. Sistem kullanıcıdan ters ibraz talebi başlatmak için gerekli bilgileri girmesini istemelidir. Ters ibraz talebi tartışmalı işlemin geçerli olduğuna dair kanıt sağlanmazsa hesaplarının ters ibraz edileceğini belirten satıcıya gönderilen basılı bir ters ibraz bildirimiyle sonuçlanır",1,1,1,1,1,1,0,1,0
"Uyuşmazlık Sistemi ters ibraz talebi oluşturulduktan sonra kullanıcıya bir onay sağlamalıdır. Onay şu bilgileri içermelidir; uyuşmazlık vaka numarası talep edilen ters ibraz türü (bekleyen veya anında) ve satıcı yanıtının son tarihi",1,0,1,1,1,1,1,1,1
"Uyuşmazlık Sistemi yinelenen uyuşmazlık taleplerinin oluşturulmasını zamanın %100'ünde engellemeli",1,1,1,1,1,1,1,1,1
"Uyuşmazlık Sistemi belirli bir işlem için olası neden kodlarının listesini doğru bir şekilde sağlamalıdır. Olası neden kodları listesi işlem türüne ve satıcının ait olduğu sektöre göre Uyuşmazlık Sistemi için tanımlanan iş kurallarına göre türetilmelidir",1,1,1,1,1,1,0,1,0
"Uyuşmazlık Sistemi mevcut uyuşmazlık vakalarını görüntüleme yeteneği sağlamalıdır",1,1,1,1,1,1,1,1,0
"Uyuşmazlık Sistemi Arama işlevselliği sağlamalıdır. Arama yöntemi şunlara göre arama yapma yeteneğini içermelidir (1) uyuşmazlık vaka numarası (2) satıcı hesap numarası (3) kart üyesi hesap numarası ve (4) düzenleyen kuruluş numarası. Yukarıdaki kriterlere ek olarak arama işlevselliği kullanıcının arama sonuçlarını bir tarih aralığı uyuşmazlık türü (fiş alma talebi veya ters ibraz bildirimi) vaka durumu (açık kapalı veya tümü) ve uyuşmazlık neden koduna göre sınırlandırmasına izin vermelidir",1,1,1,1,1,1,0,1,0
"Girilen arama kriterlerini karşılayan tüm uyuşmazlık vakalarının listesi kullanıcıya sağlanmalıdır. Vaka listesi listedeki satır öğesini renk kodlayarak vakanın türünü ve/veya durumunu ayırt etmelidir. Örneğin tüm açık vakalar sarı ve tüm kapalı vakalar gri olacaktır",1,1,1,1,1,1,0,1,1
"Uyuşmazlık Sistemi kullanıcılara uyuşmazlık vakasında gerçekleşen tüm faaliyetlerin geçmişini görüntüleme yeteneği sağlamalıdır",1,1,1,1,1,1,1,1,0
"Uyuşmazlık Sistemi kullanıcılara takip eylemleri aracılığıyla bir uyuşmazlık vakasını takip etme yeteneği sağlamalıdır. Belirli bir uyuşmazlık vakası için kullanılabilir takip eylemlerinin listesi vakanın durumuna ve kullanıcının erişim düzeyine göre filtrelenmelidir",1,1,1,1,1,1,0,1,0
"Uyuşmazlık Sistemi sistemde uyuşmazlık vakasını oluşturan veya değiştiren herhangi bir faaliyet için kullanıcının adını ve tarihi kaydetmelidir. Denetim amaçları için gerçekleştirilen eylemin tarihi ve eylemi gerçekleştiren kullanıcı dahil olmak üzere vaka üzerinde gerçekleştirilen eylemlerin ayrıntılı bir geçmişi tutulmalıdır",1,1,1,1,1,1,0,1,0
"Uyuşmazlık yaşlandırma süreci gibi bir vaka üzerinde gerçekleşen herhangi bir sistematik (kullanıcı tarafından başlatılmayan) eylem için bir vaka etkinliği oluşturulacaktır. Bir sonraki oturum açmada uyuşmazlık vakasını başlatan kullanıcıya uyuşmazlık vakasında sistematik bir eylemin gerçekleştiğine dair bildirim yapılmalıdır",1,1,1,1,1,1,0,1,0
"Tüm mektup talepleri Mektup Yazdırma Programı sistemi tarafından belirtilen yönergelere göre biçimlendirilmelidir",1,1,1,1,1,1,1,1,0
"6 aydan fazla süredir kapatılmış olan tüm uyuşmazlık vakaları çevrimiçi uyuşmazlık veritabanından temizlenmelidir",1,1,1,1,1,1,1,1,1
"Ürün Internet Explorer 5.5 ve üstünü desteklemelidir",1,1,1,1,1,1,1,1,1
"Ürün Mozilla Firefox 1.0 ve üstünü desteklemelidir",1,1,1,1,1,1,1,1,1
"Ürün Choice Parts Sistemi ile arayüz oluşturmalıdır. Bu geri dönüştürülmüş parça verilerinin beslemesini sağlar",1,0,1,1,1,1,0,1,0
"Ürün tüm ortamlar için mevcut donanım üzerinde çalışmalıdır",1,0,1,1,1,1,1,0,0
"Ürün kurumsal Mimari yönergelerine uymalıdır",1,0,1,1,1,1,1,0,0
"Ürün kurumsal Kullanıcı Arayüzü Yönergelerine uymalıdır",1,1,1,1,1,1,1,1,0
"Ürün kurumsal renk şemasına uymalıdır",1,1,1,1,1,1,1,1,0
"Ürünün görünümü profesyonel görünmelidir",1,0,1,1,1,1,1,0,0
"Yazılım ürününün Windows veya Linux platformlarında çalışması beklenmektedir",1,1,1,1,1,1,1,1,1
"Ürün Eksperler ve Hasar Değerlendiricileri tarafından kullanımı kolay olmalıdır. Eksperler ve Hasar Değerlendiricilerinin %95'i ürünü kullanımı kolay bulmalıdır",1,1,1,1,1,1,0,1,1
"Ürün Hasar Değerlendiricilerinin üretkenliğini artırmalıdır. Hasar Değerlendiricilerinin %80'i ürünü kullanmaya başladıktan 1 ay içinde üretkenliklerinin arttığını kabul etmelidir",1,1,1,1,1,1,1,1,1
"Kullanıcılar ürünü kullanarak memnun hissetmelidir. Tüm kullanıcıların %85'i üründen memnun olacaktır",1,1,1,1,1,1,0,1,1
"Ürün Eksperler ve Hasar Değerlendiricileri tarafından öğrenilmesi kolay olmalıdır. Ürün iki günlük yerinde eğitimle öğrenilecektir",1,1,1,1,1,1,0,1,1
"Kullanıcı ürünü kullanırken talimatları kolayca bulabilmelidir. Kullanıcı yardımı sistemin %90'ında bulunabilir",1,1,1,1,1,1,0,1,1
"Geri dönüştürülmüş parça araması 15 saniyeden uzun sürmemelidir. Arama sonuçları 15 saniyenin altında döndürülecektir",1,1,1,1,1,1,0,1,1
"Tercih edilen tamir tesisi araması 8 saniyeden uzun sürmemelidir. Tercih edilen tamir tesisi 8 saniye içinde döndürülür",1,1,1,1,1,1,0,1,1
"Geri dönüştürülmüş parça denetim raporu kullanıcıya 10 saniye içinde döndürülmelidir. Denetim raporu 10 saniye içinde döndürülecektir",1,1,1,1,1,1,0,1,1
"Tercih edilen tamir tesisi derecelendirmeleri 5 saniye içinde kaydedilmelidir. Kaydetme 5 saniye içinde gerçekleşecektir",1,1,1,1,1,1,0,1,1
"Ürün kurumsal çevrimiçi kullanılabilirlik programına uymalıdır. Uygulama yalnızca kullanılabilirlik programına göre planlanan kesintilerin %98'i dahilinde kapatılır",1,1,1,1,1,1,0,1,1
"Ürün %98 çalışma süresine ulaşmalıdır. Ürün kullanılabilir çevrimiçi zamanın %2'sinden fazla başarısız olmamalıdır",1,1,1,1,1,1,0,1,1
"Ürün 1500'e kadar eşzamanlı kullanıcıyı idare edebilmelidir. Sistem aynı anda 1500 kullanıcıyla performans göstermelidir",1,1,1,1,1,1,0,1,1
"Günlük ortalama geri dönüştürülmüş parça kaydı sayısı 50.000 olmalıdır",1,1,1,1,1,1,1,1,1
"Ürün ilk lansmanın 2 yıl içinde 10.000 eşzamanlı kullanıcıyı idare edebilmelidir",1,1,1,1,1,1,1,1,1
"Değerlendiriciler için ürün tamir tesisinde kirli ve gürültülü koşullarda çalıştırılabilmelidir",1,1,1,1,1,1,1,1,0
"Ürün günde bir kez yaklaşık saat 1'de ChoiceParts sistemiyle arayüz oluşturmalıdır",1,0,1,1,1,1,1,1,1
"Ürünün bakımı kurulmuş kurumsal bakım pencereleri dahilinde kalacaktır",1,0,1,1,1,1,1,0,0
"Ürün kurumsal destek merkezi kullanılarak desteklenmelidir",1,1,1,1,1,1,1,1,0
"Ürün kurulumları ve yükseltmeleri kurulmuş başlatma zaman çerçeveleri dahilinde ara katman teknoloji ekibi tarafından yönetilmelidir",1,1,1,1,1,1,1,1,0
"Yalnızca eksperler geri dönüştürülmüş parça denetim raporları talep edebilir. Eksper rolü olmayan hiçbir kullanıcı geri dönüştürülmüş parça denetimleri talep etmemelidir",1,1,1,1,1,1,0,1,0
"Yalnızca süpervizör rolüne sahip eksperler tercih edilen tamir tesisi derecelendirmelerini güncelleyebilir. Süpervizör rolü olmayan kullanıcılar tamir tesisi derecelendirmelerine erişemez",1,1,1,1,1,1,0,1,0
"Yalnızca hasar değerlendiricileri geri dönüştürülmüş parça araması yapabilir. Hasar değerlendiricisi rolü olmayan kullanıcılar geri dönüştürülmüş parça aramaya erişemez",1,1,1,1,1,1,0,1,0
"Sisteme yalnızca geçerli veri girilmelidir. Sisteme geçersiz veri girilmemelidir",1,1,1,1,1,1,0,1,0
"Bir sigorta şirketi başka bir sigorta şirketinin hasar verilerini görüntüleyememeli",1,1,1,1,1,1,1,1,0
"Ürün bilgisayar virüslerinden arınmış olmalıdır",1,0,1,1,1,1,1,0,0
"Sistem hizmet reddi dahil kötü amaçlı saldırıları engellemelidir",1,1,1,1,1,1,1,1,0
"Ürün Sarbanes-Oxley'e uymalıdır",1,1,1,1,1,1,1,1,0
"Ürün geri dönüştürülmüş parça kullanımıyla ilgili tahmin yasalarına uymalıdır",1,1,1,1,1,1,1,1,0
"Ürün hasar işlemeyle ilgili sigorta düzenlemelerine uymalıdır",1,1,1,1,1,1,1,1,0
"Kullanıcı araç araç konumu ve mil cinsinden yarıçap kullanarak tercih edilen tamir tesisini aramalıdır",1,1,1,1,1,1,1,1,0
"Araç verileri araç yılı marka ve modeli içermelidir",1,1,1,1,1,1,1,1,0
"Araç konumu sokak adresi şehir eyalet ve posta kodu içermelidir",1,1,1,1,1,1,1,1,0
"Posta kodu bilinmiyorsa sistem sokak adresi şehir ve eyalet için posta kodunu çözmelidir",1,1,1,1,1,1,1,1,0
"Arama yarıçapı 1 ile 30 mil arasında olmalıdır",1,1,1,1,1,1,1,1,1
"Sistem girdi kriterleri için en yüksek derecelendirmeye sahip tercih edilen tamir tesisini bulmalıdır",1,1,1,1,1,1,1,1,0
"Eksper tahmin atamasına tercih edilen tamir tesisini girmelidir",1,1,1,1,1,1,1,1,0
"Eksper tahmin atamasında tercih edilen tamir tesisini geçersiz kılabilmelidir",1,1,1,1,1,1,1,1,0
"Tercih edilen tamir tesisi kullanıcıya döndürülmelidir",1,1,1,1,1,1,1,1,0
"Tercih edilen tamir tesisi belirlenemezse sistem yarıçap içindeki tamir tesislerinin listesini döndürmelidir",1,1,1,1,1,1,1,1,0
"Değerlendirici hasarlı araç parça bilgilerini kullanarak mevcut geri dönüştürülmüş parçaları aramalıdır",1,1,1,1,1,1,1,1,0
"Değerlendirici tercih edilen parça tedarikçileri listesini kullanarak mevcut geri dönüştürülmüş parçaları aramalıdır",1,1,1,1,1,1,1,1,0
"Sistem sağlanan araç parçaları ve tedarikçiler için mevcut geri dönüştürülmüş parçaları aramalıdır",1,1,1,1,1,1,1,1,0
"Tercih edilen parça tedarikçileri için parça bulunamazsa değerlendirici 30 mil yarıçapında posta koduna göre arama yapmalıdır",1,1,1,1,1,1,1,1,0
"Sistem aramadan döndürülen mevcut geri dönüştürülmüş parçaları ve tedarikçileri saklamalıdır",1,1,1,1,1,1,1,1,0
"Mevcut geri dönüştürülmüş parça bilgileri ve tedarikçileri kullanıcıya döndürülmelidir",1,1,1,1,1,1,1,1,0
"Değerlendirici seçilen geri dönüştürülmüş parçaları çarpışma tahminine uygulamalıdır",1,1,1,1,1,1,1,1,0
"Kullanılabilir parça döndürülmezse değerlendirici geri dönüştürülmüş parçaları çarpışma tahminine uygulamamalıdır",1,1,1,1,1,1,1,1,0
"Eksper çarpışma tahminini gözden geçirmelidir",1,1,1,1,1,1,1,1,0
"Eksper çarpışma tahmininin geri dönüştürülmüş parça denetimi talep etmelidir",1,1,1,1,1,1,1,1,0
"Değerlendiriciye sağlanan geri dönüştürülmüş parça arama sonuçları sistem tarafından alınmalıdır",1,1,1,1,1,1,1,1,0
"Sistem mevcut geri dönüştürülmüş parçalar ve çarpışma tahminine dayalı bir denetim raporu oluşturmalıdır",1,1,1,1,1,1,1,1,0
"Denetim raporu tahminde kullanılan geri dönüştürülmüş parçaların toplam sayısını içermelidir",1,1,1,1,1,1,1,1,0
"Denetim raporu orijinal arama sonuçlarından mevcut geri dönüştürülmüş parça sayısını içermelidir",1,1,1,1,1,1,1,1,0
"Denetim raporu tahminde kullanılan mevcut geri dönüştürülmüş parçaların yüzdesini içermelidir",1,1,1,1,1,1,1,1,0
"Denetim raporu bireysel satır öğelerini toplayan denetimin toplam puanını içermelidir",1,1,1,1,1,1,1,1,0
"Denetim raporu kullanıcıya görüntülenmelidir",1,1,1,1,1,1,1,1,0
"Denetim raporu daha sonraki zamanlarda diğer eksperlere sunulmalıdır",1,1,1,1,1,1,1,1,0
"Kullanıcı tercih edilen tamir tesisi derecelendirmelerini görüntülemeyi seçmelidir",1,1,1,1,1,1,1,1,0
"Mevcut tamir tesisi derecelendirmeleri kullanıcıya görüntülenmelidir",1,1,1,1,1,1,1,1,0
"Henüz tanımlanmış derecelendirmeler yoksa sistem boş bir derecelendirme seti görüntüleyecektir",1,1,1,1,1,1,1,1,0
"Kullanıcı denetim raporuna dayalı yeni derecelendirmeler girmelidir",1,1,1,1,1,1,1,1,0
"Derecelendirmeler 1-10 ölçeğinde olmalıdır",1,1,1,1,1,1,1,1,1
"Derecelendirmeler geri dönüştürülmüş parça kullanma girişimi ve geri dönüştürülmüş parça fiili kullanımı kategorilerini içermelidir",1,1,1,1,1,1,1,1,0
"Kullanıcı tercih edilen tamir tesisi derecelendirmelerini kaydetmeyi seçmelidir",1,1,1,1,1,1,1,1,0
"Tercih edilen tamir tesisi derecelendirmeleri sistem tarafından kaydedilmelidir",1,1,1,1,1,1,1,1,0
"Ürün piyasadaki çoğu veritabanı yönetim sistemiyle (DBMS) çalışmalıdır. DBMS ürünle aynı makinede birlikte bulunsa veya bilgisayar ağındaki farklı bir makinede bulunsa da çalışmalıdır",1,1,1,1,1,1,0,1,0
"Ürün Java çalışma zamanının kurulabileceği herhangi bir işletim sisteminde sunucu yazılımının yanında çalışacaktır",1,1,1,1,1,1,1,1,0
"Ürün bir veritabanı yönetim sistemiyle (DBMS) işbirliği gerektirecektir. DBMS ürünle aynı makinede veya aynı bilgisayar ağında bulunan ayrı bir makinede bulunabilir",1,1,1,1,1,1,0,1,0
"Ürün web/uygulama sunucusu teknolojisinden yararlanmalıdır. Açık kaynak örnekleri Apache web sunucusu Tomcat ve JBoss uygulama sunucusunu içerir",1,1,1,1,1,1,1,1,0
"Oracle DB2 MySql veya HSQL gibi bir veritabanı yönetim sisteminin ürünle entegre edilmesi gerekecektir",1,1,1,1,1,1,1,1,0
"Ürünün Görünüm ve Hissi müşterinin organizasyonunun logo marka ve kimlik gibi yönlerini içerebilmelidir",1,1,1,1,1,1,1,1,0
"Ürün muhafazakar ve profesyonel bir görünüme sahip olmalıdır",1,0,1,1,1,1,1,0,0
"Ürün kullanıcıların onu kullanmak istemesini sağlamalıdır. Anket yapılan kullanıcıların %80'i lansmanın ilk 2 haftası sonrasında ürünü düzenli olarak kullandıklarını bildiriyor",1,1,1,1,1,1,0,1,1
"Ürün kullanımı kolay olmalıdır. Kullanıcıların %90'ı ürün kullanımının 5 dakikası içinde başarılı bir şekilde toplantı odası rezervasyonu yapabilecektir",1,1,1,1,1,1,0,1,1
"Ürün gerektiğinde kullanıcılara geri bildirim vermelidir. Anket yapılan kullanıcıların %80'i ürünün eylemlerini doğru bir şekilde onayladığını bildirmektedir",1,1,1,1,1,1,0,1,1
"Ürün kullanıcının hedef pazar ülkelerinden birinin seçilen dilini seçmesine izin vermelidir",1,1,1,1,1,1,1,1,0
"Ürün başlangıç sayfası ve görünüm tercihlerinin özelleştirilmesine izin vermelidir",1,1,1,1,1,1,1,1,0
"Bir çalışan birkaç dakika içinde ürünü başarıyla kullanabilecektir. Ürünü 15 dakikadan az gayri resmi olarak gezindikten sonra kullanıcılar toplantı kurabilmeli ve toplantı odası rezerve edebilmelidir",1,1,1,1,1,1,0,1,1
"Ürün çoğu web kullanıcısına tanıdık standart bir gezinme menüsü kullanmalıdır",1,1,1,1,1,1,1,1,0
"Ürün mevcut toplantı odalarının sezgisel aramasına izin vermelidir",1,0,1,1,1,1,1,0,0
"Ürün Amerikalılar Engelliler Yasası'na uymalıdır",1,1,1,1,1,1,1,1,0
"Yanıt kullanıcının düşünce akışını kesintiye uğratmayacak kadar hızlı olmalıdır. Görevlerin %90'ı 5 saniye içinde tamamlanmalıdır. Görevlerin %98'i 8 saniye içinde tamamlanmalıdır",1,1,1,1,1,1,0,1,1
"Sunucu arızası dışında yazılım ürünü %99.99 çalışma süresine ulaşmalıdır",1,1,1,1,1,1,1,1,1
"Ürün analiz ve çözüm için şirketimize iletilmek üzere üründe karşılaşılan sorunların istisna günlüğünü oluşturmalıdır",1,1,1,1,1,1,1,1,0
"Ürün 1.000'e kadar eşzamanlı isteği işleyebilmelidir. Bu sayı Sürüm 2'de 2.000'e çıkacaktır. Eşzamanlılık kapasitesi sabah erken ve öğleden sonra geç saatler gibi yoğun planlama zamanlarını idare edebilmelidir",1,1,1,1,1,1,0,1,1
"Ürün lansmanının iki yıl içinde saatte 10.000 işlemi işleyebilmelidir. Bu sayı Sürüm 2'de 20.000'e çıkacaktır",1,1,1,1,1,1,0,1,1
"Ürünün her müşteri kurulumu için en az 5 yıl çalışması beklenmelidir",1,1,1,1,1,1,1,1,1
"Ürün ofis ortamlarında kullanılacaktır",1,1,1,1,1,1,1,1,0
"Ürün herhangi bir HTML tarayıcısıyla arayüz oluşturabilmelidir. Ürün kullanıcı ve ürün arasında sorunsuz veri iletmelidir. Ürün test edilen tüm HTML tarayıcılarının %80'inde HTML'yi düzgün şekilde görüntülemelidir (minimum 8 tarayıcı test edilmelidir)",1,1,1,1,1,1,0,1,1
"Ürün çeşitli veritabanı yönetim sistemleriyle arayüz oluşturabilmelidir. Ürün tüm işlemlerin %100'ünde veritabanı yönetim sistemiyle başarıyla iletişim kurmalıdır",1,1,1,1,1,1,0,1,1
"Ürün çeşitli e-posta sunucularıyla arayüz oluşturabilmelidir. Ürün e-posta gönderebilmelidir",1,1,1,1,1,1,0,1,0
"Ürün İnternet üzerinden ikili veya ZIP dosyası olarak dağıtıma sunulmalıdır",1,1,1,1,1,1,1,1,0
"Ürün paketli CD olarak dağıtıma sunulmalıdır",1,1,1,1,1,1,1,1,0
"Ürün tek sunuculu iki-beş sunuculu veya beş-veya-daha-fazla sunuculu lisans olarak lisanslanabilir olacaktır",1,1,1,1,1,1,1,1,0
"Yeni bir kullanıcı 10 dakika içinde sisteme eklenebilmelidir. Yeni kullanıcıların %90'ı 10 dakika içinde sisteme giriş yapabilmektedir",1,1,1,1,1,1,0,1,1
"Ürün Tasarım Desenleri ve kodlama en iyi uygulamaları kullanılarak tasarlanmalıdır. Bakım yazılım geliştiricilerinin %90'ı 2 iş günü içinde ürüne yeni işlevsellik entegre edebilmektedir",1,1,1,1,1,1,0,1,1
"Ürün son kullanıcılar için çeşitli veritabanı yönetim sistemleriyle kullanım için yüksek düzeyde yapılandırılabilir olmalıdır. Son kullanıcıların %80'i ürünün yazılım kodunu değiştirmeden yeni veritabanı yönetim sistemlerini ürünle entegre edebilmektedir",1,1,1,1,1,1,0,1,1
"Bakım sürümleri müşterilere yılda bir kez sunulacaktır. Sürümlerin kurulumu müşteri tabanının %80'i için 5 dakikadan uzun sürmemelidir",1,1,1,1,1,1,0,1,1
"Kayıtlı her kullanıcı İnternet üzerinden ürünün destek sitesine erişebilecektir. Kayıtlı kullanıcıların %70'i destek sitesini kullanmanın 5 dakikası içinde sorunlarına çözüm bulmalıdır",1,1,1,1,1,1,0,1,1
"Müşteri ürünün yaşam döngüsü boyunca yeni bina haritalarını ürünle kolayca entegre edebilmelidir. Yeni haritaların ürünle entegrasyonu ürün destek personelinden çok az veya hiç destek almadan mümkün olmalıdır",1,1,1,1,1,1,0,1,0
"Ürün gelecekteki sürümlerde hedef pazar ülkeleri dillerinin dışındaki yabancı dillere çevrilmelidir. Her gelişmekte olan hedef pazar için ürünü o pazarın dili için yapılandırmak en fazla 5 gün sürmelidir",1,1,1,1,1,1,0,1,1
"Ürünün birden fazla veritabanı yönetim sistemiyle entegre olması beklenmektedir. Ürün Oracle SQL Server DB2 MySQL HSQL ve MS Access ile çalışacaktır",1,1,1,1,1,1,0,1,1
"Ürün herhangi bir işletim ortamına 2 gün içinde kurulabilmelidir",1,1,1,1,1,1,1,1,1
"Ürün yalnızca şirket çalışanlarının veya şirket onaylı kullanıcı kimliklerine sahip harici kullanıcıların ürüne erişebilmesini sağlamalıdır. Tüm oturum açmaların %100'ü şirket çalışanları veya şirket onaylı kullanıcı kimliklerine sahip harici kullanıcılar tarafından olmalıdır",1,1,1,1,1,1,0,1,1
"Yalnızca yöneticiler kullanıcıya göre rezervasyonlar için arama sorguları gerçekleştirebilir. Kullanıcıya göre rezervasyonlar için tüm arama sorgularının %100'ü yalnızca yönetim oturum açmalarından olmalıdır",1,1,1,1,1,1,0,1,1
"Ürün veritabanının verilerinin kullanıcı tarafından girilen verilere karşılık gelmesini sağlamalıdır. Sistemdeki her toplantı odası rezervasyonu kullanıcı tarafından girilen bilgilerle aynı bilgileri içerecektir",1,1,1,1,1,1,0,1,1
"Ürün kötü amaçlı veri girişini engellemelidir. Ürüne her kötü amaçlı veri girişi yapıldığında ürün ve/veya bitişik donanım/yazılım sistemleri verileri %100 bozulmamış kalacaktır",1,1,1,1,1,1,0,1,1
"Ürün ve/veya bağımlı veritabanları/dosya sistemleri kötü amaçlı veri girişi sonucunda çalışır durumda kalmalıdır. Ürüne kötü amaçlı veri girişi yapılan zamanın %100'ünde ürün ve/veya bağımlı veritabanları/dosya sistemleri çökmemelidir",1,1,1,1,1,1,0,1,1
"Ürün yeni tehditler ortaya çıktıkça otomatik yazılım güncellemeleri alma yeteneğine sahip olmalıdır. Müşterilerin %100'ü kurulu ürüne iletilen otomatik yazılım güncellemelerini alabilecektir",1,1,1,1,1,1,0,1,1
"Ürünün dili tüm hedef pazar ülkelerini karşılamalıdır. Her hedef pazar ülkesinden anket katılımcılarının %90'ı ürünün dilinin kabul edilebilir olduğunu bulacaktır",1,1,1,1,1,1,1,1,1
"Ürün takvim tarihlerini ve saatlerini kullanıcının yerel ayarına göre görüntüleyebilmelidir. Her hedef pazar ülkesinden anket katılımcılarının %90'ı ürünün tarih ve saat biçimlendirmesinin doğru olduğunu bulacaktır",1,1,1,1,1,1,1,1,1
"Ürün J2SE/J2EE programlama dili kütüphaneleriyle geliştirilmelidir",1,1,1,1,1,1,1,1,0
"Ürün toplantı girişlerini kaydetmelidir",1,1,1,1,1,1,1,1,0
"Ürün çalışanları toplantı davetleri hakkında bilgilendirecektir",1,1,1,1,1,1,1,1,0
"Ürün çalışanlara toplantı hatırlatıcıları gönderme yeteneğine sahip olmalıdır",1,1,1,1,1,1,1,1,0
"Ürün organizatörün iletişim bilgilerini oluşturdukları her toplantıya atamalıdır",1,1,1,1,1,1,1,1,0
"Ürün toplantı onaylarını kaydedecektir",1,1,1,1,1,1,1,1,0
"Ürün yeni toplantı odalarını depolamalıdır",1,1,1,1,1,1,1,1,0
"Ürün mevcut toplantı odalarını güncellemelidir",1,1,1,1,1,1,1,1,0
"Ürün toplantı odalarını silebilecektir",1,1,1,1,1,1,1,1,0
"Ürün yeni oda ekipmanı depolayabilmelidir",1,1,1,1,1,1,1,1,0
"Ürün mevcut oda ekipmanını güncelleyecektir",1,1,1,1,1,1,1,1,0
"Ürün oda ekipmanını silebilmelidir",1,1,1,1,1,1,1,1,0
"Ürün bir organizatörün diğer çalışanları toplantılara davet etmesine izin vermelidir",1,1,1,1,1,1,1,1,0
"Her toplantı odası rezerve edildiğinde toplantı odası programı rezervasyonun saatini ve tarihini yansıtacak şekilde güncellenmelidir",1,1,1,1,1,1,1,1,0
"Ürün rezerve edilen ekipmanın nakliye durumunu kaydetmelidir",1,1,1,1,1,1,1,1,0
"Ürün toplantı odası konumlarını gösteren şirket binasının haritasını görüntülemelidir",1,1,1,1,1,1,1,1,0
"Ürün güncellenmiş toplantı gündemlerini kaydetmelidir",1,1,1,1,1,1,1,1,0
"Ürün toplantı organizatörüne bir toplantı onayı göndermelidir",1,1,1,1,1,1,1,1,0
"Ürün arama parametrelerine göre oda ekipmanını görüntülemelidir",1,1,1,1,1,1,1,1,0
"Ürün arama parametrelerine göre toplantı odalarını görüntülemelidir",1,1,1,1,1,1,1,1,0
"Ürün farklı toplantı türlerini kaydetmelidir",1,1,1,1,1,1,1,1,0
"Ürün rezerve edilmiş tüm ekipmanı kaydetmelidir",1,1,1,1,1,1,1,1,0
"Ürün bina personelini ekipman taşıma talepleri hakkında bilgilendirmelidir",1,1,1,1,1,1,1,1,0
"Ürün ayrıcalıklı kullanıcıların toplantı programlarını birden fazla raporlama görünümünde görmesine izin verecektir",1,1,1,1,1,1,1,1,0
"Ürün farklı son kullanıcı belirtilen yöntemler aracılığıyla toplantı bildirimleri gönderebilmelidir",1,1,1,1,1,1,1,1,0
"Ürün özelleştirilebilir bir Görünüm ve Hisse sahip olmalıdır",1,0,1,1,1,1,1,0,0
"Ürün sezgisel bir kullanıcı arayüzüne sahip olmalıdır",1,0,1,1,1,1,1,0,0
"Ürün rezerve edilmemiş toplantı odaları için müsait durumu görüntüleyecektir",1,1,1,1,1,1,1,1,0
"Önceki 30 günlük dönem için Envanter Miktarı Ayarlamasının yeniden oluşturulması en fazla 30 dakika sürmelidir",1,1,1,1,1,1,1,1,1
"Sistem aynı anda çalışacak minimum 6 kullanıcıya izin vermelidir",1,1,1,1,1,1,1,1,1
"Sistem şu anda sahip olunan bilgisayar ekipmanını kullanmalıdır",1,1,1,1,1,1,1,1,0
"Sistem iş verilerini otomatik olarak yedekleyebilmeli ve talep üzerine geri yükleyebilmelidir",1,1,1,1,1,1,1,1,0
"Sistem tutarlı güvenliği korumalıdır. Kullanıcı parolalarında ve/veya izinlerde yapılan değişiklikler Sistemin tüm bölümlerinde etkili olmalıdır",1,1,1,1,1,1,0,1,0
"Sistem tüm ana alt sistemlere erişim haklarını ayrıntılı olarak kontrol etmelidir. Tüm alt sistemlere bağımsız olarak erişim hakları atanabilmeli",1,1,1,1,1,1,0,1,0
"Sistem geçerli tüm muhasebe standartlarını karşılamalıdır. Sistemin nihai sürümü sertifikalı bir denetçi tarafından gerçekleştirilen bağımsız denetimi başarıyla geçmelidir",1,1,1,1,1,1,0,1,1
"Sistem telif ücreti ile sonuçlanan ek üçüncü taraf lisansları gerektirmemelidir",1,1,1,1,1,1,1,1,0
"Sistem talep üzerine Envanter Miktarı Ayarlama belgelerinin oluşturulmasına izin vermelidir",1,1,1,1,1,1,1,1,0
"Sistem belirli bir zamandan bu yana tüm Envanter Miktarı Ayarlama belgelerinin talep üzerine oluşturulmasına izin vermelidir",1,1,1,1,1,1,1,1,0
"IQA alt sistemi mevcut envanter durumunu dikkate almalı ve ikame malzemelerin envanterini buna göre ayarlamalıdır",1,1,1,1,1,1,1,1,0
"Sistem ürün formüllerinin girilmesine depolanmasına ve değiştirilmesine izin vermelidir",1,1,1,1,1,1,1,1,0
"Ürün formülleri kendi formüllerine sahip yarı ürünlerin kullanılmasına izin vermelidir",1,1,1,1,1,1,1,1,0
"Aşağıdaki tarayıcılarla arayüz oluşturabilmeliyiz",1,0,1,1,1,1,1,1,0
"Web sitesi kredi kartı işlemlerini işlemek için CyberSource API ile arayüz oluşturmalıdır",1,1,1,1,1,1,1,1,0
"Web sitesi MSN TV2 ile tamamen çalışır durumda olmalıdır",1,1,1,1,1,1,1,1,0
"Filmler Windows Media Player 9.0 aracılığıyla kodlanmalı ve akış yapılmalıdır",1,1,1,1,1,1,1,1,1
"Filmler 56k ve 256k akışları için kodlanmalıdır",1,1,1,1,1,1,1,1,1
"Web sitesine promosyon güncellemeleri güncellemek bir gün sürmelidir",1,1,1,1,1,1,1,1,1
"Izogn Yöneticisi web sitesindeki kategori listelerini 2 dakika içinde güncelleyebilmelidir",1,1,1,1,1,1,1,1,1
"Izogn Yöneticisi web sitesine 2 dakika içinde yeni ürünler ekleyebilmelidir",1,1,1,1,1,1,1,1,1
"Sistem müşterilerine destek için 24 saat 800 ücretsiz numarası sağlayacaktır",1,1,1,1,1,1,1,1,0
"Web sitesi yaygın sorunlara yanıtlar ve çözümler içeren bir yardım bölümü sağlayacaktır",1,1,1,1,1,1,1,1,0
"Velkat personeli Izogn yöneticilerine teknik destek sağlamak için Pazartesi-Cuma 07:00-19:00 arası telefon desteği için hazır olacaktır",1,1,1,1,1,1,1,1,1
"Ürün belirtilen ortama 1 iş günü içinde kurulabilmelidir",1,1,1,1,1,1,1,1,1
"Yalnızca kayıtlı müşteriler akış filmleri satın alabilir",1,1,1,1,1,1,1,1,0
"Müşteri yalnızca satın aldığı ve 2 günlük görüntüleme süresi içindeyse bir filmi akış yapabilir",1,1,1,1,1,1,0,1,1
"Yalnızca yetkili personel veritabanındaki müşteri kayıtlarına erişebilir",1,1,1,1,1,1,1,1,0
"Yalnızca yöneticiler ön ödemeli bir kartı etkinleştirebilir",1,1,1,1,1,1,1,1,0
"Yalnızca yetkili personel satış bilgilerine erişebilir",1,1,1,1,1,1,1,1,0
"Web sitesi yanlış veri girildiğinde verilerinin bozulmasını engelleyecektir",1,1,1,1,1,1,1,1,0
"Web sitesi kendini kasıtlı kötüye kullanımdan koruyacak ve tüm olaylarda yöneticiyi bilgilendirecektir",1,1,1,1,1,1,0,1,0
"Veri bütünlüğü komut dosyaları veritabanının bütünlüğünü doğrulamak için haftalık olarak çalıştırılacaktır",1,1,1,1,1,1,1,1,0
"Web sitesi onlardan veri toplamadan önce kullanıcısını web sitesinin tüm sayfalarında erişilebilir bir Gizlilik Politikası aracılığıyla bilgi uygulamalarından haberdar edecektir",1,1,1,1,1,1,1,1,0
"Sistem müşterileri bilgi politikasındaki değişiklikler hakkında bilgilendirecektir",1,1,1,1,1,1,1,1,0
"Sistem özel bilgileri yalnızca kuruluşun bilgi politikasına uygun olarak açıklayacaktır",1,1,1,1,1,1,1,1,0
"Tüm müşteri bilgileri yalnızca yetkili personelin erişebildiği güvenli bir veritabanında saklanacaktır",1,1,1,1,1,1,1,1,0
"Tüm kredi kartı bilgileri veritabanında şifrelenecektir",1,1,1,1,1,1,1,1,0
"Akış sunucusu kötü amaçlı virüs bulaşmasını önlemek için antivirüs yazılımına sahip olacaktır",1,1,1,1,1,1,1,1,0
"Web sitesi Nijerya'daki tüm kabilelere hitap etmelidir",1,0,1,1,1,1,1,0,0
"Web sitesi dini veya etnik gruplara saldırgan olmamalıdır",1,1,1,1,1,1,1,1,0
"Web sitesi sadece Nijeryalılara değil tüm Afrikalılara hitap etmelidir",1,0,1,1,1,1,1,0,0
"Web sitesi ana sayfada animasyon sağlamak için Flash kullanmalıdır",1,1,1,1,1,1,1,1,0
"IzognMovies Afrika filmlerini akış yapmak için ilgili kuruluşlar tarafından belirlenen lisanslama gerekliliklerini karşılamalıdır",1,1,1,1,1,1,1,1,0
"Web sitesi W3C standartlarına uygun olacaktır",1,1,1,1,1,1,1,1,0
"PHP kodu PEAR standartlarına uygun olacaktır",1,1,1,1,1,1,1,1,0
"Web sitesi müşterilerin filmleri başlık aktör veya yönetmene göre aramasına izin verecektir",1,1,1,1,1,1,1,1,0
"Film detaylarını görüntülerken web sitesi yönetici tarafından girilen filmin açıklamasını aktörünü ve yönetmenini görüntüleyecektir",1,1,1,1,1,1,1,1,0
"Web sitesi kullanıcının bir filmi akış yapmasına izin vermeden önce kredi kartı ödemesi talep edecek ve yetkilendirecektir",1,1,1,1,1,1,1,1,0
"Satın alınan filmi satın alma tarihinden sonra 2 güne kadar Windows Media Player aracılığıyla akış yapabilecektir",1,0,1,1,1,1,1,1,1
"Web sitesi müşterilerin Izogn yöneticisi tarafından girilen kategorilere göre filmlere göz atmasına izin verecektir",1,1,1,1,1,1,1,1,0
"Web sitesi müşterilerin seçilen filmler hakkında diğer müşteriler tarafından yapılan incelemeleri görüntülemesine izin verecektir",1,1,1,1,1,1,1,1,0
"Web sitesi müşterilerin seçilen bir film için kendi film incelemelerini eklemesine izin verecektir",1,1,1,1,1,1,1,1,0
"Web sitesi Izogn yöneticisinin bir müşteri tarafından yayınlanan bir incelemeyi onaylamasına izin verecektir",1,1,1,1,1,1,1,1,0
"Sistem müşterilerin ön ödemeli kartla akış filmi için ödeme yapmasına izin verecektir",1,1,1,1,1,1,1,1,0
"Web sitesi müşterilerin kredi kartı veya posta ile ödeme seçeneğiyle 5 10 veya 20 dolar değerinde ön ödemeli kartlar satın almasına izin verecektir",1,1,1,1,1,1,1,1,0
"Sistem her Cuma web sitesinin ana sayfasını otomatik olarak güncelleyecek ve web sitesine eklenmiş en son 4 filmi gösterecektir",1,1,1,1,1,1,1,1,1
"Sistem kullanıcıların web sitesinin Hesabım bölümü aracılığıyla fatura ve iletişim bilgilerini güncellemesine izin verecektir",1,1,1,1,1,1,1,1,0
"Ön ödemeli kartlar e-posta veya basılı kağıt kart ile dağıtılacaktır",1,1,1,1,1,1,1,1,0
"Yalnızca kayıtlı müşteriler akış filmleri satın alabilir",1,1,1,1,1,1,1,1,0
"Filmler yalnızca müşteri bir film satın aldıysa ve filmi akış yapmak için 2 günlük süre içindeyse akış yapılabilir",1,1,1,1,1,1,0,1,1
"Web sitesi Izogn Yöneticisi tarafından ayarlanan çeşitli parametrelerle ücretsiz deneme dönemlerini destekleyebilmelidir",1,1,1,1,1,1,1,1,0
"Tüm akış filmi satışları veritabanına kaydedilecek ve yönetici tarafından erişilebilir olacaktır",1,1,1,1,1,1,1,1,0
"Aşağıdaki tarayıcılarla arayüz oluşturabilmeliyiz",1,0,1,1,1,1,1,1,0
"Web sitesi kredi kartı işlemlerini işlemek için CyberSource API ile arayüz oluşturmalıdır",1,1,1,1,1,1,1,1,0
"Web sitesi MSN TV2 ile tamamen çalışır durumda olmalıdır",1,1,1,1,1,1,1,1,0
"Filmler Windows Media Player 9.0 aracılığıyla kodlanmalı ve akış yapılmalıdır",1,1,1,1,1,1,1,1,1
"Filmler 56k ve 256k akışları için kodlanmalıdır",1,1,1,1,1,1,1,1,1
"Web sitesine promosyon güncellemeleri güncellemek bir gün sürmelidir",1,1,1,1,1,1,1,1,1
"Izogn Yöneticisi web sitesindeki kategori listelerini 2 dakika içinde güncelleyebilmelidir",1,1,1,1,1,1,1,1,1
"Izogn Yöneticisi web sitesine 2 dakika içinde yeni ürünler ekleyebilmelidir",1,1,1,1,1,1,1,1,1
"Sistem müşterilerine destek için 24 saat 800 ücretsiz numarası sağlayacaktır",1,1,1,1,1,1,1,1,0
"Web sitesi yaygın sorunlara yanıtlar ve çözümler içeren bir yardım bölümü sağlayacaktır",1,1,1,1,1,1,1,1,0
"Velkat personeli Izogn yöneticilerine teknik destek sağlamak için Pazartesi-Cuma 07:00-19:00 arası telefon desteği için hazır olacaktır",1,1,1,1,1,1,1,1,1
"Ürün belirtilen ortama 1 iş günü içinde kurulabilmelidir",1,1,1,1,1,1,1,1,1
"Yalnızca kayıtlı müşteriler akış filmleri satın alabilir",1,1,1,1,1,1,1,1,0
"Müşteri yalnızca satın aldığı ve 2 günlük görüntüleme süresi içindeyse bir filmi akış yapabilir",1,1,1,1,1,1,0,1,1
"Yalnızca yetkili personel veritabanındaki müşteri kayıtlarına erişebilir",1,1,1,1,1,1,1,1,0
"Yalnızca yöneticiler ön ödemeli bir kartı etkinleştirebilir",1,1,1,1,1,1,1,1,0
"Yalnızca yetkili personel satış bilgilerine erişebilir",1,1,1,1,1,1,1,1,0
"Web sitesi yanlış veri girildiğinde verilerinin bozulmasını engelleyecektir",1,1,1,1,1,1,1,1,0
"Web sitesi kendini kasıtlı kötüye kullanımdan koruyacak ve tüm olaylarda yöneticiyi bilgilendirecektir",1,1,1,1,1,1,0,1,0
"Veri bütünlüğü komut dosyaları veritabanının bütünlüğünü doğrulamak için haftalık olarak çalıştırılacaktır",1,1,1,1,1,1,1,1,0
"Web sitesi onlardan veri toplamadan önce kullanıcısını web sitesinin tüm sayfalarında erişilebilir bir Gizlilik Politikası aracılığıyla bilgi uygulamalarından haberdar edecektir",1,1,1,1,1,1,1,1,0
"Sistem müşterileri bilgi politikasındaki değişiklikler hakkında bilgilendirecektir",1,1,1,1,1,1,1,1,0
"Sistem özel bilgileri yalnızca kuruluşun bilgi politikasına uygun olarak açıklayacaktır",1,1,1,1,1,1,1,1,0
"Tüm müşteri bilgileri yalnızca yetkili personelin erişebildiği güvenli bir veritabanında saklanacaktır",1,1,1,1,1,1,1,1,0
"Tüm kredi kartı bilgileri veritabanında şifrelenecektir",1,1,1,1,1,1,1,1,0
"Akış sunucusu kötü amaçlı virüs bulaşmasını önlemek için antivirüs yazılımına sahip olacaktır",1,1,1,1,1,1,1,1,0
"Web sitesi Nijerya'daki tüm kabilelere hitap etmelidir",1,0,1,1,1,1,1,0,0
"Web sitesi dini veya etnik gruplara saldırgan olmamalıdır",1,1,1,1,1,1,1,1,0
"Web sitesi sadece Nijeryalılara değil tüm Afrikalılara hitap etmelidir",1,0,1,1,1,1,1,0,0
"Web sitesi ana sayfada animasyon sağlamak için Flash kullanmalıdır",1,1,1,1,1,1,1,1,0
"IzognMovies Afrika filmlerini akış yapmak için ilgili kuruluşlar tarafından belirlenen lisanslama gerekliliklerini karşılamalıdır",1,1,1,1,1,1,1,1,0
"Web sitesi W3C standartlarına uygun olacaktır",1,1,1,1,1,1,1,1,0
"PHP kodu PEAR standartlarına uygun olacaktır",1,1,1,1,1,1,1,1,0
"Web sitesi müşterilerin filmleri başlık aktör veya yönetmene göre aramasına izin verecektir",1,1,1,1,1,1,1,1,0
"Film detaylarını görüntülerken web sitesi yönetici tarafından girilen filmin açıklamasını aktörünü ve yönetmenini görüntüleyecektir",1,1,1,1,1,1,1,1,0
"Web sitesi kullanıcının bir filmi akış yapmasına izin vermeden önce kredi kartı ödemesi talep edecek ve yetkilendirecektir",1,1,1,1,1,1,1,1,0
"Satın alınan filmi satın alma tarihinden sonra 2 güne kadar Windows Media Player aracılığıyla akış yapabilecektir",1,0,1,1,1,1,1,1,1
"Web sitesi müşterilerin Izogn yöneticisi tarafından girilen kategorilere göre filmlere göz atmasına izin verecektir",1,1,1,1,1,1,1,1,0
"Web sitesi müşterilerin seçilen filmler hakkında diğer müşteriler tarafından yapılan incelemeleri görüntülemesine izin verecektir",1,1,1,1,1,1,1,1,0
"Web sitesi müşterilerin seçilen bir film için kendi film incelemelerini eklemesine izin verecektir",1,1,1,1,1,1,1,1,0
"Web sitesi Izogn yöneticisinin bir müşteri tarafından yayınlanan bir incelemeyi onaylamasına izin verecektir",1,1,1,1,1,1,1,1,0
"Sistem müşterilerin ön ödemeli kartla akış filmi için ödeme yapmasına izin verecektir",1,1,1,1,1,1,1,1,0
"Web sitesi müşterilerin kredi kartı veya posta ile ödeme seçeneğiyle 5 10 veya 20 dolar değerinde ön ödemeli kartlar satın almasına izin verecektir",1,1,1,1,1,1,1,1,0
"Sistem her Cuma web sitesinin ana sayfasını otomatik olarak güncelleyecek ve web sitesine eklenmiş en son 4 filmi gösterecektir",1,1,1,1,1,1,1,1,1
"Sistem kullanıcıların web sitesinin Hesabım bölümü aracılığıyla fatura ve iletişim bilgilerini güncellemesine izin verecektir",1,1,1,1,1,1,1,1,0
"Ön ödemeli kartlar e-posta veya basılı kağıt kart ile dağıtılacaktır",1,1,1,1,1,1,1,1,0
"Yalnızca kayıtlı müşteriler akış filmleri satın alabilir",1,1,1,1,1,1,1,1,0
"Filmler yalnızca müşteri bir film satın aldıysa ve filmi akış yapmak için 2 günlük süre içindeyse akış yapılabilir",1,1,1,1,1,1,0,1,1
"Web sitesi Izogn Yöneticisi tarafından ayarlanan çeşitli parametrelerle ücretsiz deneme dönemlerini destekleyebilmelidir",1,1,1,1,1,1,1,1,0
"Tüm akış filmi satışları veritabanına kaydedilecek ve yönetici tarafından erişilebilir olacaktır",1,1,1,1,1,1,1,1,0
"Tüm kayıtlı müşteri bilgileri müşteri hesabını iptal ettikten sonra bile veritabanında saklanmalı ve korunmalıdır",1,1,1,1,1,1,1,1,0
"Günlük kullanım istatistikleri kaydedilmeli ve yönetici tarafından erişilebilir olmalıdır",1,1,1,1,1,1,1,1,0
"Sahip tüm akış filmlerine ücretsiz erişime sahip olmalıdır",1,1,1,1,1,1,1,1,0
"Toplam müşteri adayı döngü süresi 08:00 CST ile 20:00 CST arasındaki mesai saatlerinde müşteri adayı hacminin %90'ı için 5 dakikada tamamlanmalıdır; ardından mesai saatleri dışında müşteri adayı hacminin %99'u için 3 dakika olmalıdır",1,1,1,1,1,1,0,1,1
"İşlenen tüm müşteri adaylarının %97'si için hiçbir müşteri adayı değerlendirmesi 25 saniyeden uzun bir sürede tamamlanmayacaktır",1,1,1,1,1,1,1,1,1
"25 saniyeden uzun işlenen müşteri adayları için sistem olayı ve süreyi kaydedecektir",1,1,1,1,1,1,1,1,0
"Süreç bir müşteri adayının toplam yaşam döngüsünün 3 dakikası içinde atandığı Otomatik Temsilci Atama süreci tarafından belirlenen işleme süresi koşullarına uymalıdır",1,1,1,1,1,1,1,1,1
"Müşteri adayı temizleme süreci kurulu fiziksel web servisi yapısı içinde çalışacaktır",1,1,1,1,1,1,1,1,0
"Temizleme süreci müşteri adayı verilerini alırken ve işlerken xml gibi bağlayıcı olmayan tarafsız bir veri formatı kullanmalıdır",1,1,1,1,1,1,1,1,0
"Hata raporları teknik birimlere 7/24 esasına göre sunulacaktır",1,1,1,1,1,1,1,1,0
"Temizleme parametreleri planlı bakım saatlerinde güncellenecektir",1,1,1,1,1,1,1,1,0
"Satıcı geçersiz müşteri adayını doğrulayacaktır",1,1,1,1,1,1,1,1,0
"Satıcı kurumsal faturalandırma sistemine uygulanacak bir kredi doğrulama kaydı gönderecektir",1,1,1,1,1,1,1,1,0
"Bir müşteri adayı yüksek aralıkta puanlanırsa sistem müşteri adayı verilerini ve puanını kurumsal sisteme sağlayacaktır",1,1,1,1,1,1,1,1,0
"Müşteri adayı temizleme işlevi web servisi tarafından alınan tüm müşteri adaylarını geçerli veri için doğrulayacaktır",1,1,1,1,1,1,1,1,0
"Müşteri adayı temizleme işlevi web servisi tarafından yakalanan tüm müşteri adaylarını ekleyecektir",1,1,1,1,1,1,1,1,0
"Müşteri adayı puanı yüksek ortalama puanın içine düşerse ARA işlevi tarafından işlenecektir",1,1,1,1,1,1,1,1,0
"Müşteri adayı puanı orta ortalamaya düşerse eleads sistemi aracılığıyla bir Kayıt Koordinatörü tarafından manuel doğrulamaya ayarlanacaktır",1,1,1,1,1,1,1,1,0
"Müşteri adayı puanı düşük ortalamaya düşerse sağlayan satıcıya iade edilecektir",1,1,1,1,1,1,1,1,0
"Müşteri adayı temizleme işlevi toplam puan için hem iletişim hem de akademik puanlama bilgilerini derleyecektir",1,1,1,1,1,1,1,1,0
"Müşteri adayı temizleme işlevi müşteri adayının bir kısmını puanlamak için kurumsal ve okullar tarafından sağlanan parametreleri kullanacaktır",1,1,1,1,1,1,1,1,0
"Müşteri adayı temizleme işlevi satıcıya sağlanan müşteri adayı verilerini ret nedeniyle birlikte iade edecektir",1,1,1,1,1,1,1,1,0
"Müşteri adayı temizleme işlevi müşteri adayı veri parametrelerinin korunabileceği bir arayüze sahip olacaktır",1,1,1,1,1,1,1,1,0
"Müşteri adayı temizleme işlevi parametre güncellemeleri yapmak için kullanıcıların kimlik doğrulamasını ve haklarını doğrulayacaktır",1,1,1,1,1,1,1,1,0
"Müşteri adayı temizleme işlevi kurumsal sistem tarafından döndürülen olası müşteri adayı yinelemelerini depolayacaktır",1,1,1,1,1,1,1,1,0
"Müşteri adayını kurumsal sisteme göndermeden önce müşteri adayı temizleme işlevi müşteri adayını bir kabul temsilcisine atayacaktır",1,1,1,1,1,1,1,1,0
"Müşteri adayı temizleme işlevi kurumsal sistemden mevcut temsilcilerin periyodik listesini alacaktır",1,1,1,1,1,1,1,1,0
"Ürün denizdeki gemilerin görünümünü simüle etmelidir",1,1,1,1,1,1,1,1,0
"Ürün ızgaraları bir periskoptan görünüm olarak bir daire içinde görüntülemelidir",1,1,1,1,1,1,1,1,0
"Ürün her gemi türünü bir ızgarada belirli gemi türünün bir görüntüsünü kullanarak görüntülemelidir",1,1,1,1,1,1,1,1,0
"Hücum eden oyuncu atış yaptığında ürün denizdeki bir geminin sesini simüle etmelidir",1,1,1,1,1,1,1,1,0
"Bir atış ıskalama olarak işaretlendiğinde ürün hedefini ıskalayan bir atışın sesini simüle etmelidir",1,1,1,1,1,1,1,1,0
"Bir atış isabet olarak işaretlendiğinde ürün hedefine isabet eden bir atışın sesini simüle etmelidir",1,1,1,1,1,1,1,1,0
"Bir gemi batırıldığında ürün batan bir geminin sesini simüle etmelidir",1,1,1,1,1,1,1,1,0
"Ürün günde 24 saat haftada yedi gün kullanılabilir olmalıdır",1,1,1,1,1,1,1,1,1
"Ürün aynı anda çok sayıda oyunu idare edebilmelidir",1,0,1,1,1,1,1,0,0
"Yanıt süresi oyunun akışını koruyacak kadar hızlı olmalıdır. Yanıt süresi yanıtların %95'i için 2 saniyeden fazla olmamalı ve kalan yanıtlar için %4'ten fazla olmamalıdır",1,1,1,1,1,1,0,1,1
"Ürün oyuncuların kimliğini korumalıdır. Ürün oyunculara başka bir oyuncunun kimliğini açığa çıkarabilecek bilgilere erişim sağlamamalıdır",1,1,1,1,1,1,0,1,0
"Ürün sezgisel ve kendini açıklayıcı olmalıdır. On kullanıcıdan dokuzu hiçbir eğitim almadan başarıyla bir oyunu tamamlayabilmelidir",1,1,1,1,1,1,0,1,1
"Ürün İngilizce İspanyolca ve Fransızca anlayan oyuncular tarafından kullanılabilir olmalıdır. Ürün kullanıcının ürüne erişirken dili seçmesine izin vermelidir",1,1,1,1,1,1,0,1,1
"Ürün oyunculara başka bir oyuncunun kimliğini açığa çıkarabilecek bilgilere erişim sağlamamalıdır",1,1,1,1,1,1,1,1,0
"Yanıt süresi oyunun akışını koruyacak kadar hızlı olmalıdır. Yanıt süresi yanıtların %95'i için 2 saniyeden fazla olmamalı ve kalan yanıtlar için %4'ten fazla olmamalıdır",1,1,1,1,1,1,0,1,1
"Ürün oyuncuların listesini korumalıdır",1,1,1,1,1,1,1,1,0
"Ürün bir kullanıcının kendini oyuncu olarak tanımlamasına izin vermelidir",1,1,1,1,1,1,1,1,0
"Bir oyun başlatıldığında ürün oyuna atanan oyuncuları oyuncular listesinden seçim için kullanılamaz hale getirmelidir",1,1,1,1,1,1,1,1,0
"Ürün bir kullanıcının kendini istediği zaman oyuncular listesinden kaldırmasına izin vermelidir",1,1,1,1,1,1,1,1,0
"Ürün etkin olmayan oyuncuları oyuncular listesinden seçim için kullanılamaz hale getirmelidir",1,1,1,1,1,1,1,1,0
"Ürün 24 saat boyunca etkin olmayan oyuncuları oyuncular listesinden kaldırmalıdır",1,1,1,1,1,1,1,1,1
"Ürün bir oyuncunun oyuncular listesinden başka bir mevcut oyuncuyu seçerek bir oyun başlatmasına izin vermelidir",1,1,1,1,1,1,1,1,0
"Bir oyun başlatıldığında ürün her oyuncuya bir savunma ızgarası görüntülemelidir",1,1,1,1,1,1,1,1,0
"Bir oyun başlatıldığında ürün her oyuncuya bir hücum ızgarası görüntülemelidir",1,1,1,1,1,1,1,1,0
"Ürün bir oyuncunun diğer oyuncunun hücum veya savunma ızgaralarını görüntülemesini engellemeli",1,1,1,1,1,1,1,1,0
"Bir oyun başlatıldığında ürün her oyuncunun 5 gemisini kendi savunma ızgaralarına yerleştirmesine izin vermelidir",1,1,1,1,1,1,1,1,0
"Ürün bir oyuncunun gemileri ızgarasında yatay olarak konumlandırmasına izin vermelidir",1,1,1,1,1,1,1,1,0
"Ürün oyuncunun gemileri ızgarasında dikey olarak konumlandırmasına izin vermelidir",1,1,1,1,1,1,1,1,0
"Ürün oyuncunun gemileri ızgarasında çapraz olarak konumlandırmasına izin vermelidir",1,1,1,1,1,1,1,1,0
"Ürün oyuncunun ızgarasında gemileri üst üste bindirmesini engellemelidir",1,1,1,1,1,1,1,1,0
"Her iki oyuncu da 5 gemisini savunma ızgaralarına yerleştirdiğinde ürün ilk tur için her oyuncunun durumunu tanımlamalıdır",1,1,1,1,1,1,1,1,0
"Her tur için ürün bir oyuncuyu hücum durumu ve bir oyuncuyu savunma durumu olarak tanımlamalıdır",1,1,1,1,1,1,1,1,0
"Ürün her oyuncunun bir tur için hücum veya savunma durumunu korumalıdır",1,1,1,1,1,1,1,1,0
"Her turun başında ürün her oyuncuyu durumu hakkında bilgilendirmelidir",1,1,1,1,1,1,1,1,0
"Her tur için ürün hücum oyuncusunun bir atış tanımlamasına izin vermelidir",1,1,1,1,1,1,1,1,0
"Her atış için ürün atışın isabet mi ıskalama mı olduğunu belirlemek için savunma oyuncusunun savunma ızgarasını incelemelidir",1,1,1,1,1,1,1,1,0
"Her atış için ürün oyunculara atışın isabet mi ıskalama mı olduğunu bildirmelidir",1,1,1,1,1,1,1,1,0
"Her atış için ürün atışı savunma oyuncusunun savunma ızgarasında isabet veya ıskalama olarak işaretlemelidir",1,1,1,1,1,1,1,1,0
"Her atış için ürün atışı hücum oyuncusunun hücum ızgarasında isabet veya ıskalama olarak işaretlemelidir",1,1,1,1,1,1,1,1,0
"İsabet bir gemiyi batırmakla sonuçlandığında ürün oyunculara geminin battığını bildirmelidir",1,1,1,1,1,1,1,1,0
"İsabet bir gemiyi batırmakla sonuçlandığında ürün gemiyi savunma oyuncusunun savunma ızgarasında batmış olarak işaretlemelidir",1,1,1,1,1,1,1,1,0
"İsabet bir gemiyi batırmakla sonuçlandığında ürün batan geminin türünü savunma oyuncusunun savunma ızgarasında belirtmelidir",1,1,1,1,1,1,1,1,0
"İsabet bir gemiyi batırmakla sonuçlandığında ürün gemiyi hücum oyuncusunun hücum ızgarasında batmış olarak işaretlemelidir",1,1,1,1,1,1,1,1,0
"Atış isabet olarak işaretlendiyse ürün hücum oyuncusunun bir atış tanımlamasına izin vermelidir",1,1,1,1,1,1,1,1,0
"Atış ıskalama olarak işaretlendiyse ürün hücum oyuncusunun durumunu savunmaya değiştirmelidir",1,1,1,1,1,1,1,1,0
"Atış ıskalama olarak işaretlendiyse ürün savunma oyuncusunun durumunu hücuma değiştirmelidir",1,1,1,1,1,1,1,1,0
"Ürün oyun bitene kadar tur atamaya devam etmelidir",1,1,1,1,1,1,1,1,0
"Ürün hücum oyuncusunun bir isabeti daha önce batmış olarak işaretlenmemiş savunma oyuncusunun gemilerinin sonuncusunu batırmakla sonuçlandığında oyunu bitirmelidir",1,1,1,1,1,1,1,1,0
"Ürün bir oyuncunun oyun sırasında herhangi bir zamanda oyunu bitirmesine izin vermelidir",1,1,1,1,1,1,1,1,0
"Bir oyun bittiğinde ürün oyunculara oyunun bittiğini bildirmelidir",1,1,1,1,1,1,1,1,0
"Oyun bitişi bildirimi oyunun neden bittiğini içerecektir (yani bir oyuncu oyunu kazandı veya bir oyuncu oyunu bitirdi)",1,1,1,1,1,1,1,1,0
"Bir oyun bittiğinde ürün her oyuncunun kendini oyuncular listesinde mevcut bir oyuncu olarak tanımlamasına izin vermelidir",1,1,1,1,1,1,1,1,0
"Bir oyun bittiğinde ürün her oyuncunun kendini oyuncular listesinden kaldırmasına izin vermelidir",1,1,1,1,1,1,1,1,0
"Sistem arayanlar ve süpervizörler tarafından kullanımı kolay olmalıdır. Arayanlar ve süpervizörler herhangi bir sistem görevini 2 dakika içinde gerçekleştirebilmelidir",1,1,1,1,1,1,0,1,1
"Sistem arayanlar ve süpervizörler tarafından öğrenilmesi kolay olmalıdır. Arayanlar ve süpervizörler sistemi 10 dakika içinde nasıl kullanacaklarını öğrenmelidir",1,1,1,1,1,1,0,1,1
"Sistem yanıt verici olmalıdır. DePaul TeleServices Merkezi'nde bir süpervizör bir arayanın programını görüntülemek için sistemi kullandığında sistem yanıt süresi zamanın %90'ında 2 saniyeden fazla olmamalı ve zamanın geri kalanında 5 saniyeden fazla olmamalıdır",1,1,1,1,1,1,0,1,1
"56k bağlantısında tüm işlemler için sistem yanıt süresi zamanın %90'ında 6 saniyeden fazla olmamalıdır",1,1,1,1,1,1,1,1,1
"112k veya daha hızlı bağlantıda tüm işlemler için sistem yanıt süresi zamanın %90'ında 3 saniyeden fazla olmamalıdır",1,1,1,1,1,1,1,1,1
"Sistem yılın her günü yüksek kullanılabilirliğe sahip olmalıdır. Sistem 12 ile kullanıma sunulmalıdır",1,0,1,1,1,1,1,1,1
"Sistem 7 ile kullanıma sunulmalıdır",1,0,1,1,1,1,1,1,0
"Ürün internet tarayıcısından bağımsız olmalıdır. Ürün Internet Explorer ve Netscape Navigator kullanarak çalışmalıdır",1,1,1,1,1,1,0,1,1
"Ürün yalnızca süpervizörlerin boş zaman dilimlerini ilan edebilmesini sağlamalıdır. Ürün süpervizörlerin boş zaman dilimlerini ilan etmeye erişmelerine izin verilmesini sağlamalıdır",1,1,1,1,1,1,0,1,0
"Ürün yalnızca süpervizörlerin bir arayanın programını girebilmesini sağlamalıdır. Ürün süpervizörlerin boş zaman dilimlerini ilan etmeye erişmelerine izin verilmesini sağlamalıdır",1,1,1,1,1,1,0,1,0
"Ürün yalnızca süpervizörlerin tüm arayanların programını görüntüleyebilmesini sağlamalıdır. Ürün süpervizörlerin boş zaman dilimlerini ilan etmeye erişmelerine izin verilmesini sağlamalıdır",1,1,1,1,1,1,0,1,0
"Arayüz basit bir görünüme sahip olmalıdır. Arayüz ve kullanılabilirlik anketinde beta test kullanıcılarının %90'ı arayüzün yeterince basit olduğunu bildirmelidir",1,1,1,1,1,1,0,1,1
"Arayüz arayanlara ve süpervizörlere çekici gelmelidir. Arayüz ve kullanılabilirlik anketinde beta test kullanıcılarının %80'i arayüzün çekici olduğunu bildirmelidir",1,1,1,1,1,1,0,1,1
"Ürün GUI tabanlı İzleme Hizmetleri sağlamalıdır. Sistem Yöneticileri mesaj alışverişlerini izlemeli sorunları tahmin edip belirlemeli ve ayrıca dahili ve harici destek sağlamalıdır",1,1,1,1,1,1,0,1,0
"Ürün Chicago Şehri Uygulama Geliştirme Kılavuzu Çerçevesine uymalıdır. Uygulama Geliştirme Çerçevesi yapılandırılmış Grafiksel Kullanıcı Arayüzü sağlayacaktır",1,1,1,1,1,1,0,1,0
"Ürün İzleme Hizmetleri sağlamalıdır. Ürün Sistem Yöneticileri ve DBA'ların iki haftalık kullanımdan sonra kullanması kolay olmalıdır",1,1,1,1,1,1,0,1,1
"Ürün Hata İzleme Hizmetleri sağlamalıdır. Ürün Sistem Yöneticileri ve DBA'ların zamanın %99'unda işlem hatalarını çözmesine yardımcı olmalıdır",1,1,1,1,1,1,0,1,1
"Ürün Portallar sağlamalıdır. Ürün Sistem Yöneticilerinin geçici raporlama ve KPI'lar (Anahtar Performans Göstergeleri) ile işlemleri analiz etmesine yardımcı olmalıdır",1,1,1,1,1,1,0,1,0
"Ürün Eşzamansız Mesajlaşma sağlamalıdır. Ürün paralel işlemeyi etkinleştirmek ve iletişimdeki ek yükü azaltmak için eşzamansız mesajlaşma sağlamalıdır",1,1,1,1,1,1,0,1,0
"Ürün Çoklu İş Parçacığı ve Yük Dengeleme sağlamalıdır. Ürün veri yükü zirvelerini ve trafiği aşmak için çoklu iş parçacığı teknolojisinin yanı sıra yük dengeleme sağlamalıdır",1,1,1,1,1,1,0,1,0
"Ürün mesajları 2 saniye içinde işlemelidir. Ürün maksimum 2 saniyelik mesaj işleme süresine sahip olmalıdır",1,1,1,1,1,1,0,1,1
"Ürün her saniye mesajlar için sistemi yoklamalıdır. Ürün yeni mesajlar için en fazla 1 saniyede bir sistemi yoklamalıdır",1,1,1,1,1,1,0,1,1
"Ürün Dinamik Değişiklik Desteği ve Şeffaf kaynak ekleme sağlamalıdır. Ürün ölçeklenebilirlik sağlamak ve 1 günden fazla hizmet kesintilerinden kaçınmak için Şeffaf Kaynak ekleme ve Dinamik Değişiklik desteğini desteklemelidir",1,1,1,1,1,1,0,1,1
"Ürün zamanın %99'unda kullanılabilir olmalıdır",1,1,1,1,1,1,1,1,1
"Ürün sağlam olmalıdır. Ürün standart benimsemeye dayalı hata önlemeye sahip olmalıdır",1,0,1,1,1,1,0,0,0
"Ürün hata toleransıyla sağlam olmalıdır. Ürün kurtarma tekniği telafi edici işlem ve arızalar etrafında yönlendirme kullanarak hata toleransına sahip olmalıdır",1,1,1,1,1,1,0,1,0
"Ürün tüm işlemleri işleyebilmelidir. Ürün yılda minimum 1 milyon işlemi işlemelidir",1,1,1,1,1,1,0,1,1
"Ürün platformdan bağımsız olmalıdır. Ürün her tür geliştirme ortamına ve platformuna erişimi mümkün kılmalıdır",1,1,1,1,1,1,0,1,0
"Ürün CSR ve Datastream ile arayüz oluşturmalıdır. Ürün iki sistem arasında herhangi bir doğrudan arayüz olmaksızın CSR ile EAM arasında gerçek zamanlı olarak mesaj alışverişi yapmalıdır",1,1,1,1,1,1,0,1,0
"Ürün yükseltme değişiklik veya yeni kaynak ekleme sırasında çalışmaya devam etmelidir. Ürün yeni kaynak eklemeleri nedeniyle hizmette kesinti olmaksızın çalışmaya devam edebilmelidir",1,1,1,1,1,1,0,1,0
"Ürün düzenli olarak güncellenmelidir. Ürün her altı ayda bir yeni bir ana özellik sunacak ve her altı ayda bir üç aylık bakım sürümlerine sahip olacaktır",1,1,1,1,1,1,0,1,1
"Ürün her platformda çalışmalıdır. Ürün mimarisinde herhangi bir değişiklik olmaksızın her yeni teknolojiyi barındırmalıdır",1,0,1,1,0,1,1,0,0
"Ürün güvenliğe sahip olmalıdır. Ürün kimlik doğrulama ve yetkilendirme sağlamalıdır",1,0,1,1,1,1,0,0,0
"Ürün bilgi Güvenliğine sahip olmalıdır. Ürün şifreleme WS-Security ve Bütünlük Kontrolü ile gizliliği mümkün kılmalıdır",1,1,1,1,1,1,0,1,0
"Ürün denetim yeteneklerine sahip olmalıdır. Ürün denetim ve işlem izleme amaçları için mesajları minimum bir yıl depolamalıdır",1,1,1,1,1,1,1,1,1
"Sistem IBM ve CCR marka standartlarını kullanmalıdır. Arayüz bir IBM logosu ve bir CCR logosuna sahip olmalıdır",1,1,1,1,1,1,0,1,1
"Sistem bir CCR kullanıcısının sahip olabileceği herhangi bir iş bilgisayarında görüntülenebilir olmalıdır. Sistem arayüzü 800 x 600 piksel çözünürlükte görüntülemek için biçimlendirilmelidir",1,1,1,1,1,1,0,1,1
"Sistem arayüzü CCR terminolojisi kullanacaktır. Sistem mevcut WCS sisteminde ve raporlarında kullanılan terminolojiyi kullanmalıdır",1,1,1,1,1,1,1,1,0
"Arayüz verileri CCR yönetimine çekici gelecek şekilde özetlemelidir. Her rapor türünün sonuç panosunda/arayüzünde gösterilen en az bir üst düzey özeti olmalıdır",1,1,1,1,1,1,1,1,0
"Sistem işaret ve tıklama arayüzü kullanmalıdır. Tüm seçim ve gezinme işlevselliğinin %100'ü fare veya klavye ile etkinleştirilebilir/seçilebilir olmalıdır",1,1,1,1,1,1,0,1,1
"Arayüz kullanımı kolay olmalıdır. Kullanıcıların %90'ı ilk kullanımlarında rapor oluşturmak için sistemi başarıyla kullanabilmelidir. Arayüz IBM kullanılabilirlik standartlarına uymalıdır",1,1,1,1,1,1,0,1,1
"Raporların oluşturulması kolay olmalıdır. Raporlar bir düğme tıklamasında oluşturulmalı ve (raporu seçtikten sonra) bir düğme tıklamasında dışa aktarılmalıdır",1,1,1,1,1,1,0,1,1
"Kullanıcı kısa bir süre sonra talimat olmadan sistemi kullanabilmelidir. Bir kullanımdan sonra kullanıcı sistem kullanımının ve gezinmesinin %90'ını anlamalı ve hatırlamalıdır",1,1,1,1,1,1,0,1,1
"Tüm CCR kullanıcıları WCS sistemi dağıtılmadan önce eğitim almalıdır. Sistem dağıtımından önce CCR kullanıcılarının %100'ü için bir eğitim oturumu düzenlenecektir (bir CCR kullanıcısının müsait olmasına bağlı olarak)",1,1,1,1,1,1,0,1,1
"WCS sistemi Kurumsal Topluluk Hibeleri organizasyonu tarafından tanımlandığı şekilde uygun terminoloji ve terminoloji kullanmalıdır. Tüm arayüzler ve raporlar CCR kullanıcıları tarafından kullanılabilirlik testlerinden geçecektir",1,1,1,1,1,1,0,1,0
"WCS sistemi IBM'in dahili intraneti W3 erişilebilir olduğu sürece her zaman kullanılabilir olmalıdır. WCS sistemi IBM'in dahili intraneti W3'ün kullanılabilir olduğu zamanın %95'inde kullanılabilir olacaktır",1,1,1,1,1,1,0,1,1
"WCS sistemi şu anda sisteme dahil edilmeyen diğer belirlenmiş WCS veritabanlarını bağlama yeteneğine sahip olmalıdır",1,1,1,1,1,1,1,1,0
"WCS sistemi CCR yönetimi tarafından onaylanırsa Amerika Birleşik Devletleri dışındaki bölgeler için veri içerme ve Amerika Birleşik Devletleri dışındaki kullanıcılar tarafından erişilme yeteneğine sahip olmalıdır",1,1,1,1,1,1,1,1,0
"WCS sistemi Windows ortamında çalıştırılmalıdır. WCS kullanıcılar tarafından Windows 2000 veya üstü işletim sistemi çalıştıran bir IBM bilgisayarında İnternet üzerinden erişilecektir",1,1,1,1,1,1,0,1,1
"WCS sisteminin Brio kısmı dosyaları elektronik tablo biçiminde (Microsoft Excel ve Lotus 1-2-3 formatları) dışa aktarabilmelidir. Brio kullanıcı arayüzünde xls veya 123 dosya formatlarında raporlar üreten/dışa aktaran düğmeler sağlayacaktır",1,1,1,1,1,1,0,1,1
"WCS sistemi CCR kullanıcılarına sunulan mevcut verileri güncellemek için WCS veritabanlarına tekrar (belirli bir günde) sorgular çalıştırmalıdır. Veri yenilemesi için harici veritabanlarına haftada bir kez sorgu yapılmalıdır",1,1,1,1,1,1,0,1,1
"WCS sistemindeki tüm değişiklikler güncellemeler ve eklemeler WCS Geliştirici ve WCS Kullanıcı Kılavuzlarında güncellenmelidir. Her değişiklik WCS sistem belgelerine yansıtılmalıdır",1,1,1,1,1,1,1,1,0
"Sisteme yalnızca yetkili Kurumsal Topluluk Hibeleri (CCR) çalışanları erişebilmelidir. Kullanıcılar IBM intranet kullanıcı adı ve şifreleri kullanılarak kimlik doğrulamasından geçirilmelidir",1,1,1,1,1,1,1,1,0
"WCS sistemi hiçbir kullanıcının otomatik oturum açmasına izin vermemelidir. Bir kullanıcı hakkında WCS oturum açma bilgilerini içeren çerezler kullanıcının bilgisayarında saklanmayacaktır",1,1,1,1,1,1,0,1,0
"Her takım sahibinin takım sahibi sayfasına ulaşmak için kimlik doğrulamasından geçmesi için bir kullanıcı adı ve şifre kullanması gerekecektir",1,1,1,1,1,1,1,1,0
"Komiser lig başına lig ayarlarını düzenlemek için yetkili tek kullanıcı olacaktır",1,1,1,1,1,1,1,1,0
"Her sayfa mevcut sayfanın içinde bulunduğu dizini gösteren bir gezinme menüsü içermelidir",1,1,1,1,1,1,1,1,0
"Her sayfa eylem öğelerinin bir konumda ve gezinme düğmelerinin farklı bir konumda olduğu benzer bir format içermelidir",1,1,1,1,1,1,1,1,0
"Mesaj panosu lig sayfasında en son gönderilen 5 mesajı içermelidir. Mesajlar mesajın ilk 150 karakterine kadar içerecektir",1,1,1,1,1,1,0,1,1
"Yeni bir kullanıcı başlangıç sayfasına ulaştıktan sonra 30 saniye içinde lig ve takım sayfalarında gezinebilmelidir",1,1,1,1,1,1,1,1,1
"Kullanıcılar takım sahibinin sayfasından oyuncu ekle bırak ve takas et sayfalarına bir tıklamayla ulaşabilmelidir",1,1,1,1,1,1,1,1,1
"Kullanıcılar her sayfada en az 25 NFL oyuncu istatistiği ve puanı görüntüleyebilmelidir",1,1,1,1,1,1,1,1,1
"Uygulama eylemi gerçekleştirmeden önce kullanıcıdan oyuncu bırakmayı veya oyuncu takasını onaylamasını istemelidir",1,1,1,1,1,1,1,1,0
"Uygulama ağ üzerinden talebi aldıktan sonra her kullanıcı işlemini dörtte bir saniye içinde tamamlayabilmelidir",1,1,1,1,1,1,1,1,1
"Uygulama yılda en fazla 10 dakikalık kesinti süresine sahip olmalıdır",1,1,1,1,1,1,1,1,1
"Uygulama bir web uygulama sunucusunda çalışmalıdır",1,1,1,1,1,1,1,1,0
"Uyuşmazlık uygulaması içinde bir ekrandan diğerine gezinen bir kullanıcı için maksimum bekleme süresi 5 saniyeden fazla olmamalıdır",1,1,1,1,1,1,1,1,1
"Uyuşmazlık uygulaması uygulamada performans düşüşü olmaksızın 350 eşzamanlı kullanıcıyı desteklemelidir",1,1,1,1,1,1,1,1,1
"Uyuşmazlık uygulaması aşağıdaki planlı bakım pencereleri hariç 7/24/365 kullanılabilir olmalıdır. Pazartesi Cumartesi 3",1,0,1,1,1,1,1,1,1
"Uyuşmazlık uygulaması Ekstre Veritabanı ile arayüz oluşturmalıdır. Ekstre Veritabanı Uyuşmazlık Sistemine işlem detaylarını sağlar. Tüm işlem detayları Ekstre Veritabanından alınmalıdır",1,1,1,1,1,1,0,1,0
"Aktif kullanıcılar için önbelleğe alınmış verileri depolamak üzere birincil bir veritabanı kullanılacaktır",1,1,1,1,1,1,1,1,0
"Sistem %95 çalışma süresine ulaşmalıdır",1,1,1,1,1,1,1,1,1
"Sistem profesyonel bir görünüme sahip olmalıdır",1,0,1,1,1,1,1,0,0
"Ürün tutarlı bir renk şemasına ve yazı tiplerine sahip olmalıdır",1,1,1,1,1,1,1,1,0
"Sistem emlakçılar tarafından eğitim olmadan kullanılmalıdır",1,1,1,1,1,1,1,1,0
"Sistem sezgisel ve kendini açıklayıcı olmalıdır",1,0,1,1,1,1,1,0,0
"Ürün bir emlakçının öğrenmesi kolay olmalıdır",1,0,1,1,1,1,1,0,0
"Ürün emlakçı topluluğu tarafından doğal olarak anlaşılabilir semboller ve kelimeler kullanmalıdır",1,1,1,1,1,1,1,1,0
"Ürün arama sonuçlarını kabul edilebilir bir sürede üretmelidir",1,0,1,1,1,1,1,0,0
"Arama sonuçları kullanıcı arama kriterlerini girdikten en geç 30 saniye sonra döndürülmelidir",1,1,1,1,1,1,1,1,1
"Ürün bir CMA raporunu kabul edilebilir bir sürede oluşturmalıdır",1,0,1,1,1,1,1,0,0
"CMA raporu kullanıcı CMA rapor kriterlerini girdikten en geç 60 saniye sonra döndürülmelidir",1,1,1,1,1,1,1,1,1
"Ürün kişileri ve randevuları kabul edilebilir bir sürede senkronize etmelidir",1,0,1,1,1,1,1,0,0
"Ürün her saat ofis sistemiyle senkronize olmalıdır",1,1,1,1,1,1,1,1,1
"Ürün yılda 365 gün günde 24 saat kullanıma sunulmalıdır",1,1,1,1,1,1,1,1,1
"Sisteme 1000 erişimden sistem 999 kez kullanılabilir olmalıdır",1,1,1,1,1,1,1,1,1
"Ürün internet bağlantısı kullanılamadığında çevrimdışı modda çalışmalıdır",1,1,1,1,1,1,1,1,0
"Ürün kullanıcının önceden indirilmiş arama sonuçlarını CMA raporlarını ve randevuları görüntülemesine izin vermelidir",1,1,1,1,1,1,1,1,0
"Ürün bir hata durumunda kullanıcı tercihlerini korumalıdır",1,1,1,1,1,1,1,1,0
"Kaydedilmiş kullanıcı tercihlerinin %100'ü sistem tekrar çevrimiçi olduğunda geri yüklenmelidir",1,1,1,1,1,1,1,1,1
"Ürün birden fazla uzak kullanıcıyı destekleyebilmelidir",1,1,1,1,1,1,1,1,0
"Ürün 1000 eşzamanlı kullanıcıyı destekleyebilmelidir",1,1,1,1,1,1,1,1,1
"Ürün mevcut 1000 kullanıcıyı idare edebilmelidir. Bu sayının önümüzdeki yıl içinde 5 kat artması bekleniyor",1,1,1,1,1,1,0,1,1
"Ürün eğitimsiz bir emlakçı tarafından ayrı basılı talimatlara başvurmadan kurulmalıdır",1,1,1,1,1,1,1,1,0
"Eğitimsiz emlakçıların %90'ı ürünü basılı talimatlar olmadan cihazlarına kurabilmelidir",1,1,1,1,1,1,1,1,1
"Ürünün Windows CE ve Palm işletim sistemlerinde çalışması beklenmektedir",1,1,1,1,1,1,1,1,1
"Yalnızca kayıtlı emlakçılar sisteme erişebilmelidir",1,1,1,1,1,1,1,1,0
"Sistemin her kullanıcısı kimliği doğrulanmalı ve yetkilendirilmelidir",1,1,1,1,1,1,1,1,0
"Ürün verilerinin yanlış veri girişinden korunmasını sağlamalıdır",1,1,1,1,1,1,1,1,0
"Sistem bir emlak acentesinin MLS bilgilerini sorgulamasına izin vermelidir",1,1,1,1,1,1,1,1,0
"Kullanıcı seçilen bir mülke sürüş talimatları alabilmelidir",1,1,1,1,1,1,1,1,0
"Kullanıcı müşteriler için randevuları ve iletişim bilgilerini indirebilmelidir",1,1,1,1,1,1,1,1,0
"Sistem arama sonuçlarında net mülk görüntüleri görüntülemelidir",1,1,1,1,1,1,1,1,0
"Sistem mesai saatleri boyunca tüm kullanıcı isteklerini/kullanımını idare edebilmelidir",1,1,1,1,1,1,1,1,0
"Sistem 09:00 ile 17:00 arası 10 eşzamanlı kullanıcıya hizmet vermelidir",1,1,1,1,1,1,1,1,1
"Sistem önümüzdeki 10 yıl için hemşirelik öğrencilerinin ve sınıflarının %100'ünü işleyebilmelidir",1,1,1,1,1,1,1,1,1
"Sistemin minimum 5 yıl hemşirelik programı müfredatını ve sınıf/klinik planlamasını yönetmesi beklenmelidir",1,1,1,1,1,1,1,1,1
"Sistem DePaul Üniversitesi Hemşirelik Bölümüne özgü bir iş ofisi ortamında çalışabilmelidir",1,1,1,1,1,1,1,1,0
"Sistem Program Yöneticileri/Hemşirelik Personel Üyeleri tarafından kullanılan bilgisayarlar tarafından tanımlanan özellikler dahilinde kullanılmalıdır",1,1,1,1,1,1,1,1,0
"Geçmiş istatistikleri ve verileri depolamak için ikincil bir veritabanı kullanılacaktır",1,1,1,1,1,1,1,1,0
"Sistem randevu planlamak için satıcıyı veya alıcıyı arayabilmelidir",1,1,1,1,1,1,1,1,0
"Emlakçı ofis sistemiyle otomatik senkronizasyondan sonra yeni müşteri randevularından haberdar edilmelidir",1,1,1,1,1,1,1,1,0
"Emlakçı belirli bir alan için mülk konumlarını gösteren bir harita alabilmelidir",1,1,1,1,1,1,1,1,0
"Sistem bir satıcı veya alıcı randevu talebine yanıt verdiğinde emlakçıyı bilgilendirmelidir",1,1,1,1,1,1,1,1,0
"Ürün kullanıcının mülk arama sonuçlarını kaydetmesine izin vermelidir",1,1,1,1,1,1,1,1,0
"Sistem Program Yöneticileri/Hemşirelik Personel Üyeleri tarafından kullanımı kolay olmalıdır",1,1,1,1,1,1,1,1,0
"Tüm kullanıcılar bir günlük eğitimden sonra sistemi kullanabilmelidir",1,1,1,1,1,1,1,1,1
"Sistem kullanıcının hemşirelik öğrencileri için sınıf ve klinikleri planlarken hata yapmasını önlemesine yardımcı olmalıdır",1,1,1,1,1,1,1,1,0
"Öğrenciler tarafından not edilen hataların sayısı ilk yıl %50 azaltılmalıdır",1,1,1,1,1,1,1,1,1
"Sistem Program Yöneticileri/Hemşirelik Personel Üyeleri için sezgisel olmalıdır",1,0,1,1,1,1,1,0,0
"Program Yöneticileri/Hemşirelik Personel Üyelerinin 3'te 2'si sınıf ve kliniklerin planlamasını yönetmek için sistemi başarıyla kullanabilmelidir",1,1,1,1,1,1,1,1,1
"Sistem kullanıcı topluluğu tarafından doğal olarak anlaşılabilir semboller ve kelimeler kullanmalıdır",1,1,1,1,1,1,1,1,0
"Sistem içinde kullanılan ifadeler Standart İngilizce ve ulusal Hemşirelik Topluluğunun terminolojisiyle tutarlı olmalıdır",1,1,1,1,1,1,1,1,0
"Personel üyeleri bir dizi görevi zamanında tamamlayabilmelidir",1,0,1,1,1,1,1,0,0
"Genel öğrenci yönetimi görevlerinin yanıt süresi 5 saniyeden uzun sürmemeli ve program oluşturma yanıt süresi 30 saniyeden uzun sürmemelidir",1,1,1,1,1,1,0,1,1
"Sistem sabah 8 ile akşam 6 saatleri arasında kullanıma sunulmalıdır",1,1,1,1,1,1,1,1,1
"Sistem Windows XP Professional işletim sistemi içinde çalışmalıdır",1,1,1,1,1,1,1,1,1
"Sistem CampusConnect merkezi sunucusuyla arayüz oluşturmalıdır",1,1,1,1,1,1,1,1,0
"Sistem fakülte merkezi sunucusuyla arayüz oluşturmalıdır",1,1,1,1,1,1,1,1,0
"Sistem öğrenci ana sunucusuyla arayüz oluşturmalıdır",1,1,1,1,1,1,1,1,0
"Herhangi bir HTML tarayıcısıyla arayüz oluşturabilmeliyiz",1,1,1,1,1,1,1,1,0
"Yalnızca yetkili kullanıcılar klinik site bilgilerine erişebilmelidir",1,1,1,1,1,1,1,1,0
"Program Yöneticileri/Hemşirelik Personel Üyeleri klinik site detaylarına erişebilecek tek kişilerdir",1,1,1,1,1,1,1,1,0
"Yalnızca yetkili kullanıcılar öğrencilerin kişisel bilgilerine erişebilmelidir",1,1,1,1,1,1,1,1,0
"Dr Susan Poslusny ve Dr Julie Donalek öğrencilerin kişisel bilgilerine erişebilecek tek kişilerdir",1,1,1,1,1,1,1,1,0
"Yalnızca yetkili kullanıcılar CampusConnect ile arayüz oluşturan sistem bölümüne erişebilmelidir",1,1,1,1,1,1,1,1,0
"Uygunluk Kriteri",0,0,0,0,0,0,1,0,0
"Sistem yanlış veya geçersiz veri girişi olasılığını azaltmak için temel veri bütünlüğü kontrolüne sahip olmalıdır",1,1,1,1,1,1,1,1,0
"Sistem kuruluşun bilgi politikasına uygun olarak özel bilgileri korumalıdır",1,1,1,1,1,1,1,1,0
"Sistem kötü niyetli müdahaleden mümkün olduğunca güvenli olacak şekilde inşa edilmelidir",1,0,1,1,1,1,1,0,0
"Sistem kendisine yönelik tehditleri izlemeye yardımcı olmak için kuruluşun standart virüs koruma yazılımını kullanmalıdır",1,1,1,1,1,1,1,1,0
"Bir kohort bölüm tarafından sunulan bir Çalışma Programı ile ilişkilendirilmelidir",1,1,1,1,1,1,1,1,0
"Program Yöneticileri ve Hemşirelik Personel Üyeleri bir kohorta öğrenci listesi ekleyebilmelidir",1,1,1,1,1,1,1,1,0
"Program Yöneticileri ve Hemşirelik Personel Üyeleri bir kohorta tek bir öğrenci ekleyebilmelidir",1,1,1,1,1,1,1,1,0
"Bir kohorta eklenen öğrenciler kohortun Çalışma Programı için uygun olmalıdır",1,1,1,1,1,1,1,1,0
"Program Yöneticileri ve Hemşirelik Personel Üyeleri belirli bir kohort için tercih edilen sınıf sırasını belirleyebilmelidir",1,1,1,1,1,1,1,1,0
"Bir kohort için bir sıra içindeki her sınıf için Program Yöneticileri ve Hemşirelik Personel Üyeleri o sınıfın hangi çeyrekte sunulacağını belirleyebilmelidir",1,1,1,1,1,1,1,1,0
"Program Yöneticileri ve Hemşirelik Personel Üyeleri bir sınıf sırasına yeni sınıflar ekleyebilmelidir",1,1,1,1,1,1,1,1,0
"Uygulama güncellemeleri NFL sezonunun ortasında Çarşamba sabahı CST 03:00 ile 06:00 arasında gerçekleşmelidir",1,1,1,1,1,1,1,1,1
"Yeni Sistem sürüm sürümleri her NFL sezonunun başında yayınlanmalıdır",1,1,1,1,1,1,1,1,1
"Sistem Sync Matrix 1.0 ve Exercise Management Tool 1.0 uygulamalarından verileri görüntülemelidir",1,1,1,1,1,1,1,1,0
"Sistem Etkinlikleri değişiklikler için Sync Matrix 1.0 veya Exercise Management Tool 1.0 uygulamalarına geri bağlamalıdır",1,1,1,1,1,1,1,1,0
"Sistem görüntünün değiştirilmesine izin vermelidir",1,0,1,1,1,1,1,0,0
"Sistem egzersizdeki tüm Etkinliklerin görüntüsünü sunmalıdır",1,1,1,1,1,1,1,1,0
"Sistem verileri filtrelemelidir",1,0,1,1,1,1,1,0,0
"Sistem kullanıcının zaman dilimlerini tanımlamasına izin vermelidir",1,1,1,1,1,1,1,1,0
"Sistem yerel ve egzersiz zamanını ayrı saatlerde görüntülemelidir",1,1,1,1,1,1,1,1,0
"Sistem veri yenilemesini duraklatma ve devam ettirme yeteneği sunmalıdır",1,1,1,1,1,1,1,1,0
"Sistem Etkinlik veya Olay gerçek ile varsayılan zaman için grafikler sağlamalıdır",1,1,1,1,1,1,1,1,0
"RFS sistemi özellikle bütçeleme döneminde 7/24 kullanılabilir olmalıdır. RFS sistemi tüm yıl zamanın %90'ında ve bütçeleme döneminde %98'inde kullanılabilir olmalıdır. Zamanın %2'sinde sistem durumun bildirildiği andan itibaren 1 saat içinde kullanılabilir hale gelecektir",1,1,1,1,1,1,0,1,1
"Kullanıcı iş istasyonlarının %98'i uygulama öncesinde minimum donanım gereksinimlerini karşılamalıdır",1,0,1,1,1,1,1,1,1
"Kullanıcı iş istasyonlarının %98'i uygulama öncesinde minimum yazılım gereksinimlerini karşılamalıdır",1,1,1,1,1,1,1,1,1
"RFS sistemi verileri yüklemek için BDW ortamıyla kolayca arayüz oluşturabilmelidir. Her yıl bütçeleme sürecinin başlangıcından bir gün önce 3 saat içinde BDW'den 7 veri dosyası alınmalı ve RFS sistemine yüklenmelidir. Veriler Ekim ay sonu itibarıyla olacaktır. Test dosyaları (7) yıl boyunca BDW'den 5 kereye kadar yüklenmelidir",1,1,1,1,1,1,0,1,1
"Gelir ve gider formüllerindeki değişiklikler her yıl bütçeleme süreci başlangıcından önce RFS sistemine uygulanmalıdır. Gelir ve gider formülleri alındıktan sonra bir hafta içinde güncellenecek ardından proje geliştirme ekibi ve PCG Finance tarafından ortaklaşa yürütülecek bütçe hesaplamalarının testine 2 hafta ayrılacaktır",1,1,1,1,1,1,0,1,1
"BDW'ye eklenen yeni şubeler/kompleksler/bölgeler/bölümler ve gelir/gider hesapları RFS sistemine yansıtılmalıdır. Ekim ay sonu itibarıyla mevcut olan varlıkların (yukarıda bahsedilen) %100'ü bütçe başlama sürecinden önce RFS sistemine yüklenecektir",1,1,1,1,1,1,0,1,1
"Yalnızca yetkili kullanıcı RFS sistemine erişmelidir. YALNIZCA UAS sisteminde mevcut olan ve rollerine RFS sistemi atanmış kullanıcılar RFS sistemine erişmeli ve kullanmalıdır",1,1,1,1,1,1,0,1,0
"Kullanıcı erişimi rollerine verilen izinlerle sınırlandırılmalıdır. PCG hiyerarşisindeki her seviyeye bir rol atanacak ve kullanıcılar bu rollere atanacaktır. RFS sistemi içindeki işlevselliğe erişim role atanan ayrıcalıklara/izinlere bağlıdır",1,1,1,1,1,1,0,1,0
"Ürün ENET Securities'in intranet sayfa standartlarına ve gereksinimlerine uymalıdır. Ürün görünümünün %95'i uygulamadan önce Mimarlık grubu tarafından onaylanacaktır. Kalan %5'i ürün sürümünden sonraki bir ay içinde düzeltilecek ve onaylanacaktır",1,1,1,1,1,1,0,1,1
"İntranet sayfaları 800x600 ve daha yüksek tüm çözünürlüklerde uygun şekilde görüntülenmelidir. Tüm sayfaların görüntüsü uygulamadan önce çözünürlüklerin %95'inde doğru olacaktır. Kalan %5'i yanlış görüntü bildiriminden sonraki bir hafta içinde düzeltilecektir",1,1,1,1,1,1,0,1,1
"Kullanıcılar bütçelerini tamamlama için belirlenen süre içinde başarıyla tamamlamak için sistemi kolayca kullanabilmelidir. Ürün uygulamasından önce bir haftalık eğitimle kullanıcıların %98'i bütçelerini belirlenen süre içinde tamamlamalıdır",1,1,1,1,1,1,0,1,1
"Ürün arayüzü hızlı olmalıdır. Ürün arayüzünün yanıt süresi zamanın %90'ında 2 saniyeyi geçmemelidir. Zamanın %10'u için yanıt süresi 10 saniyeden fazla olmamalıdır",1,1,1,1,1,1,0,1,1
"Sistem etkilenen taraflara bilgi iletmek için birincil araç olarak saklanan e-posta adreslerini kullanacaktır",1,1,1,1,1,1,1,1,0
"Sistem öğrencilere yaklaşan sunulan sınıfları (zaman çizelgesi) ve programlarının ne olacağını bildirmek dahil ancak bununla sınırlı olmamak üzere rutin iletişim amaçları için etkilenen tarafları bilgilendirecektir",1,1,1,1,1,1,1,1,0
"Sistem klinik bölüm kapasite değişiklikleri ve klinik bölüm iptalleri dahil ancak bununla sınırlı olmamak üzere klinikleri etkileyen değişiklikler meydana geldiğinde etkilenen tarafları bilgilendirecektir",1,1,1,1,1,1,1,1,0
"Sistem sınıf iptalleri sınıf bölümü detay değişiklikleri ve belirli bir çeyrek için sınıf tekliflerindeki değişiklikler dahil ancak bununla sınırlı olmamak üzere sınıfları etkileyen değişiklikler meydana geldiğinde etkilenen tarafları bilgilendirecektir",1,1,1,1,1,1,1,1,0
"Uygulamanın özelliği verilen adresler için optimize edilmiş rota sağlamalıdır",1,1,1,1,1,1,1,1,0
"Bu özellik kullanıcıya verilen adresler için optimize edilmiş bir rota seçmesini ve istenen konumlar arasında herhangi bir yolu sabitlemeyi sağlar",1,1,1,1,1,1,1,1,0
"Hızlı internet bağlantısı zorunlu değildir ancak uygulamanın performansını artırır",1,1,1,1,1,1,1,1,0
"Her kullanıcı isteğinden sonra yeni haritaların yüklenmesi gerekir",1,1,1,1,1,1,1,1,0
"Bu uygulama için Google Maps API kullanıldığından Google tarafından belirlenen kullanım şartlarına uymamız zorunludur",1,1,1,1,1,1,1,1,0
"Uygulamayı iTunes veya App store'dan yükledikten sonra kullanıcıdan giriş yapması istenecektir",1,1,1,1,1,1,1,1,0
"Başarılı girişten sonra kullanıcı şu katalog seçeneklerinden birini seçebilir: İlkbahar 2013 Kış 2013",1,1,1,1,1,1,1,1,0
"Seçime göre ürün kategorileri listelenecektir: Dış Giyim Soft Shell Polar Örme Dokuma Aktif Giyim Güvenlik Aksesuarlar Takım Giyim e.c.o. Koleksiyonu",1,1,1,1,1,1,1,1,0
"Bir kategori seçildiğinde seçim için ürün küçük resim görüntüleri görünecektir",1,1,1,1,1,1,1,1,0
"Kullanıcı daha sonra ürünü seçebilir ve detayları görüntüleyebilir",1,1,1,1,1,1,1,1,0
"Detay sayfası web sitesiyle aynı özellikleri ve bilgileri içerecektir",1,1,1,1,1,1,1,1,0
"Buradan kullanıcı sipariş için bir temsilciyi aramaya veya çevrimiçi ödeme işlemine devam edebilir",1,1,1,1,1,1,1,1,0
"Başarılı girişten sonra kullanıcı katalog seçeneklerinden birini seçebilir veya uygulamanın sağ üst köşesindeki arama simgesi ile belirtilen arama işlevini kullanabilir",1,1,1,1,1,1,1,1,0
"Simge seçildiğinde kullanıcının ürün adını ürün kimliği/SKU veya anahtar kelimeye göre araması için iki açık metin alanı kullanılabilir olacaktır",1,1,1,1,1,1,1,1,0
"Başarılı bir sorguyu takiben arama özelliği arama sonuçlarını görüntülemek için uygulama veritabanını sorgulayacaktır. Başarısız bir sorguyu takiben arama özelliği eşleşme bulunamadığına dair bir hata mesajı görüntüleyecektir",1,1,1,1,1,1,0,1,0
"Kullanıcı sonuçlardan istenen ürünü seçebilir ve ürün detaylarına devam edebilir",1,1,1,1,1,1,1,1,0
"Buradan kullanıcı sipariş için bir temsilciyi aramaya veya çevrimiçi ödeme işlemine devam edebilir",1,1,1,1,1,1,1,1,0
"Başarılı girişten sonra kullanıcı katalog seçeneklerinden birini seçebilir aramayı kullanabilir veya şu öğeleri bulmak için alt gezinmeyi kullanabilir: Katalog Videolar Bize Ulaşın",1,1,1,1,1,1,1,1,0
"Kullanıcı katalog PDF'sini indirmeyi seçerse mobil cihazında görüntülenecektir",1,1,1,1,1,1,1,1,0
"Kullanıcı videoları seçerse 360 video listesi görüntülenecektir. Bir video seçildiğinde cihazında oynatılacaktır",1,1,1,1,1,1,0,1,0
"Tüm kullanıcılar mobil cihazlardaki standart hareketleri kullanarak görüntüleri yakınlaştırabilmelidir",1,1,1,1,1,1,1,1,0
"Tüm Kullanıcılar soldan sağa kaydırarak bir sonraki ürünü görüntüleyebilecektir",1,1,1,1,1,1,1,1,0
"Tüm kullanıcılar üst köşedeki geri düğmesi aracılığıyla ürün kategori sayfasına geri dönebilmelidir",1,1,1,1,1,1,1,1,0
"Tüm kullanıcılar anahtar kelime veya ürün kimliğine göre arama yapabilmelidir",1,1,1,1,1,1,1,1,0
"Tüm kullanıcılar Katalog PDF'sine 360 videolara erişmek ve bir temsilci ile iletişime geçmek için alt gezinme simgelerini kullanarak gezinebilmelidir",1,1,1,1,1,1,1,1,0
"Uygulamanın kendisi minimum mantığa sahip olacaktır ve bu nedenle telefonun kendisinin gerektirdiği hesaplamada çok az veya hiç sorun olmamalıdır",1,1,1,1,1,1,1,1,0
"Tek tehlike kullanıcının cihazı araç kullanırken gibi kullanmaması gereken zamanlarda kullanmasıdır",1,1,1,1,1,1,1,1,0
"Uygulama kullanıcıların düzgün şekilde giriş yapması ve tanımlanması için INTERNAL sistemiyle bağlantı kurabilmelidir",1,1,1,1,1,1,1,1,0
"Bu bilgiler güvende tutulmalıdır",1,0,1,1,1,1,1,0,0
"Veri girişi gerçek bir bilgisayardaymış gibi olmaktan çok daha zor olmamalıdır",1,0,1,1,1,1,1,0,0
"Bu uygulama bir telefonda olacağı için taşınabilirlik de önemlidir. Kullanıcıların cihaza sığdıramamasına neden olacak kadar fazla yer kaplamasını veya çok yavaş olmasını istemiyoruz",1,1,1,1,1,1,1,1,0
"Kullanıcı tüm gerekli alanları doldurduğunda kullanıcının posta adresine bir etkinleştirme postası gönderilecektir",1,1,1,1,1,1,1,1,0
"Kullanıcı hesabını etkinleştirdikten hemen sonra giriş yapabilecek ve sistemi kullanmaya başlayabilecektir",1,1,1,1,1,1,1,1,0
"Kullanıcı kullanıcı adını veya e-postasını ve şifresini girer ve sisteme giriş yapar",1,1,1,1,1,1,1,1,0
"Kullanıcı çıkış düğmesine dokunur ve sistemden çıkış yapar. Kullanıcı tekrar giriş yapana kadar sistemi kullanmayacaktır",1,1,1,1,1,1,0,1,0
"Kullanıcı öğeleri arayabilir. Kullanıcı öğeleri fiyatlarına konumlarına kategorilerine göre arayabilir",1,1,1,1,1,1,1,1,0
"Kullanıcı diğer kullanıcıların profillerine göz atabilir. Kullanıcı diğer kullanıcıların kullanıcı adlarını profil fotoğraflarını ve kullanıcıların öğelerini görebilir",1,1,1,1,1,1,1,1,0
"Kullanıcı isteklerine göre kategorilere göz atabilir. Kullanıcı ayrıca her kategorinin kaç öğeye sahip olduğunu görebilir",1,1,1,1,1,1,1,1,0
Requirement,Appropriate,Complete,Conforming,Correct,Feasible,Necessary,Singular,Unambiguous,Verifiable
"Sistem, Olayları veya Aktiviteleri görüntüleyecektir.",1,0,0,1,1,1,1,0,0
"Görüntüde iki bölge olacaktır ekranın sol 2/3’ü grafiksel, sağ 1/3’ü veri tablosudur.",1,1,0,1,1,1,1,1,1
"Hem grafikteki düğümlerde hem de tablodaki satırlarda görüntülenen veriler MSEL Özet verileri olacaktır.",1,1,0,1,1,1,1,1,1
"Görüntünün tablo tarafı 2 bölgeye ayrılacaktır sıralı ve zamansal.",1,1,0,1,1,1,1,1,1
"Tablonun üst 1/4’ü sıralı gerçekleşecek olayları içerecektir.",1,1,0,1,1,1,1,1,1
"Tablonun alt 3/4’ü mevcut zamana göre ilişkili olayları içerecektir.",1,1,0,1,1,1,1,1,1
"Sistem, olayları mevcut zamandan sapmalarına göre renk kodlarıyla gösterecektir.",1,1,0,1,1,1,1,1,1
"Sistem, Aktivite veya Olay verilerinde yapılan değişikliklerin geçmiş raporunu sağlayacaktır.",1,1,0,1,1,1,1,1,1
"Sistemin görünümü ve kullanılabilirliği akıllı cihazın kullanıcı arayüzü standartlarına uygun olacaktır.",1,1,1,1,1,1,1,1,1
"Kullanıcı arayüzünde standart menüler ve gezinme butonları bulunacaktır.",1,1,1,1,1,1,1,1,1
"Sistem, MLS’deki yeni mülk ilanlarını güncelleyecek veya oluşturacaktır.",1,1,0,1,1,1,1,1,1
"Emlakçı, mülk kriterlerine dayalı bir CMA raporu oluşturabilecektir.",1,1,0,1,1,1,1,1,1
"Program Yöneticileri ve Hemşirelik Personeli üyeleri ders dizisine klinik dersler veya bölümler ekleyebilecektir.",1,1,0,1,1,1,1,1,1
"Program Yöneticileri ve Hemşirelik Personeli, başlama ayı ve yılı ile tanımlanmış yeni bir grup (cohort) ekleyebilecektir.",1,1,0,1,1,1,1,1,1
"Program Yöneticileri ve Hemşirelik Personeli, hemşirelik bölümüne yeni dersler ekleyebilecektir.",1,1,0,1,1,1,1,1,1
"Bir ders, klinik olmayan veya klinik ders olabilir.",1,0,0,1,1,1,1,1,0
"Klinik olmayan ders; ders adı, derslik ihtiyaçları ve eğitmen ihtiyaçlarını belirtecektir.",1,1,0,1,1,1,1,1,1
"Klinik ders; ders adı, derslik ihtiyaçları, klinik saha ihtiyaçları, ders eğitmeni ihtiyaçları ve klinik laboratuvar eğitmeni ihtiyaçlarını belirtecektir.",1,1,0,1,1,1,1,1,1
"Program Yöneticileri/Hemşirelik Personeli yeni bir Çalışma Programı (Program of Study) oluşturabilecektir.",1,1,0,1,1,1,1,1,1
"Çalışma Programı, bir program adı ve tamamlanması gereken zorunlu derslerden (klinik ve klinik olmayan) oluşacaktır.",1,1,0,1,1,1,1,1,1
"Program Yöneticileri ve Hemşirelik Personeli, Çalışma Programı için hangi derslerin zorunlu olduğunu belirleyebilecektir.",1,1,1,1,1,1,1,1,1
"Sistem Program Yöneticileri/Hemşirelik Personeli’nin planlama amaçları için tüm programların tüm grupları için belirli bir dönemde ihtiyaç duyulan derslerin raporunu gösterebilecektir.",1,1,1,1,1,1,0,1,1
"Gerekli ders raporu; açılacak dersler, gereken bölüm sayısı, gereken laboratuvar sayısı ve ihtiyaç duyulan derslik türlerini içerecektir.",1,1,1,1,1,1,1,1,1
"Belirli bir grup için dersler, gün ve saat bakımından çakışmayacaktır.",1,1,1,1,1,1,1,1,1
"Program Yöneticileri ve Hemşirelik Personeli sisteme yeni bir klinik saha ekleyebilecektir.",1,1,1,1,1,1,1,1,1
"Ürün, Internet Explorer 5.5 ve üzerini desteklemelidir.",1,1,1,1,1,1,1,1,1
"Ürün, Mozilla Firefox 1.0 ve üzerini desteklemelidir.",1,1,1,1,1,1,1,1,1
"Ürün, Choice Parts Sistemi ile arayüz oluşturmalıdır. Bu sistem geri dönüştürülmüş parça verilerini sağlar.",1,1,1,1,1,1,1,1,1
"Ürün, tüm ortamlarda mevcut donanım üzerinde çalışmalıdır.",1,1,1,1,1,1,1,0,0
"Ürün, kurumsal Mimari yönergelere uygun olmalıdır.",1,1,1,1,1,1,1,0,0
"Ürün, kurumsal Kullanıcı Arayüzü Yönergelerine uymalıdır.",1,1,1,1,1,1,1,0,0
"Ürün, kurumsal renk şemasına uymalıdır.",1,1,1,1,1,1,1,1,1
"Ürünün görünümü profesyonel olmalıdır.",0,0,0,0,1,0,1,0,0
"Yazılım ürününün Windows veya Linux platformlarında çalışması beklenmektedir.",1,1,1,1,1,1,1,1,1
"Ürün, Ayarlayıcılar (Adjusters) ve Çarpışma Tahmincileri (Collision Estimators) tarafından kolay kullanılabilir olmalıdır. Ayarlayıcıların ve Çarpışma Tahmincilerinin %95’i ürünü kullanmayı kolay bulmalıdır.",1,1,1,1,1,1,1,1,1
"Ürün, Çarpışma Tahmincilerinin verimliliğini artırmalıdır. Çarpışma Tahmincilerinin %80’i, ürünü kullandıktan sonraki 1 ay içinde verimliliklerinin arttığını kabul etmelidir.",1,1,1,1,1,1,1,1,1
"Kullanıcılar, ürünü kullanırken memnuniyet hissetmelidir. Tüm kullanıcıların %85’i üründen memnun olmalıdır.",1,1,1,1,1,1,1,1,1
"Ürün, Ayarlayıcılar ve Çarpışma Tahmincileri tarafından kolay öğrenilebilir olmalıdır. Ürün, iki günlük yerinde eğitim ile öğrenilebilmelidir.",1,1,1,1,1,1,1,1,1
"Kullanıcı, ürünü kullanırken talimatları kolayca bulabilmelidir. Kullanıcı yardımı sistemin %90’ında bulunabilir olmalıdır.",1,1,1,1,1,1,1,0,0
"Geri dönüştürülmüş parçalar için arama 15 saniyeden uzun sürmemelidir. Arama sonuçları 15 saniye içinde döndürülmelidir.",1,1,1,1,1,1,1,1,1
"Tercih edilen tamir tesisi için arama 8 saniyeden uzun sürmemelidir. Tercih edilen tamir tesisi 8 saniye içinde döndürülmelidir.",1,1,1,1,1,1,1,1,1
"Geri dönüştürülmüş parçalar denetim raporu kullanıcıya 10 saniye içinde döndürülmelidir. Denetim raporu 10 saniye içinde sunulmalıdır.",1,1,1,1,1,1,1,1,1
"Tercih edilen tamir tesisi puanlamaları 5 saniye içinde kaydedilmelidir. Kayıt işlemi 5 saniye içinde gerçekleşmelidir.",1,1,1,1,1,1,1,1,1
"Ürün, kurumsal çevrimiçi kullanılabilirlik planına uymalıdır. Uygulama, planlanan kesintilerin %98’i dahilinde kapatılmalıdır.",1,1,1,1,1,1,1,0,0
"Ürün %98 çalışma süresi sağlamalıdır. Ürün, çevrimiçi sürenin %2’sinden fazla hata vermemelidir.",1,1,1,1,1,1,1,1,1
"Ürün aynı anda 1500 kullanıcıyı destekleyebilmelidir. Sistem 1500 kullanıcıyla birlikte çalışabilmelidir.",1,1,1,1,1,1,1,1,1
"Geri dönüştürülmüş parçaların günlük ortalama kayıt sayısı 50.000 olmalıdır.",1,1,1,1,1,1,1,1,1
"Ürün, ilk lansmandan sonraki 2 yıl içinde 10.000 eşzamanlı kullanıcıyı destekleyebilmelidir.",1,1,1,1,1,1,1,1,1
"Tahminciler için ürün, kirli ve gürültülü koşullarda bir tamir tesisinde çalıştırılabilir olmalıdır.",1,1,1,1,1,1,1,0,0
"Ürün, ChoiceParts sistemiyle günde bir kez yaklaşık saat 01:00’de arayüz oluşturmalıdır.",1,1,1,1,1,1,1,1,1
"Ürünün bakımı, belirlenmiş kurumsal bakım aralıklarında yapılacaktır.",1,1,1,1,1,1,1,0,0
"Ürün, kurumsal destek merkezi aracılığıyla desteklenecektir.",1,1,1,1,1,1,1,1,0
"Ürün kurulumları ve yükseltmeleri, belirlenmiş yayın zaman dilimleri içerisinde ara katman teknolojisi ekibi tarafından gerçekleştirilecektir.",1,1,1,1,1,1,1,0,0
"Yalnızca ayarlayıcılar (adjusters) geri dönüştürülmüş parçalar denetim raporu talep edebilir. Ayarlayıcı rolüne sahip olmayan kullanıcılar geri dönüştürülmüş parça denetimlerini talep edemez.",1,1,1,1,1,1,1,1,1
"Yalnızca süpervizör rolüne sahip ayarlayıcılar tercih edilen tamir tesisi puanlarını güncelleyebilir. Süpervizör rolüne sahip olmayan kullanıcılar bu puanlamalara erişemez.",1,1,1,1,1,1,1,1,1
"Yalnızca çarpışma tahmincileri (collision estimators) geri dönüştürülmüş parçaları arayabilir. Çarpışma tahmincisi rolüne sahip olmayan kullanıcılar bu aramaya erişemez.",1,1,1,1,1,1,1,1,1
"Sisteme yalnızca geçerli veriler girilmelidir. Geçersiz veriler sisteme girilemez.",1,1,1,1,1,1,1,0,0
"Bir sigorta şirketi, başka bir sigorta şirketinin hasar verilerini görüntüleyemez.",1,1,1,1,1,1,1,1,1
"Ürün bilgisayar virüslerinden arınmış olmalıdır.",1,1,1,1,0,1,1,0,0
"Sistem, hizmet reddi (DoS) dahil kötü niyetli saldırıları önlemelidir.",1,1,1,1,0,1,1,0,0
"Ürün Sarbanes-Oxley düzenlemelerine uymalıdır.",1,1,1,1,1,1,1,0,0
"Ürün, geri dönüştürülmüş parça kullanımıyla ilgili tahmin yasalarına uymalıdır.",1,1,1,1,1,1,1,0,0
"Ürün, hasar işlemleriyle ilgili sigorta düzenlemelerine uymalıdır.",1,1,1,1,1,1,1,0,0
"Kullanıcı, tercih edilen tamir tesisini araç, araç konumu ve mil cinsinden yarıçap kullanarak aramalıdır.",1,1,1,1,1,1,1,1,1
"Araç verileri, araç yılı, markası ve modelini içermelidir.",1,1,1,1,1,1,1,1,1
"Araç konumu; sokak adresi, şehir, eyalet ve posta kodunu içermelidir.",1,1,1,1,1,1,1,1,1
"Sistem, posta kodu bilinmiyorsa sokak adresi, şehir ve eyalete göre posta kodunu belirlemelidir.",1,1,1,1,1,1,1,1,1
"Arama yarıçapı 1 ila 30 mil arasında olmalıdır.",1,1,1,1,1,1,1,1,1
"Sistem, girilen kriterlere göre en yüksek puanlı tercih edilen tamir tesisini bulmalıdır.",1,1,1,1,1,1,1,1,1
"Ayarlayıcı (adjuster), tahmin atamasına tercih edilen tamir tesisini girmelidir.",1,1,1,1,1,1,1,1,1
"Ayarlayıcı, tahmin atamasında tercih edilen tamir tesisini geçersiz kılabilmelidir.",1,1,1,1,1,1,1,1,1
"Tercih edilen tamir tesisi kullanıcıya döndürülmelidir.",1,1,1,1,1,1,1,1,1
"Tercih edilen tamir tesisi belirlenemiyorsa sistem, yarıçap içindeki tamir tesislerinin bir listesini döndürmelidir.",1,1,1,1,1,1,1,1,1
"Tahminci (estimator), hasarlı araç parça bilgilerini kullanarak mevcut geri dönüştürülmüş parçaları aramalıdır.",1,1,1,1,1,1,1,1,1
"Tahminci, tercih edilen parça tedarikçileri listesini kullanarak mevcut geri dönüştürülmüş parçaları aramalıdır.",1,1,1,1,1,1,1,1,1
"Sistem, sağlanan araç parçaları ve tedarikçiler için mevcut geri dönüştürülmüş parçaları aramalıdır.",1,1,1,1,1,1,1,1,1
"Tercih edilen parça tedarikçileri için parça bulunamazsa tahminci, posta kodu ve 30 millik yarıçap ile arama yapmalıdır.",1,1,1,1,1,1,1,1,1
"Sistem, aramadan döndürülen mevcut geri dönüştürülmüş parçaları ve tedarikçileri saklamalıdır.",1,1,1,1,1,1,1,1,1
"Mevcut geri dönüştürülmüş parçaların bilgileri ve bunların tedarikçileri kullanıcıya döndürülmelidir.",1,1,1,1,1,1,1,1,1
"Tahminci, seçilen geri dönüştürülmüş parçaları çarpışma tahminine uygulamalıdır.",1,1,1,1,1,1,1,1,1
"Hiçbir mevcut parça döndürülmezse tahminci geri dönüştürülmüş parçaları çarpışma tahminine uygulamamalıdır.",1,1,1,1,1,1,1,1,1
"Ayarlayıcı, çarpışma tahminini gözden geçirmelidir.",1,1,1,1,1,1,1,1,1
"Ayarlayıcı, çarpışma tahmininin geri dönüştürülmüş parça denetimini talep etmelidir.",1,1,1,1,1,1,1,1,1
"Tahminciye sağlanan geri dönüştürülmüş parça arama sonuçları sistem tarafından alınmalıdır.",1,1,1,1,1,1,1,0,1
"Sistem, mevcut geri dönüştürülmüş parçalar ve çarpışma tahmini baz alınarak bir denetim raporu oluşturmalıdır.",1,1,1,1,1,1,1,1,1
"Denetim raporu, tahminde kullanılan geri dönüştürülmüş parça toplamını içermelidir.",1,1,1,1,1,1,1,1,1
"Denetim raporu, orijinal arama sonuçlarından dönen mevcut geri dönüştürülmüş parça sayısını içermelidir.",1,1,1,1,1,1,1,1,1
"Denetim raporu, tahminde kullanılan mevcut geri dönüştürülmüş parçaların yüzdesini içermelidir.",1,1,1,1,1,1,1,0,1
"Denetim raporu, bireysel satır öğelerinin toplamından oluşan denetimin toplam puanını içermelidir.",1,1,1,1,1,1,1,0,0
"Denetim raporu kullanıcıya görüntülenmelidir.",1,1,1,1,1,1,1,1,1
"Denetim raporu daha sonraki zamanlarda diğer ayarlayıcıların erişimine açık olmalıdır.",1,1,1,1,1,1,1,0,0
"Kullanıcı, tercih edilen tamir tesisi puanlarını görüntülemeyi seçmelidir.",1,1,1,1,1,1,1,1,1
"Güncel tamir tesisi puanları kullanıcıya gösterilmelidir.",1,1,1,1,1,1,1,1,1
"Sistemde henüz puan tanımlanmamışsa sistem boş bir puan seti gösterecektir.",1,1,1,1,1,1,1,1,1
"Kullanıcı, denetim raporuna dayanarak yeni puanlar girmelidir.",1,1,1,1,1,1,1,1,1
"Puanlamalar 1-10 ölçeğinde olmalıdır.",1,1,1,1,1,1,1,1,1
"Puanlamalar, geri dönüştürülmüş parçaların denenmiş kullanımı ve fiili kullanımı için kategorileri içermelidir.",1,1,1,1,1,1,1,0,1
"Kullanıcı, tercih edilen tamir tesisi puanlarını kaydetmeyi seçmelidir.",1,1,1,1,1,1,1,1,1
"Tercih edilen tamir tesisi puanları sistem tarafından kaydedilmelidir.",1,1,1,1,1,1,1,1,1
"Ürün, piyasadaki çoğu veritabanı yönetim sistemi (DBMS) ile çalışabilmelidir; DBMS ürünle aynı makinede olabileceği gibi aynı bilgisayar ağındaki farklı bir makinede de yer alabilir.",1,0,1,1,1,1,1,0,0
"Ürün, Java çalışma zamanı kurulabilen herhangi bir işletim sisteminde sunucu yazılımlarıyla birlikte çalışacaktır.",1,1,1,1,1,1,1,0,1
"Ürün, bir veritabanı yönetim sistemi (DBMS) ile birlikte çalışmayı gerektirecektir. DBMS, ürünle aynı makinede ya da aynı bilgisayar ağında ayrı bir makinede bulunabilir.",1,1,1,1,1,1,1,1,1
"Ürün, web/uygulama sunucusu teknolojisini kullanmalıdır. Açık kaynak örnekleri: Apache, Tomcat ve JBoss.",1,1,1,1,1,1,1,1,1
"Oracle, DB2, MySQL veya HSQL gibi bir veritabanı yönetim sistemi ürünle entegre edilmelidir.",1,1,1,1,1,1,1,1,1
"Ürünün görünüm ve hissi (look and feel), müşterinin organizasyonuna ait logo, marka ve kimlik gibi unsurları içerebilecek şekilde yapılandırılabilmelidir.",1,0,1,1,1,1,1,0,0
"Ürünün görünümü muhafazakâr ve profesyonel olmalıdır.",1,0,1,1,1,1,1,0,0
"Ürün, kullanıcıların kullanmak istemesini sağlamalıdır. Anket edilen kullanıcıların %80’i, lansmandan sonraki ilk 2 haftadan sonra ürünü düzenli olarak kullandıklarını bildirmelidir.",1,1,1,1,1,1,1,1,1
"Ürün kolay kullanılmalıdır. Kullanıcıların %90’ı ürünü kullanmaya başladıktan sonraki 5 dakika içinde başarılı biçimde toplantı odası ayırtabilmelidir.",1,1,1,1,1,1,1,1,1
"Ürün, gerekli olduğunda kullanıcılara geri bildirim vermelidir. Anket edilen kullanıcıların %80’i ürünün eylemlerini doğru şekilde onayladığını bildirmelidir.",1,1,1,1,1,1,1,0,1
"Ürün, kullanıcıya hedef pazar ülkelerinden birinin dilini seçme olanağı sunmalıdır.",1,0,1,1,1,1,1,0,0
"Ürün, başlangıç sayfası ve görünüm tercihlerinin özelleştirilmesine izin vermelidir.",1,1,1,1,1,1,1,1,1
"Bir çalışan ürünü birkaç dakika içinde başarılı biçimde kullanabilir olacaktır. Üründe 15 dakikadan daha kısa bir süre içinde gayri resmi gezinme sonrası kullanıcılar toplantı kurma ve toplantı odası ayırtmayı başarıyla gerçekleştirebilmelidir.",1,1,1,1,1,1,0,0,1
"Ürün, çoğu web kullanıcısına tanıdık gelen standart bir gezinme menüsü kullanmalıdır.",1,0,1,1,1,1,1,0,0
"Ürün, mevcut toplantı odalarının sezgisel (intuitive) şekilde aranmasına imkan vermelidir.",1,1,1,1,1,1,1,0,0
"Ürün, Amerika Engelliler Yasası (Americans with Disabilities Act - ADA) ile uyumlu olmalıdır.",1,1,1,1,1,1,1,0,0
"Yanıtlar kullanıcının düşünce akışını kesmeyecek kadar hızlı olmalıdır. Görevlerin %90’ı 5 saniye içinde, %98’i ise 8 saniye içinde tamamlanmalıdır.",1,1,1,1,1,1,1,1,1
"Sunucu arızaları dışında yazılım ürünü %99.99 çalışma süresi (uptime) sağlamalıdır.",1,1,1,1,1,1,1,0,1
"Ürün, karşılaşılan sorunların bir istisna kaydını oluşturacak ve analiz ve çözüm için şirketimize iletecektir.",1,1,1,1,1,1,1,1,1
"Ürün, aynı anda 1.000 isteği işleyebilecek kapasitede olmalıdır. Bu sayı, Sürüm 2’de 2.000’e çıkarılacaktır. Eşzamanlılık kapasitesi, sabah erken ve öğleden sonra geç saatler gibi yoğun zamanları karşılayabilmelidir.",1,1,1,1,1,1,0,0,1
"Ürün, piyasaya sürülmesinden iki yıl içinde saatte 10.000 işlemi gerçekleştirebilecektir. Bu sayı Sürüm 2’de 20.000’e çıkarılacaktır.",1,1,1,1,1,1,0,0,1
"Ürün, her müşteri kurulumunda en az 5 yıl çalışacak şekilde tasarlanmalıdır.",1,1,1,1,1,1,1,1,1
"Ürün, ofis ortamlarında kullanılacaktır.",1,1,1,1,1,1,1,1,1
"Ürün, herhangi bir HTML tarayıcısıyla etkileşim kurabilmelidir. Ürün, kullanıcı ile ürün arasında verileri sorunsuz iletecek ve test edilen tüm HTML tarayıcıların %80’inde HTML’i doğru şekilde gösterecektir (minimum 8 tarayıcı test edilecektir).",1,1,1,1,1,1,0,0,1
"Ürün, çeşitli veri tabanı yönetim sistemleriyle etkileşim kurabilmelidir. Ürün, tüm işlemlerin %100’ünde veri tabanı yönetim sistemiyle başarılı şekilde iletişim kuracaktır.",1,1,1,1,1,1,1,0,1
"Ürün, karşılaşılan sorunları içeren bir istisna kaydı oluşturacak ve analiz ve çözüm için şirketimize iletilecektir.",1,1,1,1,1,1,1,1,1
"Ürün, aynı anda 1.000 isteği işleyebilecektir. Bu sayı, Sürüm 2’de 2.000’e yükselecektir. Ürün, yoğun zamanlarda (sabah erken ve öğleden sonra geç saatler) bu kapasiteyi karşılayabilmelidir.",1,1,1,1,1,1,1,0,1
"Ürün, piyasaya sürülmesinden iki yıl içinde saatte 10.000 işlemi gerçekleştirebilecektir. Bu sayı, Sürüm 2’de 20.000’e yükselecektir.",1,1,1,1,1,1,1,0,1
"Ürün, yalnızca şirket çalışanlarının veya şirket tarafından onaylanmış kullanıcı kimliklerine sahip dış kullanıcıların ürün erişimine sahip olmasını sağlayacaktır. Tüm girişlerin %100'ü yalnızca şirket çalışanları veya onaylı kullanıcı kimlikleri ile gerçekleşecektir.",1,1,1,1,1,1,1,1,1
"Sadece yöneticiler kullanıcıya göre rezervasyon sorgusu yapabilir. Tüm rezervasyon sorgularının %100'ü yalnızca yönetici girişlerinden yapılacaktır.",1,1,1,1,1,1,1,1,1
"Ürün, veritabanındaki verilerin kullanıcı tarafından girilen bilgilerle eşleşmesini sağlayacaktır. Sistem üzerindeki her konferans odası rezervasyonu, kullanıcı tarafından girilen aynı bilgileri içerecektir.",1,1,1,1,1,1,1,1,1
"Ürün, kötü amaçlı veri girişini engelleyecektir. Ürün ve/veya bağlantılı donanım/yazılım sistemlerinin verileri, her kötü amaçlı veri girişi sırasında %100 bozulmadan kalacaktır.",1,1,1,1,1,1,1,1,1
"Ürün ve/veya bağlı veritabanları/dosyalar, kötü amaçlı veri girişine rağmen çalışmaya devam edecektir. Kötü amaçlı veri girişleri sırasında ürün ve/veya bağlı veritabanları/dosyalar %100 çökmeden çalışacaktır.",1,1,1,1,1,1,1,1,1
"Ürünün dili, hedef pazarlardaki tüm ülkeleri kapsayacaktır. Her hedef pazar ülkesinden katılımcıların %90'ı, ürünün dilinin kabul edilebilir olduğunu belirleyecektir.",1,1,1,1,1,1,1,1,1
"Ürün, J2SE/J2EE programlama dili kütüphaneleri ile geliştirilecektir.",1,1,1,1,1,1,1,1,1
"Ürün, toplantı kayıtlarını tutacaktır.",1,1,1,1,1,1,1,1,1
"Ürün, çalışanlara toplantı davetlerini bildirecektir.",1,1,1,1,1,1,1,1,1
"Ürün, çalışanlara toplantı hatırlatmaları gönderebilecektir.",1,1,1,1,1,1,1,1,1
"Ürün, her toplantıyı oluşturan organizatörün iletişim bilgilerini toplantıya atayacaktır.",1,1,1,1,1,1,1,1,1
"Ürün, toplantı onaylarını kaydedecektir.",1,1,1,1,1,1,1,1,1
"Ürün, yeni konferans odalarını depolayabilecektir.",1,1,1,1,1,1,1,1,1
"Ürün, mevcut konferans odalarını güncelleyebilecektir.",1,1,1,1,1,1,1,1,1
"Ürün, konferans odalarını silebilecektir.",1,1,1,1,1,1,1,1,1
"Ürün, yeni oda ekipmanlarını depolayabilecektir.",1,1,1,1,1,1,1,1,1
"Ürün, mevcut oda ekipmanlarını güncelleyebilecektir.",1,1,1,1,1,1,1,1,1
"Son 30 gün için Envanter Miktarı Düzeltme işleminin tamamlanması 30 dakikadan fazla sürmeyecektir.",1,1,1,1,1,1,1,1,1
"Sistem aynı anda en az 6 kullanıcının çalışmasına izin verecektir.",1,1,1,1,1,1,1,1,1
"Sistem mevcut bilgisayar ekipmanlarını kullanacaktır.",1,1,1,1,1,1,1,1,0
"Sistem iş verilerini otomatik olarak yedekleyip talep üzerine geri yükleyebilecektir.",1,1,1,1,1,1,1,1,1
"Sistem tutarlı güvenliği sağlayacaktır. Kullanıcı şifreleri ve/veya izinlerde yapılan değişiklikler sistemin tüm bölümlerinde geçerli olacaktır.",1,1,1,1,1,1,1,1,1
"Sistem, tüm ana alt sistemler için erişim haklarını detaylı şekilde kontrol edebilecektir. Tüm alt sistemler için erişim hakları bağımsız olarak atanabilir olmalıdır.",1,1,1,1,1,1,1,1,1
"Sistem, tüm geçerli muhasebe standartlarına uyacaktır. Sistem nihai sürümü, bağımsız bir denetçi tarafından yapılan denetimi başarıyla geçmelidir.",1,1,1,1,1,1,1,1,1
"Sistem, telif ücreti gerektiren ek üçüncü taraf lisanslarına ihtiyaç duymayacaktır.",1,1,1,1,1,1,1,1,1
"Sistem, Envanter Miktarı Düzeltme belgelerinin talep üzerine oluşturulmasına izin verecektir.",1,1,1,1,1,1,1,1,1
"Sistem, belirli bir zamandan itibaren tüm Envanter Miktarı Düzeltme belgelerinin talep üzerine oluşturulmasına izin verecektir.",1,1,1,1,1,1,1,1,1
"IQA alt sistemi mevcut envanter durumunu dikkate alacak ve ikame edilebilir malzemelerin envanterini buna göre ayarlayacaktır.",1,1,1,1,1,1,1,1,1
"Sistem, ürün formüllerinin girilmesine, depolanmasına ve değiştirilmesine izin verecektir.",1,1,1,1,1,1,1,1,1
"Ürün formülleri, kendi formüllerine sahip yarı ürünlerin kullanılmasına izin verecektir.",1,1,1,1,1,1,1,1,1
"Ürün formülü bileşenleri, ikame edilebilir malzemelerin tanımlanmasına izin verecektir.",1,1,1,1,1,1,1,1,1
"Formül ikame edilebilir bileşenler, kalıcı sırayla saklanacaktır.",1,1,1,1,1,1,1,1,1
"Ürün, POS terminalleri tarafından kullanılan ürün menülerinin girilmesine, depolanmasına ve değiştirilmesine izin verecektir.",1,1,1,1,1,1,0,0,1
"PME alt sistemi, muhasebe sisteminde saklanan ürün listesine dayalı olarak ürün menüleri oluşturulmasına izin verecektir.",1,1,1,1,1,1,1,1,1
"PME alt sistemi, menüler içinde alt menülerin ve alt menüler içinde ürünlerin yönetilen ve kalıcı sırayla saklanmasına izin verecektir.",1,1,1,1,1,1,0,0,1
"Formül ikame edilebilir bileşenler, PFE alt sistemi tarafından otomatik olarak girilecektir.",1,1,1,1,1,1,1,1,1
"Formül ikame edilebilir bileşenler, kalıcı sırayla saklanacaktır.",1,1,1,1,1,1,1,1,1
"Ürün, POS terminalleri tarafından kullanılan ürün menülerinin girilmesine, depolanmasına ve değiştirilmesine izin verecektir.",1,1,1,1,1,1,0,0,1
"PME alt sistemi, muhasebe sisteminde saklanan ürün listesine dayalı olarak ürün menüleri oluşturulmasına izin verecektir.",1,1,1,1,1,1,1,1,1
"PME alt sistemi, menüler içinde alt menülerin ve alt menüler içinde ürünlerin yönetilen ve kalıcı sırayla saklanmasına izin verecektir.",1,1,1,1,1,1,0,0,1
"PME alt sistemi, bir ürünün birden fazla alt menüde bulunmasına izin verecektir.",1,1,1,1,1,1,1,1,1
"RMS sistemi, Windows XP görünüme sahip olacak ve GUI özelliklerini kullanarak kullanımını sezgisel hale getirecektir.",1,1,1,1,1,1,1,1,1
"Sistem, ürün günlük satış verilerine ve ürün formüllerine dayanarak Envanter Miktarı Ayarlama belgesi oluşturacaktır.",1,1,1,1,1,1,1,1,1
"Sistem, ürün günlük satış verileri ve ürün formüllerine dayalı olarak Envanter Miktarı Düzeltme belgeleri üretecektir.",1,1,1,1,1,1,1,1,1
"Sistem, günlük Ürün Satış verileri mevcut olduğunda Envanter Miktarı Düzeltme belgelerini otomatik olarak oluşturacaktır.",1,1,1,1,1,1,1,1,1
"Yönetici, Yönetim bölümünden ön ödemeli kartı 5 saniye içinde aktive edebilecektir.",1,1,1,1,1,1,1,1,1
"Müşteri, ön ödemeli kartlarının durumunu PIN numarası girerek 5 saniye içinde kontrol edebilecektir.",1,1,1,1,1,1,1,1,1
"Sistem, müşterilerin web sitesinde 'kullandıkça öde' kullanıcı olarak 5 dakika içinde kayıt olmalarını sağlayacaktır.",1,1,1,1,1,1,1,1,1
"Sistem, müşterilerin web sitesinde 'sınırsız film abonesi' kullanıcı olarak 10 dakika içinde kayıt olmalarını sağlayacaktır.",1,1,1,1,1,1,1,1,1
"Sistem, mevcut müşterilerin e-posta adresi ve şifre ile web sitesine 5 saniye içinde giriş yapmasına izin verecektir.",1,1,1,1,1,1,1,1,1
"Sistem, müşterilerin hesaplarını iptal etmelerine izin verecek, işlem 2 dakikadan uzun sürmeyecek, veritabanı hesabı pasif olarak işaretleyecek ve kullanıcı web sitesine giriş yapamayacaktır.",1,1,1,1,1,1,1,1,1
"Sistem, yöneticinin müşteri hesabını 1 dakika içinde devre dışı bırakmasına izin verecek, müşteri artık web sitesine erişemeyecektir.",1,1,1,1,1,1,1,1,1
"Yönetici, web sitesinde filmleri 5 dakika içinde ekleyip/silebilecektir. Girilen film bilgileri veritabanında saklanacak ve siteye yansıyacaktır.",1,1,1,1,1,1,1,1,1
"Yönetici, web sitesinde kategorileri 5 dakika içinde ekleyip/silebilecektir.",1,1,1,1,1,1,1,1,1
"Izogn yöneticisi, satış ve kullanım istatistiklerine 2 dakika içinde erişebilecektir.",1,1,1,1,1,1,1,1,1
"Yönetici, benzersiz ön ödemeli PINler oluşturabilecek ve Excel dosyasıyla kaydedebilecektir.",1,1,1,1,1,1,1,1,1
"Web sitesi tüm kitleler için çekici görünmelidir; eğlenceli ve renkler parlak olmalıdır.",1,1,1,1,1,1,0,0,0
"Web sitesi modern, temiz ve sade bir tasarıma sahip olmalıdır.",1,1,1,1,1,1,0,0,0
"Ürün, Internet üzerinde acemi kullanıcıların %90'ı tarafından kullanılabilir olmalıdır.",1,1,1,1,1,1,1,1,1
"Kullanıcılar, web sitesinde hesap oluşturmak için en fazla 4 sayfa gezinmek zorunda olmalıdır.",1,1,1,1,1,1,1,1,1
"Kullanıcılar, web sitesine giriş yaptıktan sonra filmlerine 2 tıklamada erişebilmelidir.",1,1,1,1,1,1,1,1,1
"Gizli anketler, kullanıcıların %70'inin 2 hafta içinde akışlı film satın almayı rahat bulduğunu göstermelidir.",1,1,1,1,1,1,0,0,0
"Gizli anketler, kullanıcıların %95'inin bir ay sonra ön ödemeli kartları kullanmayı ve satın almayı rahat bulduğunu göstermelidir.",1,1,1,1,1,1,0,0,0
"Ürün, müşteri satın alma tercihlerini ve bilgilerini saklamalıdır.",1,1,1,1,1,1,1,1,1
"Ürün, acemi kullanıcıların internet üzerinden film satın almasını ve izlemesini kolaylaştırmalıdır; belirlenmiş bir filmi 3 dakikada izleyebilmelidir.",1,1,1,1,1,1,1,1,1
"Streaming sunucusu maksimum 700 filmi destekleyecektir; daha fazla film için yeni sunucular eklenebilir.", 1,1,1,1,1,1,1,1,1
"Sunucu maksimum 1.000 eşzamanlı kullanıcıyı destekleyecektir.", 1,1,1,1,1,1,1,1,1
"Web sitesi 100.000 müşteriyi destekleyebilecek kapasitede olmalıdır.", 1,1,1,1,1,1,1,1,1
"Ürünün en fazla bakım bütçesi içinde en az 2 yıl çalışması beklenmelidir.", 1,1,1,1,1,1,1,0,0
"Web sitesinin tüm özelliklerine bir web tarayıcısı üzerinden İnternet üzerinden erişilebilmelidir.", 1,1,1,1,1,1,1,1,1
"Mevcut web sitesini destekleyen aynı donanım yeni sistemi desteklemek için kullanılacaktır.", 1,1,1,1,1,1,1,1,1
"Aşağıdaki tarayıcılarla arayüz kurulabilmelidir: IE 5.X, 6.0, Netscape 6.x, 7.x, 8.x ve Firefox 1.0.", 1,1,1,1,1,1,1,1,1
"Web sitesi, kredi kartı işlemlerini işlemek için CyberSource API ile arayüz kurmalıdır.", 1,1,1,1,1,1,1,1,1
"Web sitesi MSN TV2 ile tam olarak çalışır durumda olmalıdır.", 1,0,1,1,1,1,1,0,0
"Filmler Windows Media Player 9.0 üzerinden kodlanmalı ve akış (stream) yapılmalıdır.", 1,1,1,1,1,1,1,1,1
"Filmler 56k ve 256k hızındaki akışlar için kodlanmalıdır.", 1,1,1,1,1,1,1,1,1
"Web sitesine yapılacak promosyon güncellemeleri bir gün içinde tamamlanmalıdır.", 1,1,1,1,1,1,1,1,1
"Izogn yöneticisi, web sitesindeki kategori listelerini 2 dakika içinde güncelleyebilmelidir.", 1,1,1,1,1,1,1,1,1
"Izogn yöneticisi, web sitesine yeni ürünleri 2 dakika içinde ekleyebilmelidir.", 1,1,1,1,1,1,1,1,1
"Sistem, müşterilere destek sağlamak için 24 saat hizmet veren 800 numaralı ücretsiz bir hattı sunacaktır.", 1,1,1,1,1,1,1,1,1
"Web sitesi, yaygın sorunlara yanıt ve çözümler içeren bir yardım bölümü sunacaktır.", 1,1,1,1,1,1,1,1,1
"Velkat personeli, Pazartesi-Cuma 07:00–19:00 saatleri arasında Izogn yöneticilerine teknik destek sağlamak için telefon desteği sunacaktır.", 1,1,1,1,1,1,1,1,1
"Ürün, belirtilen ortamda 1 iş günü içinde kurulabilmelidir.", 1,1,1,1,1,1,1,1,1
"Sadece kayıtlı müşteriler streaming filmleri satın alabilir.", 1,1,1,1,1,1,1,1,1
"Bir müşteri yalnızca filmi satın aldıysa ve 2 günlük izleme süresi içindeyse streaming yapabili.", 1,1,1,1,1,1,1,1,1
"Sadece yetkili personel müşteri kayıtlarına erişebilir.", 1,1,1,1,1,1,1,1,1
"Sadece yöneticiler ön ödemeli kartı aktifleştirebilir.", 1,1,1,1,1,1,1,1,1
"Sadece yetkili personel satış bilgilerine erişebilir.", 1,1,1,1,1,1,1,1,1
"Web sitesi, yanlış veri girildiğinde verilerini bozulmaktan koruyacaktır.", 1,1,1,1,1,1,1,1,1
"Web sitesi, kasıtlı kötüye kullanımı engelleyecek ve tüm olaylarda yöneticiyi bilgilendirecektir.", 1,1,1,1,1,1,1,1,1
"Veri bütünlüğü betikleri haftalık olarak çalıştırılacak ve veritabanının bütünlüğü doğrulanacaktır.", 1,1,1,1,1,1,1,1,1
"Web sitesi, kullanıcıdan veri toplarken bilgileri nasıl kullanacağını tüm sayfalarda erişilebilir Gizlilik Politikası ile bildirecektir.", 1,1,1,1,1,1,1,1,1
"Sistem, kullanıcıları bilgi politikasındaki değişiklikler hakkında bilgilendirecektir.", 1,1,1,1,1,1,1,1,1
"Sistem, özel bilgileri yalnızca organizasyonun bilgi politikasına uygun olarak açıklayacaktır.", 1,1,1,1,1,1,1,1,1
"Tüm müşteri bilgileri yalnızca yetkili personelin erişebileceği güvenli bir veritabanında saklanacaktır.", 1,1,1,1,1,1,1,1,1
"Tüm kredi kartı bilgileri veritabanında şifrelenmiş olarak saklanacaktır.", 1,1,1,1,1,1,1,1,1
"Streaming sunucusunda kötü amaçlı virüsleri önlemek için anti-virüs yazılımı bulunacaktır", 1,1,1,1,1,1,1,1,1
"Web sitesi, Nijerya’daki tüm kabilelere hitap etmelidir", 1,1,1,0,1,1,1,0,0
"Web sitesi dini veya etnik gruplara karşı saldırgan olmamalıdır", 1,1,1,1,1,1,1,1,1
"Web sitesi yalnızca Nijeryalılar değil, tüm Afrikalılara hitap etmelidir", 1,1,1,0,1,1,1,0,0
"Web sitesi, ana sayfada animasyon sağlamak için Flash kullanmalıdır", 1,1,1,1,1,1,1,1,1
"IzognMovies, Afrika filmlerini yayınlamak için ilgili kuruluşlar tarafından belirlenen lisanslama gerekliliklerini karşılamalıdır", 1,1,1,1,1,1,1,1,1
"Web sitesi W3C standartlarına uygun olacaktır", 1,1,1,1,1,1,1,1,1
"PHP kodu PEAR standartlarına uygun olacaktır", 1,1,1,1,1,1,1,1,1
"Web sitesi müşterilerin filmleri başlık, oyuncu veya yönetmen bilgisine göre aramasına izin verecektir", 1,1,1,1,1,1,1,1,1
"Film detaylarını görüntülerken web sitesi, yöneticinin girdiği filmin açıklamasını, oyuncularını ve yönetmenini gösterecektir", 1,1,1,1,1,1,1,1,1
"Web sitesi, bir kullanıcıya film akışı izleme izni vermeden önce kredi kartı ödemesini talep edecek ve yetkilendirecektir", 1,1,1,1,1,1,1,1,1
"Satın alınan film, satın alma tarihinden itibaren 2 gün boyunca Windows Media Player üzerinden izlenebilecektir", 1,1,1,1,1,1,1,1,1
"Web sitesi, müşterilerin filmleri izogn yöneticisi tarafından girilen kategorilere göre gezmesine izin verecektir", 1,1,1,1,1,1,1,1,1
"Web sitesi, müşterilerin seçilen filmlere diğer müşteriler tarafından yapılan yorumları görüntülemesine izin verecektir", 1,1,1,1,1,1,1,1,1
"Web sitesi, müşterilerin seçilen film için kendi yorumlarını eklemesine izin verecektir", 1,1,1,1,1,1,1,1,1
"Web sitesi, izogn yöneticisinin müşteriler tarafından gönderilen bir yorumu onaylamasına izin verecektir", 1,1,1,1,1,1,1,1,1
"Sistem, müşterilerin bir film için ön ödemeli kartla ödeme yapmasına izin verecektir", 1,1,1,1,1,1,1,1,1
"Web sitesi, müşterilerin $5, $10 veya $20 değerinde ön ödemeli kartları kredi kartı veya posta ile ödeme seçeneğiyle satın almasına izin verecektir", 1,1,1,1,1,1,1,1,1
"Sistem, web sitesinin ana sayfasını her Cuma otomatik olarak güncelleyecek ve eklenen 4 en son filmi gösterecektir", 1,1,1,1,1,1,1,1,1
"Sistem, kullanıcıların web sitesindeki “Hesabım” bölümü üzerinden fatura ve iletişim bilgilerini güncellemesine izin verecektir", 1,1,1,1,1,1,1,1,1
"Ön ödemeli kartlar e-posta veya basılı kart yoluyla dağıtılacaktır", 1,1,1,1,1,1,1,1,1
"Sadece kayıtlı müşteriler streaming filmleri satın alabilir", 1,1,1,1,1,1,1,1,1
"Müşteri bir filmi satın aldıysa ve 2 günlük izleme süresi içindeyse, film akışı yapılabilir", 1,1,1,1,1,1,1,1,1
"Web sitesi, Izogn Yöneticisi tarafından belirlenen çeşitli parametrelerle ücretsiz deneme sürelerini destekleyebilmelidir", 1,1,1,1,1,1,1,1,1
"Tüm streaming film satışları veritabanında kaydedilecek ve yönetici tarafından erişilebilir olacaktır", 1,1,1,1,1,1,1,1,1
"Tüm kayıtlı müşteri bilgileri, müşteri hesabını iptal etse bile veritabanında saklanacak ve korunacaktır", 1,1,1,1,1,1,1,1,1
"Günlük kullanım istatistikleri kaydedilecek ve yönetici tarafından erişilebilir olacaktır", 1,1,1,1,1,1,1,1,1
"Sahip, tüm streaming filmlere ücretsiz erişime sahip olacaktır", 1,1,1,1,1,1,1,0,1
"Toplam lead döngü süresi, iş saatlerinde (%90 lead hacmi için 8AM-8PM CST) 5 dakika, iş dışı saatlerde (%99 lead hacmi için) 3 dakika içinde tamamlanmalıdır", 1,1,1,1,1,1,1,0,1
"Hiçbir lead değerlendirmesi, işlenen tüm leadlerin %97’si için 25 saniyeden uzun sürmeyecektir", 1,1,1,1,1,1,1,0,1
"25 saniyeden uzun süren leadler için sistem olayı ve süreyi kaydedecektir", 1,1,1,1,1,1,1,1,1
"Süreç, bir leadin toplam yaşam döngüsünde 3 dakika içinde atanacağı Auto Rep Assignment işleminde belirtilen işlem süresi koşullarına uymalıdır", 1,1,1,1,1,1,1,0,1
"Lead yıkama süreci, belirlenen fiziksel web servis yapısı içinde çalışacaktır", 1,1,1,1,1,1,1,1,1
"Yıkama süreci, lead verilerini alırken ve işlerken bağlayıcı olmayan nötr bir veri formatı (ör. XML) kullanmalıdır", 1,1,1,1,1,1,1,1,1
"Hata raporları, teknik birimler için 7/24 erişilebilir olacaktır", 1,1,1,1,1,1,1,0,1
"Yıkama parametreleri, planlı bakım saatlerinde güncellenecektir", 1,1,1,1,1,1,1,1,1
"Satıcı geçersiz leadi doğrulayacaktır", 1,1,1,1,1,1,1,1,1
"Satıcı, kurumsal faturalama sistemine uygulanacak bir kredi doğrulama kaydı gönderecektir", 1,1,1,1,1,1,1,1,1
"Bir lead yüksek skora sahipse, sistem lead verilerini ve skorunu kurumsal sisteme sağlayacaktır", 1,1,1,1,1,1,1,1,1
"Lead yıkama işlevi, web servisi tarafından alınan tüm leadleri geçerli veri açısından doğrulayacaktır", 1,1,1,1,1,1,1,1,1
"Lead yıkama işlevi, web servisi tarafından yakalanan tüm leadleri sisteme ekleyecektir", 1,1,1,1,1,1,1,1,1
"Lead skoru yüksek ortalama aralığında ise, ARA işlevi tarafından işlenecektir", 1,1,1,1,1,1,1,0,1
"Lead skoru orta ortalama aralığında ise, eleads sistemi üzerinden bir Kayıt Koordinatörü tarafından manuel doğrulama için ayarlanacaktır", 1,1,1,1,1,1,1,0,1
"Lead skoru düşük ortalama aralığında ise, sağlayan satıcıya iade edilecektir", 1,1,1,1,1,1,1,0,1
"Lead yıkama işlevi, hem iletişim hem akademik skor bilgilerini toplam skor için derleyecektir", 1,1,1,1,1,1,1,1,1
"Lead yıkama işlevi, leadin bir kısmını puanlamak için kurumsal ve okul tarafından sağlanan parametreleri kullanacaktır", 1,1,1,1,1,1,1,1,1
"Lead yıkama işlevi, sağlayıcıya iade edilen lead verilerini ve reddedilme nedenini döndürecektir", 1,1,1,1,1,1,1,1,1
"Lead yıkama işlevi, lead veri parametrelerinin yönetilebileceği bir arayüze sahip olacaktır", 1,1,1,1,1,1,1,1,1
"Lead yıkama işlevi, kullanıcıların parametre güncellemeleri yapma yetkilerini ve kimlik doğrulamasını doğrulayacaktır", 1,1,1,1,1,1,1,1,1
"Lead yıkama işlevi, kurumsal sistemden döndürülen potansiyel lead tekrarlarını saklayacaktır", 1,1,1,1,1,1,1,1,1
"Lead kurumsal sisteme gönderilmeden önce, lead bir kabul temsilcisine atanacaktır", 1,1,1,1,1,1,1,1,1
"Lead yıkama işlevi, kurumsal sistemden mevcut temsilcilerin periyodik listesini alacaktır", 1,1,1,1,1,1,1,0,1
"Ürün, denizde gemilerin görünümünü simüle edecektir", 1,1,0,1,1,1,1,0,0
"Ürün, periskop görünümü ile bir daire içinde ızgaraları gösterecektir", 1,1,0,1,1,1,1,0,0
"Ürün, her gemi türünü, o gemi türünün resmi ile ızgarada gösterecektir", 1,1,0,1,1,1,1,0,0
"Saldırgan oyuncu ateş ettiğinde, ürün denizde gemi sesini simüle edecektir", 1,1,0,1,1,1,1,0,0
"Ateş kaçırıldığında, ürün hedefi ıskalama sesini simüle edecektir", 1,1,0,1,1,1,1,0,0
"Ateş isabet ettiğinde, ürün hedefe çarpma sesini simüle edecektir", 1,1,0,1,1,1,1,0,0
"Bir gemi battığında, ürün batma sesini simüle edecektir", 1,1,0,1,1,1,1,0,0
"Ürün, günde 24 saat, haftada 7 gün erişilebilir olacaktır", 1,1,1,1,1,1,1,1,1
"Ürün, eşzamanlı olarak çok sayıda oyunu destekleyebilecektir", 1,1,1,1,1,1,1,1,1
"Yanıt süresi, oyunun akışını koruyacak kadar hızlı olmalıdır; yanıt süresi %95 için 2 saniyeyi, kalan %5 için 4 saniyeyi geçmeyecektir", 1,1,1,1,1,1,1,1,1
"Ürün, oyuncuların kimliğini koruyacaktır; oyuncular başka bir oyuncunun kimliğini açığa çıkaracak bilgiye erişemeyecektir", 1,1,1,1,1,1,1,1,1
"Ürün, sezgisel ve kendini açıklayan olmalıdır; 10 kullanıcıdan 9’u herhangi bir eğitim olmadan oyunu tamamlayabilmelidir", 1,1,1,1,1,1,1,1,1
"Ürün, İngilizce, İspanyolca ve Fransızca bilen oyuncular için erişilebilir olmalıdır; kullanıcı ürüne erişirken dili seçebilmelidir", 1,1,1,1,1,1,1,1,1
"Ürün, oyuncuların başka bir oyuncunun kimliğini açığa çıkaracak bilgiye erişmesini engelleyecektir", 1,1,1,1,1,1,1,1,1
"Ürün, oyuncu listesini tutacaktır", 1,1,1,1,1,1,1,1,1
"Ürün, kullanıcının kendini oyuncu olarak tanımlamasına izin verecektir", 1,1,1,1,1,1,1,1,1
"Bir oyun başlatıldığında, ürün oyuna atanan oyuncuları oyuncu listesinden seçilemez hâle getirecektir", 1,1,1,1,1,1,1,1,1
"Ürün, kullanıcının istediği zaman kendini oyuncu listesinden çıkarmasına izin verecektir", 1,1,1,1,1,1,1,1,1
"Ürün, aktif olmayan oyuncuları oyuncu listesinden seçilemez hâle getirecektir", 1,1,1,1,1,1,1,1,1
"Ürün, 24 saat boyunca aktif olmayan oyuncuları oyuncu listesinden kaldıracaktır", 1,1,1,1,1,1,1,1,1
"Ürün, bir oyuncunun, listeden başka bir mevcut oyuncuyu seçerek oyunu başlatmasına izin verecektir", 1,1,1,1,1,1,1,1,1
"Oyun başlatıldığında, ürün her oyuncuya bir savunma ızgarası gösterecektir", 1,1,0,1,1,1,1,0,0
"Ürün, bir oyuncunun diğer oyuncunun saldırı veya savunma ızgaralarını görmesini engelleyecektir", 1,1,1,1,1,1,1,1,1
"Oyun başlatıldığında, ürün her oyuncunun 5 gemisini kendi savunma ızgarasına yerleştirmesine izin verecektir", 1,1,1,1,1,1,1,1,1
"Ürün, bir oyuncunun gemilerini ızgarada yatay olarak yerleştirmesine izin verecektir", 1,1,1,1,1,1,1,1,1
"Ürün, bir oyuncunun gemilerini ızgarada dikey olarak yerleştirmesine izin verecektir", 1,1,1,1,1,1,1,1,1
"Ürün, bir oyuncunun gemilerini ızgarada çapraz olarak yerleştirmesine izin verecektir", 1,1,1,0,1,1,1,0,0
"Ürün, bir oyuncunun ızgarasında gemilerin üst üste gelmesini engelleyecektir", 1,1,1,1,1,1,1,1,1
"Her iki oyuncu da 5 gemisini savunma ızgarasına yerleştirdiğinde, ürün her oyuncunun ilk tur durumunu belirleyecektir", 1,1,1,1,1,1,1,1,1
"Her turda, ürün bir oyuncuyu saldırı durumunda, bir oyuncuyu savunma durumunda olarak belirleyecektir", 1,1,1,1,1,1,1,1,1
"Ürün, her oyuncunun tur boyunca durumunu (saldırı veya savunma) koruyacaktır", 1,1,1,1,1,1,1,1,1
"Her turun başında, ürün her oyuncuya durumunu bildirecektir", 1,1,1,1,1,1,1,1,1
"Her tur için, ürün saldırı oyuncusunun bir atış tanımlamasına izin verecektir", 1,1,1,1,1,1,1,1,1
"Her atış için, ürün savunma oyuncusunun ızgarasını inceleyerek atışın isabet veya kaçırma olduğunu belirleyecektir", 1,1,1,1,1,1,1,1,1
"Her atış için, ürün oyunculara atışın isabet veya kaçırma olduğunu bildirecektir", 1,1,1,1,1,1,1,1,1
"Her atış için, ürün savunma oyuncusunun ızgarasında atışı isabet veya kaçırma olarak işaretleyecektir", 1,1,1,1,1,1,1,1,1
"Her atış için, ürün saldırı oyuncusunun ızgarasında atışı isabet veya kaçırma olarak işaretleyecektir", 1,1,1,1,1,1,1,1,1
"Atış bir gemiyi batırırsa, ürün oyunculara geminin battığını bildirecektir", 1,1,1,1,1,1,1,1,1
"Atış bir gemiyi batırırsa, ürün savunma oyuncusunun ızgarasında gemiyi batık olarak işaretleyecektir", 1,1,1,1,1,1,1,1,1
"Atış bir gemiyi batırırsa, ürün savunma oyuncusunun ızgarasında batırılan geminin türünü gösterecektir",1,1,0,1,1,1,1,0,0
"Atış bir gemiyi batırırsa, ürün saldırı oyuncusunun ızgarasında gemiyi batık olarak işaretleyecektir",1,1,1,1,1,1,1,1,1
"Atış isabet olarak işaretlendiyse, ürün saldırı oyuncusunun bir sonraki atışı tanımlamasına izin verecektir",1,1,1,1,1,1,1,1,1
"Atış kaçırılmışsa, ürün saldırı oyuncusunun durumunu savunma olarak değiştirecektir",1,1,1,1,1,1,1,1,1
"Atış kaçırılmışsa, ürün savunma oyuncusunun durumunu saldırı olarak değiştirecektir",1,1,1,1,1,1,1,1,1
"Ürün, oyun bitene kadar sıra atamalarına devam edecektir",1,1,1,1,1,1,1,1,1
"Ürün, saldırı oyuncusunun bir atışı ile savunma oyuncusunun son gemisi batarsa oyunu sonlandıracaktır",1,1,1,1,1,1,1,1,1
"Ürün, oyuncuların istediği zaman oyunu sonlandırmasına izin verecektir",1,1,1,1,1,1,1,1,1
"Oyun sona erdiğinde, ürün oyunculara oyunun bittiğini bildirecektir",1,1,1,1,1,1,1,1,1
"Oyun sona erdiğinde bildirim, oyunun neden bittiğini (ör. bir oyuncu kazandı veya bir oyuncu oyunu sonlandırdı) içerecektir",1,1,1,1,1,1,1,1,1
"Oyun sona erdiğinde, ürün her oyuncunun kendini oyuncu listesinde mevcut olarak tanımlamasına izin verecektir",1,1,1,1,1,1,1,1,1
"Oyun sona erdiğinde, ürün her oyuncunun kendini oyuncu listesinden çıkarmasına izin verecektir",1,1,1,1,1,1,1,1,1
"Sistem, arayanlar ve süpervizörler tarafından kolay kullanılabilir olmalıdır; tüm görevler 2 dakika içinde tamamlanabilmelidir",1,1,1,1,1,1,1,1,1
"Sistem, arayanlar ve süpervizörler tarafından kolay öğrenilebilir olmalıdır; 10 dakika içinde sistemin kullanımı öğrenilmelidir",1,1,1,1,1,1,1,1,1
"Sistem yanıt verebilir olmalıdır; DePaul TeleServices Merkezinde süpervizör arayanın programını görüntülerken yanıt süresi %90 için 2 saniyeyi, kalan %10 için 5 saniyeyi geçmemelidir",1,1,1,1,1,1,1,1,1
"56k bağlantıda tüm işlemler için sistem yanıt süresi %90 için 6 saniyeyi geçmemelidir",1,1,1,1,1,1,1,1,1
"112k veya daha hızlı bağlantıda tüm işlemler için sistem yanıt süresi %90 için 3 saniyeyi geçmemelidir",1,1,1,1,1,1,1,1,1
"Sistem, yılın her günü yüksek erişilebilirliğe sahip olmalıdır; 12:00AM-6:00PM arası kullanılabilir olmalıdır",1,1,1,1,1,1,1,1,1
"Sistem, yılın her günü 7:00AM-11:59PM arası kullanılabilir olmalıdır",1,1,1,1,1,1,1,1,1
"Ürün, tarayıcıdan bağımsız çalışmalıdır; Internet Explorer ve Netscape Navigator üzerinde çalışabilmelidir",1,1,1,1,1,1,1,1,1
"Sistem, yalnızca süpervizörlerin boş zamanları ilan edebileceğini sağlamalıdır",1,1,1,1,1,1,1,1,1
"Ürün yalnızca süpervizörlerin arayanın programını girebilmesini sağlamalıdır; süpervizörler boş zaman ilanlarına erişebilmelidir",1,1,1,1,1,1,1,1,1
"Ürün yalnızca süpervizörlerin tüm arayanların programlarını görüntüleyebilmesini sağlamalıdır; süpervizörler boş zaman ilanlarına erişebilmelidir",1,1,1,1,1,1,1,1,1
"Arayüz basit görünüme sahip olmalıdır; arayüz ve kullanılabilirlik anketinde %90 beta testçisi arayüzün yeterince basit olduğunu bildirmelidir",1,1,1,1,1,1,1,1,1
"Arayüz, arayanlar ve süpervizörler için çekici olmalıdır; arayüz ve kullanılabilirlik anketinde %80 beta testçisi arayüzü çekici bulmalıdır",1,1,1,1,1,1,1,1,1
"Ürün GUI tabanlı İzleme Hizmetleri sağlamalıdır; sistem yöneticileri mesaj alışverişini izleyebilmeli, sorunları tahmin edip belirleyebilmeli ve iç/dış destek sağlayabilmelidir",1,1,1,1,1,1,1,0,1
"Ürün Chicago Şehir Uygulama Geliştirme Rehberi Çerçevesine uymalıdır; yapılandırılmış GUI sağlamalıdır",1,1,1,1,1,1,1,0,1
"Ürün İzleme Hizmetleri sağlamalıdır; sistem yöneticileri ve DBA’lar 2 haftalık kullanım sonrası kolayca kullanabilmelidir",1,1,1,1,1,1,1,0,1
"Ürün Hata Takip Hizmetleri sağlamalıdır; sistem yöneticileri ve DBA’lar işlem hatalarını %99 doğrulukla çözebilmelidir",1,1,1,1,1,1,1,0,1
"Ürün Portallar sağlamalıdır; sistem yöneticileri işlemleri ad-hoc raporlama ve KPI’lar ile analiz edebilmelidir",1,1,1,1,1,1,1,0,1
"Ürün Asenkron Mesajlaşma sağlamalıdır; paralel işlem yapılmasını ve iletişim yükünü azaltmalıdır",1,1,1,1,1,1,1,0,1
"Ürün Çoklu-iş parçacığı ve Yük Dengeleme sağlamalıdır; veri yükü ve trafik dalgalanmalarını yönetmelidir",1,1,1,1,1,1,1,0,1
"Ürün mesajları 2 saniye içinde işlemelidir; maksimum mesaj işleme süresi 2 saniye olmalıdır",1,1,1,1,1,1,1,1,1
"Ürün sistemi her saniye mesaj için kontrol etmelidir; en fazla her 1 saniye yeni mesajlar kontrol edilmelidir",1,1,1,1,1,1,1,0,1
"Ürün Dinamik Değişim Desteği ve Şeffaf Kaynak ekleme sağlamalıdır; 1 günden fazla kesinti olmadan ölçeklenebilirlik sağlamalıdır",1,1,1,1,1,1,1,0,1
"Ürün %99 kullanılabilir olmalıdır; en yoğun müşteri hizmeti dönemlerinde hizmet kesintilerini önlemek için; normal iş günlerinde %99,99 kullanılabilir olmalıdır",1,1,1,1,1,1,1,0,1
"Ürün dayanıklı olmalıdır; standartlara uygun hata önleme tekniklerini kullanmalıdır",1,1,1,1,1,1,1,0,1
"Ürün dayanıklı ve hata toleranslı olmalıdır; kurtarma teknikleri, telafi edici işlemler ve yönlendirme ile hata toleransı sağlamalıdır",1,1,1,1,1,1,1,0,1
"Ürün tüm işlemleri işleyebilmelidir; yılda minimum 1 milyon işlem işlenmelidir",1,1,1,1,1,1,1,1,1
"Ürün platform bağımsız olmalıdır; herhangi bir geliştirme ortamı ve platforma erişim sağlamalıdır",1,1,1,1,1,1,1,1,1
"Ürün CSR ve Datastream ile arayüz sağlamalıdır; iki sistem arasında doğrudan arayüz olmadan mesaj alışverişi gerçekleştirmelidir",1,1,1,1,1,1,1,0,1
"Ürün yükseltme, değişiklik veya yeni kaynak eklenmesi sırasında çalışmaya devam etmelidir; hizmet kesintisi olmadan çalışabilmelidir",1,1,1,1,1,1,1,0,1
"Ürün düzenli olarak güncellenmelidir; her altı ayda bir yeni ana özellik ve her altı ayda bir çeyreklik bakım sürümleri sunulacaktır",1,1,1,1,1,1,1,0,1
"Ürün her platformda çalışabilmelidir; yeni teknolojiler mimari değişiklik gerektirmeden uygulanabilmelidir",1,1,1,1,1,1,1,0,1
"Ürün güvenliğe sahip olmalıdır; kimlik doğrulama ve yetkilendirme sağlamalıdır",1,1,1,1,1,1,1,1,1
"Ürün bilgi güvenliğine sahip olmalıdır; şifreleme, WS-Security ve bütünlük kontrolleri ile gizliliği sağlamalıdır",1,1,1,1,1,1,1,1,1
"Ürün denetim yeteneklerine sahip olmalıdır; mesajları en az bir yıl süreyle saklayarak denetim ve işlem takibi sağlamalıdır",1,1,1,1,1,1,1,1,1
"Sistem IBM ve CCR marka standartlarını kullanmalıdır; arayüzde bir IBM ve bir CCR logosu bulunmalıdır",1,1,1,1,1,1,1,0,1
"Sistem herhangi bir CCR kullanıcısının çalışabileceği bilgisayarda görüntülenebilir olmalıdır; arayüz 800x600 çözünürlükte formatlanmalıdır",1,1,1,1,1,1,1,0,1
"Sistem arayüzü CCR isimlendirmesini kullanmalıdır; mevcut WCS sistemi ve raporlarında kullanılan aynı isimlendirme kullanılmalıdır",1,1,1,1,1,1,1,0,1
"Arayüz, CCR yönetimi için çekici bir şekilde veri özetlemelidir; her rapor türü sonuç panelinde en az bir üst düzey özet göstermelidir",1,1,1,1,1,1,1,0,1
"Sistem nokta ve tıklama arayüzü kullanmalıdır; tüm seçim ve navigasyon fonksiyonları fare veya klavye ile %100 erişilebilir olmalıdır",1,1,1,1,1,1,1,1,1
"Arayüz kullanımı kolay olmalıdır; kullanıcıların %90’ı ilk kullanımda rapor üretebilmelidir, IBM kullanılabilirlik standartlarına uymalıdır",1,1,1,1,1,1,1,1,1
"Raporlar kolay üretilmelidir; bir buton tıklamasıyla oluşturulmalı ve bir buton tıklamasıyla dışa aktarılabilmelidir",1,1,1,1,1,1,1,1,1
"Kullanıcı kısa sürede talimat olmadan sistemi kullanabilmelidir; bir kullanım sonrası sistemin %90’ı anlaşılabilir ve hatırlanabilir olmalıdır",1,1,1,1,1,1,1,1,1
"Tüm CCR kullanıcıları WCS sistemi dağıtılmadan önce eğitim almalıdır; bir eğitim oturumu tüm kullanıcıları kapsamalıdır",1,1,1,1,1,1,1,1,1
"WCS sistemi uygun terminoloji ve isimlendirmeyi kullanmalıdır; tüm arayüz ve raporlar CCR kullanıcıları tarafından kullanılabilirlik testlerinden geçmelidir,"1,1,1,1,1,1,1,1,1
"WCS sistemi her zaman kullanılabilir olmalıdır; IBM iç intraneti W3 erişilebilir olduğu sürece %95 kullanılabilirlik sağlanmalıdır",1,1,1,1,1,1,1,0,1
"WCS sistemi diğer belirlenmiş WCS veritabanlarına bağlanabilmelidir",1,1,1,1,1,1,1,1,1
"WCS sistemi ABD dışındaki bölgelerden veri dahil edebilmeli ve CCR yönetimi onaylarsa ABD dışından erişilebilmelidir",1,1,1,1,1,1,1,0,1
"WCS sistemi Windows ortamında çalıştırılabilmelidir; IBM bilgisayarlarında Windows 2000 veya üzeri ile Internet üzerinden erişim sağlanmalıdır",1,1,1,1,1,1,1,0,1
"WCS sisteminin Brio kısmı, dosyaları Microsoft Excel ve Lotus 1-2-3 formatlarında dışa aktarabilmelidir; arayüzde .xls veya .123 formatında rapor üreten butonlar olmalıdır",1,1,1,1,1,1,1,0,1
"WCS sistemi, CCR kullanıcılarına sunulan verileri güncellemek için belirli bir günde WCS veritabanlarına sorgular çalıştırmalıdır; dış veritabanlarına veri yenileme için haftada bir kez sorgu yapılmalıdır",1,1,1,1,1,1,1,0,1
"WCS sistemindeki tüm değişiklikler, güncellemeler ve eklemeler WCS Geliştirici ve WCS Kullanıcı Kılavuzlarına yansıtılmalıdır; her değişiklik sistem dokümantasyonunda yer almalıdır",1,1,1,1,1,1,1,0,1
"Sistem yalnızca yetkili CCR çalışanları tarafından erişilebilir olmalıdır; kullanıcılar IBM intranet kullanıcı adı ve şifresi ile doğrulanmalıdır",1,1,1,1,1,1,1,1,1
"WCS sistemi, herhangi bir kullanıcı için otomatik girişe izin vermemelidir; kullanıcı bilgisayarında WCS giriş bilgilerini içeren çerezler saklanmayacaktır",1,1,1,1,1,1,1,1,1
"Her takım sahibi, takım sahibi sayfasına erişebilmek için kullanıcı adı ve şifre kullanarak doğrulanmalıdır",1,1,1,1,1,1,1,1,1
"Komiser, lig ayarlarını düzenleyebilecek tek yetkili kullanıcı olacaktır",1,1,1,1,1,1,1,1,1
"Her sayfa, mevcut sayfanın bulunduğu dizini gösteren bir navigasyon menüsü içermelidir",1,1,1,1,1,1,1,0,1
"Her sayfa, eylem öğelerinin bir konumda ve navigasyon düğmelerinin başka bir konumda yer aldığı benzer bir format içermelidir",1,1,1,1,1,1,1,0,1
"Mesaj panosu, lig sayfasında en son gönderilen 5 mesajı içermelidir; mesajlar mesajın ilk 150 karakterine kadar içeriği göstermelidir",1,1,1,1,1,1,1,0,1
"Yeni bir kullanıcı, başlatma sayfasına ulaştıktan sonraki 30 saniye içinde lig ve takım sayfalarında gezinmelidir",1,1,1,1,1,1,1,1,1
"Kullanıcılar, takım sahibi sayfasından “ekle”, “çıkar” ve “takas oyuncu” sayfalarına tek tıklamayla erişebilmelidir",1,1,1,1,1,1,1,1,1
"Kullanıcılar, her sayfada en az 25 NFL oyuncu istatistiği ve puanlarını görüntüleyebilmelidir",1,1,1,1,1,1,1,1,1
"Uygulama, oyuncuyu çıkarmadan veya takas etmeden önce kullanıcıdan onay almalıdır",1,1,1,1,1,1,1,1,1
"Uygulama, her kullanıcı işlemini ağı üzerinden alınan isteğin dörtte biri saniye içinde tamamlayabilmelidir",1,1,1,1,1,1,1,1,1
"Uygulamanın yıllık maksimum kesinti süresi 10 dakika olmalıdır",1,1,1,1,1,1,1,0,1
"Uygulama bir web uygulama sunucusunda çalıştırılmalıdır",1,1,1,1,1,1,1,0,1
"Disputes uygulamasında bir ekrandan diğerine geçişte maksimum bekleme süresi 5 saniyeyi geçmemelidir",1,1,1,1,1,1,1,1,1
"Disputes uygulaması, 350 eş zamanlı kullanıcıyı performans düşüşü olmadan desteklemelidir",1,1,1,1,1,1,1,1,1
"Disputes uygulaması 24x7x365 kullanılabilir olmalıdır; planlı bakım saatleri dışında, Pazartesi-Cumartesi 03:00-04:00 EST ve Pazar 01:00-05:00 EST",1,1,1,1,1,1,1,0,1
"Disputes uygulaması, Statement Database ile arayüz oluşturmalıdır; tüm işlem detayları Statement Database’den alınmalıdır",1,1,1,1,1,1,1,0,1
"Aktif kullanıcılar için önbelleğe alınan verileri depolamak üzere bir birincil veritabanı kullanılacaktır",1,1,1,1,1,1,1,0,1
"Sistem %95 uptime sağlamalıdır",1,1,1,1,1,1,1,0,1
"Sistem profesyonel bir görünüme sahip olmalıdır",1,1,1,1,1,1,1,0,1
"Ürün tutarlı bir renk şeması ve yazı tiplerine sahip olmalıdır",1,1,1,1,1,1,1,0,1
"Sistem, emlakçılar tarafından herhangi bir eğitim almadan kullanılabilmelidir",1,1,1,1,1,1,1,0,1
"Sistem sezgisel ve kendini açıklayıcı olmalıdır",1,1,1,1,1,1,1,0,1
"Ürün, bir emlakçı için öğrenmesi kolay olmalıdır",1,1,1,1,1,1,1,0,1
"Ürün, emlakçı topluluğu tarafından doğal olarak anlaşılabilir semboller ve kelimeler kullanmalıdır",1,1,1,1,1,1,1,0,1
"Ürün, arama sonuçlarını kabul edilebilir bir sürede üretmelidir",1,1,1,1,1,1,1,0,1
"Arama sonuçları, kullanıcı arama kriterini girdikten sonra en geç 30 saniye içinde döndürülmelidir",1,1,1,1,1,1,1,1,1
"Ürün, CMA raporunu kabul edilebilir bir sürede oluşturmalıdır",1,1,1,1,1,1,1,0,1
"CMA raporu, kullanıcı CMA rapor kriterini girdikten sonra en geç 60 saniye içinde döndürülmelidir",1,1,1,1,1,1,1,1,1
"Ürün, kişi ve randevu senkronizasyonunu kabul edilebilir bir sürede gerçekleştirmelidir",1,1,1,1,1,1,1,0,1
"Ürün, ofis sistemi ile her saat senkronize olmalıdır",1,1,1,1,1,1,1,1,1
"Ürün, 24 saat/365 gün kullanılabilir olmalıdır",1,1,1,1,1,1,1,0,1
"1000 erişimden sistem 999 kez kullanılabilir olmalıdır",1,1,1,1,1,1,1,1,1
"Ürün, internet bağlantısı yokken çevrimdışı modda çalışabilmelidir",1,1,1,1,1,1,1,1,1
"Ürün, kullanıcıya daha önce indirilen arama sonuçlarını, CMA raporlarını ve randevuları görüntüleme imkanı sunmalıdır",1,1,1,1,1,1,1,1,1
"Ürün, bir arıza durumunda kullanıcı tercihlerini saklamalıdır",1,1,1,1,1,1,1,1,1
"Kaydedilen kullanıcı tercihlerinin %100’ü sistem çevrimiçi olduğunda geri yüklenmelidir",1,1,1,1,1,1,1,1,1
"Ürün, birden fazla uzak kullanıcıyı destekleyebilmelidir",1,1,1,1,1,1,1,0,1
"Ürün, aynı anda 1000 kullanıcıyı destekleyebilmelidir",1,1,1,1,1,1,1,0,1
"Ürün, mevcut 1000 kullanıcıyı destekleyebilmeli; bu sayının gelecek yıl içinde 5 katına çıkması beklenmektedir",1,1,1,1,1,1,1,0,1
"Ürün, eğitimsiz bir emlakçı tarafından, basılı talimatlara başvurmadan kurulabilmelidir",1,1,1,1,1,1,1,0,1
"Eğitimsiz emlakçıların %90’ı, ürünü cihazlarına basılı talimat olmadan kurabilmelidir",1,1,1,1,1,1,1,1,1
"Ürünün Windows CE ve Palm işletim sistemlerinde çalışması beklenmektedir",1,1,1,1,1,1,1,0,1
"Sisteme yalnızca kayıtlı emlakçılar erişebilmelidir",1,1,1,1,1,1,1,1,1
"Sistemin her kullanıcısı doğrulanmış ve yetkilendirilmiş olmalıdır",1,1,1,1,1,1,1,1,1
"Ürün, yanlış veri girişini önlemelidir",1,1,1,1,1,1,1,1,1
"Sistem, bir emlak danışmanının MLS bilgilerini sorgulamasına izin vermelidir",1,1,1,1,1,1,1,0,1
"Kullanıcı, seçilen mülk için yol tarifi alabilmelidir",1,1,1,1,1,1,1,0,1
"Kullanıcı, müşteriler için randevuları ve iletişim bilgilerini indirebilmelidir",1,1,1,1,1,1,1,0,1
"Sistem, arama sonuçlarında net mülk görselleri göstermelidir",1,1,1,1,1,1,1,0,1
"Sistem, mesai saatleri boyunca tüm kullanıcı taleplerini/işlemlerini karşılayabilmelidir",1,1,1,1,1,1,1,0,1
"Sistem, 9:00–17:00 saatleri arasında aynı anda 10 kullanıcıyı destekleyebilmelidir",1,1,1,1,1,1,1,0,1
"Sistem, önümüzdeki 10 yıl boyunca tüm hemşirelik öğrencilerini ve sınıflarını işleyebilmelidir",1,1,1,1,1,1,1,0,1
"Sistem, hemşirelik programı müfredatı ve sınıf/klinik planlamasını en az 5 yıl yönetebilmelidir",1,1,1,1,1,1,1,0,1
"Sistem, DePaul Üniversitesi Hemşirelik Departmanı’nda tipik bir ofis ortamında çalışabilmelidir",1,1,1,1,1,1,1,0,1
"Sistem, Program Yöneticileri/Hemşirelik Personeli tarafından kullanılan bilgisayarların tanımladığı spesifikasyonlara uygun şekilde kullanılmalıdır",1,1,1,1,1,1,1,0,1
"İkincil bir veritabanı, geçmiş istatistik ve verileri depolamak için kullanılacaktır",1,1,1,1,1,1,1,0,1
"Sistem, satıcı veya alıcıyı arayarak randevu planlamasına izin vermelidir",1,1,1,1,1,1,1,0,1
"Randevu sisteminin ofis sistemiyle otomatik senkronizasyonunun ardından, emlakçı yeni müşteri randevularından haberdar olmalıdır",1,1,1,1,1,1,1,0,1
"Emlakçı, belirli bir alan için mülk konumlarını gösteren haritayı alabilmelidir",1,1,1,1,1,1,1,0,1
"Sistem, satıcı veya alıcının randevu talebine yanıt verdiğinde emlakçıya bildirim göndermelidir",1,1,1,1,1,1,1,0,1
"Ürün, kullanıcıya mülk arama sonuçlarını kaydetme imkanı sağlamalıdır",1,1,1,1,1,1,1,0,1
"Sistem, Program Yöneticileri/Hemşirelik Personeli tarafından kolayca kullanılabilir olmalıdır",1,1,1,1,1,1,1,0,1
"Tüm kullanıcılar, bir günlük eğitim sonrası sistemi kullanabilmelidir",1,1,1,1,1,1,1,0,1
"Sistem, hemşirelik öğrencileri için ders ve klinik planlamasında hata yapmayı önlemeye yardımcı olmalıdır",1,1,1,1,1,1,1,0,1
"Öğrenciler tarafından kaydedilen hata sayısı, ilk yıl %50 azaltılmalıdır",1,1,1,1,1,1,1,0,1
"Sistem, Program Yöneticileri/Hemşirelik Personeli için sezgisel olmalıdır",1,1,1,1,1,1,1,0,1
"3 program yöneticisi/hemşirelik personelinden 2’si, sınıf ve klinik planlamasını yönetmek için sistemi başarılı bir şekilde kullanabilmelidir",1,1,1,1,1,1,1,0,1
"Sistem, kullanıcı topluluğu tarafından doğal olarak anlaşılabilen sembol ve kelimeleri kullanmalıdır",1,1,1,1,1,1,1,0,1
"Sistem içindeki ifadeler, Standart İngilizce ve ulusal Hemşirelik Topluluğu terminolojisine uygun olmalıdır",1,1,1,1,1,1,1,0,1
"Personel, bir görev setini zamanında tamamlayabilmelidir",1,1,1,1,1,1,1,0,1
"Genel öğrenci yönetim görevlerinin yanıt süresi 5 saniyeyi geçmemeli ve plan oluşturma süresi 30 saniyeyi geçmemelidir",1,1,1,1,1,1,1,0,1
"Sistem, 8:00–18:00 saatleri arasında kullanılabilir olmalıdır",1,1,1,1,1,1,1,0,1
"Sistem, Windows XP Professional işletim sistemi içinde çalışabilmelidir",1,1,1,1,1,1,1,0,1
"Sistem, CampusConnect’in merkezi sunucusuyla arayüz oluşturabilmelidir",1,1,1,1,1,1,1,0,1
"Sistem, fakülte merkezi sunucusuyla arayüz oluşturabilmelidir",1,1,1,1,1,1,1,0,1
"Sistem, öğrenci ana sunucusuyla arayüz oluşturabilmelidir",1,1,1,1,1,1,1,0,1
"Herhangi bir HTML tarayıcıyla arayüz oluşturabilmeliyiz",1,1,1,1,1,1,1,0,1
"Sadece yetkili kullanıcılar klinik site bilgilerine erişebilmelidir",1,1,1,1,1,1,1,0,1
"Program Yöneticileri/Hemşirelik Personeli, klinik site detaylarına erişebilen tek kişiler olmalıdır",1,1,1,1,1,1,1,0,1
"Sadece yetkili kullanıcılar öğrencilerin kişisel bilgilerine erişebilmelidir",1,1,1,1,1,1,1,0,1
"Dr Susan Poslusny ve Dr Julie Donalek, öğrencilerin kişisel bilgilerine erişebilen tek kişiler olmalıdır",1,1,1,1,1,1,1,0,1
"Sadece yetkili kullanıcılar, CampusConnect ile arayüz oluşturan sistem kısmına erişebilmelidir",1,1,1,1,1,1,1,0,1
"Fit kriteri: Dr Susan Poslusny ve Karen Sysol, CampusConnect ile arayüz oluşturan sistem için final sınıf bölüm planlamasına erişebilen tek kişiler olmalıdır",1,1,1,1,1,1,1,0,1
"Sistem, yanlış veya geçersiz veri giriş olasılığını azaltmak için temel veri bütünlüğü denetimi sağlamalıdır",1,1,1,1,1,1,1,0,1
"Sistem, özel bilgileri organizasyonun bilgi politikası doğrultusunda korumalıdır",1,1,1,1,1,1,1,0,1
"Sistem, kötü niyetli müdahalelerden mümkün olduğunca güvenli olacak şekilde tasarlanmalıdır",1,1,1,1,1,1,1,0,1
"Sistem, kendini tehditlerden izlemek için organizasyonun standart antivirüs yazılımını kullanmalıdır",1,1,1,1,1,1,1,0,1
"Bir kohort, bölüm tarafından sunulan tek bir Program of Study ile ilişkilendirilmelidir",1,1,1,1,1,1,1,0,1
"Program Yöneticileri ve Hemşirelik Personeli, bir kohorta öğrenci listesi ekleyebilmelidir",1,1,1,1,1,1,1,0,1
"Program Yöneticileri ve Hemşirelik Personeli, bir kohorta tek bir öğrenci ekleyebilmelidir",1,1,1,1,1,1,1,0,1
"Kohorta eklenen öğrenciler, kohortun Program of Study’sine uygun olmalıdır",1,1,1,1,1,1,1,0,1
"Program Yöneticileri ve Hemşirelik Personeli, belirli bir kohort için tercih edilen ders sırasını belirleyebilmelidir",1,1,1,1,1,1,1,0,1
"Her kohort sırasındaki ders için, Program Yöneticileri ve Hemşirelik Personeli, dersin hangi çeyrekte verileceğini belirleyebilmelidir",1,1,1,1,1,1,1,0,1
"Program Yöneticileri ve Hemşirelik Personeli, bir ders sırasına yeni ders ekleyebilmelidir",1,1,1,1,1,1,1,0,1
"Uygulama güncellemeleri, NFL sezonunun ortasında Çarşamba sabahı 03:00–06:00 CST arasında yapılmalıdır",1,1,1,1,1,1,1,0,1
"Yeni sistem sürümleri, her NFL sezonunun başında yayımlanmalıdır",1,1,1,1,1,1,1,0,1
"Sistem, Sync Matrix 1.0 ve Exercise Management Tool 1.0 uygulamalarından veri görüntüleyebilmelidir",1,1,1,1,1,1,1,0,1
"Sistem, etkinlikleri Sync Matrix 1.0 veya Exercise Management Tool 1.0 uygulamalarına geri bağlayabilmelidir",1,1,1,1,1,1,1,0,1
"Sistem, görüntülemeyi değiştirmeye izin vermelidir",1,1,1,1,1,1,1,0,1
"Sistem, egzersizdeki tüm etkinliklerin bir görünümünü sunmalıdır",1,1,1,1,1,1,1,0,1
"Sistem, verileri mekan ve anahtar etkinliklere göre filtreleyebilmelidir",1,1,1,1,1,1,1,0,1
"Sistem, bir kullanıcının zaman segmentlerini tanımlamasına izin vermelidir",1,1,1,1,1,1,1,0,1
"Sistem, yerel ve egzersiz zamanını ayrı saatlerde gösterebilmelidir",1,1,1,1,1,1,1,0,1
"Sistem, verilerin yenilenmesini duraklatma ve devam ettirme yeteneği sunmalıdır",1,1,1,1,1,1,1,0,1
"Sistem, etkinlik veya faaliyetin gerçek zamanına karşı varsayılan zaman için grafikler sağlamalıdır",1,1,1,1,1,1,1,0,1
"RFS sistemi, özellikle bütçe döneminde 7/24 kullanılabilir olmalıdır. Yıl boyunca %90, bütçe döneminde %98 kullanılabilir olmalıdır. %2 kullanılabilirlik, bildirilen durumdan 1 saat içinde sağlanacaktır",1,1,1,1,1,1,1,0,1
"Kullanıcı iş istasyonlarının %98’i uygulama öncesi minimum donanım gereksinimlerini karşılamalıdır. Minimum HDD alanı: 400MB",1,1,1,1,1,1,1,0,1
"Kullanıcı iş istasyonlarının %98’i uygulama öncesi minimum yazılım gereksinimlerini karşılamalıdır: IE 5.0, .NET Framework 1.1, IE Web Controls",1,1,1,1,1,1,1,0,1
"RFS sistemi, BDW ortamı ile kolayca arayüz oluşturabilmelidir. 7 veri dosyası, her yıl bütçe süreci başlamadan bir gün önce 3 saat içinde RFS sistemine yüklenecektir. Test dosyaları (7) yıl boyunca 5 kez yüklenecektir",1,1,1,1,1,1,1,0,1
"Gelir ve gider formüllerindeki değişiklikler, bütçe süreci başlamadan önce RFS sistemine uygulanmalıdır. Formüller alındıktan bir hafta içinde güncellenecek ve 2 hafta test için ayrılacaktır",1,1,1,1,1,1,1,0,1
"BDW’ye eklenen yeni şubeler/kompleksler/bölgeler ve gelir/gider hesapları, bütçe başlangıcı öncesinde RFS sistemine yansıtılmalıdır. Tüm varlıklar (Ekim sonu itibarıyla) yüklenmelidir",1,1,1,1,1,1,1,0,1
"Sadece yetkili kullanıcı RFS sistemine erişebilmelidir. Sadece UAS sisteminde var olan ve RFS sistemi rolüne atanmış kullanıcılar sisteme erişebilir",1,1,1,1,1,1,1,0,1
"Kullanıcı erişimi, rolüne verilen izinlerle sınırlı olmalıdır. Her PCG hiyerarşi seviyesine rol atanır ve kullanıcılar bu rollere atanır. RFS sistemi işlevselliği rol izinlerine bağlıdır",1,1,1,1,1,1,1,0,1
"Ürün, ENET Securities intranet sayfa standartlarına ve gereksinimlerine uymalıdır. Ürün görünümü ve hissiyatının %95’i uygulama öncesi onaylanmalıdır, kalan %5 bir ay içinde düzeltilip onaylanacaktır",1,1,1,1,1,1,1,0,1
"Intranet sayfaları, 800x600 ve üzeri çözünürlüklerde uygun şekilde görüntülenmelidir. Tüm sayfaların %95’inde doğru görünüm sağlanmalıdır, kalan %5 bir hafta içinde düzeltilmelidir",1,1,1,1,1,1,1,0,1
"Kullanıcılar, bütçelerini belirtilen süre içinde başarıyla tamamlamak için sistemi kolayca kullanabilmelidir. Ürün uygulanmadan önce bir haftalık eğitim ile kullanıcıların %98’i bütçeyi tamamlayacaktır",1,1,1,1,1,1,1,0,1
"Ürün arayüzü hızlı olmalıdır. Arayüz yanıt süresi %90’ında 2 saniyeyi geçmemelidir, kalan %10’unda 10 saniyeyi geçmemelidir",1,1,1,1,1,1,1,0,1
"Sistem, öncelikli iletişim aracı olarak kayıtlı e-posta adreslerini kullanacaktır",1,1,1,1,1,1,1,0,1
"Sistem, rutin iletişim için ilgili tarafları bilgilendirecektir (sunulacak dersler, programlar vb.)",1,1,1,1,1,1,1,0,1
"Sistem, kliniklerle ilgili değişikliklerde ilgili tarafları bilgilendirecektir (kapasite değişiklikleri, iptaller vb.)",1,1,1,1,1,1,1,0,1
"Sistem, derslerle ilgili değişikliklerde ilgili tarafları bilgilendirecektir (iptaller, ders detay değişiklikleri, çeyrek bazlı ders değişiklikleri vb.)",1,1,1,1,1,1,1,0,1


